INSERT INTO public."CheapHerder_product" (item_code, product_name, category, description, quantity, package_size, gross_weight, image_url) values ('398018959', ' Cheapest!!! 9oz & 12oz tumbler wine glasses Vacuum Insulated mug Stainless Steel Lowball with lid with straw 9oz/12oz kid mug cup', 'Packing Bottles', '1.We not only supply the best quality products, but also supply our the best service! The fast shipping and fast free shipping ! 2. We provide', '1  Piece', '15.0 * 8.0 * 8.0 ( cm )', '1.8 ( kg )', 'http://www.dhresource.com/0x0s/f2-albu-g1-M00-B3-07-rBVaGVoFVrCATMKYAAQQiCSp2w8305.jpg/cheapest-9oz-12oz-tumbler-wine-glasses-vacuum.jpg');
INSERT INTO public."CheapHerder_price" ( price_id, quantity, price ) values ( 1, 10, 5.70 );
INSERT INTO public."CheapHerder_product_price" ( item_code_id, price_id_id ) values ( '398018959', 1 );
INSERT INTO public."CheapHerder_price" ( price_id, quantity, price ) values ( 2, 25, 4.38 );
INSERT INTO public."CheapHerder_product_price" ( item_code_id, price_id_id ) values ( '398018959', 2 );
INSERT INTO public."CheapHerder_price" ( price_id, quantity, price ) values ( 3, 76, 3.99 );
INSERT INTO public."CheapHerder_product_price" ( item_code_id, price_id_id ) values ( '398018959', 3 );
INSERT INTO public."CheapHerder_price" ( price_id, quantity, price ) values ( 4, 150, 3.59 );
INSERT INTO public."CheapHerder_product_price" ( item_code_id, price_id_id ) values ( '398018959', 4 );
INSERT INTO public."CheapHerder_price" ( price_id, quantity, price ) values ( 5, 290, 3.46 );
INSERT INTO public."CheapHerder_product_price" ( item_code_id, price_id_id ) values ( '398018959', 5 );
INSERT INTO public."CheapHerder_price" ( price_id, quantity, price ) values ( 6, 1000, 3.31 );
INSERT INTO public."CheapHerder_product_price" ( item_code_id, price_id_id ) values ( '398018959', 6 );
INSERT INTO public."CheapHerder_product" (item_code, product_name, category, description, quantity, package_size, gross_weight, image_url) values ('397102353', ' 2017 new school spiral notebook Erasable Reusable Wirebound Notebook Diary book A5 paper Subject College Ruled custom logo (7)', 'Paper Products', '1.We not only supply the best quality products, but also supply our the best service! The fast shipping and fast free shipping ! 2. We provide worldwi', '1  Piece', '2.5 * 2.5 * 2.5 ( cm )', '1.15 ( kg )', 'http://www.dhresource.com/0x0s/f2-albu-g5-M00-6F-F4-rBVaJFmmaDeAL2znAACZ3l7n2Do700.jpg/2017-new-school-spiral-notebook-erasable.jpg');
INSERT INTO public."CheapHerder_price" ( price_id, quantity, price ) values ( 7, 6, 4.23 );
INSERT INTO public."CheapHerder_product_price" ( item_code_id, price_id_id ) values ( '397102353', 7 );
INSERT INTO public."CheapHerder_price" ( price_id, quantity, price ) values ( 8, 14, 3.51 );
INSERT INTO public."CheapHerder_product_price" ( item_code_id, price_id_id ) values ( '397102353', 8 );
INSERT INTO public."CheapHerder_price" ( price_id, quantity, price ) values ( 9, 49, 2.40 );
INSERT INTO public."CheapHerder_product_price" ( item_code_id, price_id_id ) values ( '397102353', 9 );
INSERT INTO public."CheapHerder_price" ( price_id, quantity, price ) values ( 10, 110, 1.82 );
INSERT INTO public."CheapHerder_product_price" ( item_code_id, price_id_id ) values ( '397102353', 10 );
INSERT INTO public."CheapHerder_price" ( price_id, quantity, price ) values ( 11, 182, 1.66 );
INSERT INTO public."CheapHerder_product_price" ( item_code_id, price_id_id ) values ( '397102353', 11 );
INSERT INTO public."CheapHerder_price" ( price_id, quantity, price ) values ( 12, 626, 1.60 );
INSERT INTO public."CheapHerder_product_price" ( item_code_id, price_id_id ) values ( '397102353', 12 );
INSERT INTO public."CheapHerder_product" (item_code, product_name, category, description, quantity, package_size, gross_weight, image_url) values ('405476864', ' Mail Bags phone bag PE white transparent plastic plastic bags a variety of specifications free shipping', 'Mail Bags', '1. Plastic varieties: HDPE; 2. Packaging level: inner packaging; 3. Supply type: can be customized; 4. Print LOGO: Yes;5.thickness:Red edge 5mm;', '1  Piece', '40.0 * 60.0 * 1.0 ( cm )', '0.005 ( kg )', 'http://www.dhresource.com/0x0s/f2-albu-g4-M00-AA-F9-rBVaEFnd2TGAZhPcAAHbgigwsYI060.jpg/mail-bags-phone-bag-pe-white-transparent.jpg');
INSERT INTO public."CheapHerder_price" ( price_id, quantity, price ) values ( 13, 100, 0.16 );
INSERT INTO public."CheapHerder_product_price" ( item_code_id, price_id_id ) values ( '405476864', 13 );
INSERT INTO public."CheapHerder_price" ( price_id, quantity, price ) values ( 14, 2058, 0.15 );
INSERT INTO public."CheapHerder_product_price" ( item_code_id, price_id_id ) values ( '405476864', 14 );
INSERT INTO public."CheapHerder_price" ( price_id, quantity, price ) values ( 15, 7108, 0.15 );
INSERT INTO public."CheapHerder_product_price" ( item_code_id, price_id_id ) values ( '405476864', 15 );
INSERT INTO public."CheapHerder_product" (item_code, product_name, category, description, quantity, package_size, gross_weight, image_url) values ('398207838', ' MEISTERSTUCK 163 BALLPOINT / ROLLER BALL / FOUNTAIN PENS BLACK AND SILVER/ GOLDEN MB GEM GERMANY BRAND SERIAL NUMBER AAA+ HIGH QUALITY', 'Fountain Pens', 'Type: Roller ball pen Brand: Jinhao Pen Condition: 100% New Refill: 9.8 cm lenght Cap: Push on type cap Color: 5 colors as picture show Weight: 36g approx./pc Length: 138mm approx./pc', '1  Piece', '20.0 * 10.0 * 5.0 ( cm )', '0.08 ( kg )', 'http://www.dhresource.com/0x0s/f2-albu-g5-M00-A2-73-rBVaJFjrVc6AXRb8AAHSzLtytOM306.jpg/meisterstuck-163-ballpoint-roller-ball-fountain.jpg');
INSERT INTO public."CheapHerder_price" ( price_id, quantity, price ) values ( 16, 1, 3.36 );
INSERT INTO public."CheapHerder_product_price" ( item_code_id, price_id_id ) values ( '398207838', 16 );
INSERT INTO public."CheapHerder_price" ( price_id, quantity, price ) values ( 17, 58, 3.06 );
INSERT INTO public."CheapHerder_product_price" ( item_code_id, price_id_id ) values ( '398207838', 17 );
INSERT INTO public."CheapHerder_price" ( price_id, quantity, price ) values ( 18, 200, 2.96 );
INSERT INTO public."CheapHerder_product_price" ( item_code_id, price_id_id ) values ( '398207838', 18 );
INSERT INTO public."CheapHerder_product" (item_code, product_name, category, description, quantity, package_size, gross_weight, image_url) values ('238501499', ' Clear White Pearl Plastic Poly Bags OPP Packing Zipper Lock Package Accessories PVC Retail Boxes Hand Hole for USB iPhone Samsung Cell Phone', 'Packing Bags', 'Phone Accesorries 10*18cm for iPhone 4 4S 4G 5 5G 5C 5S phone USB Cable 11*19cm for iPhone 6 4.7 inch 12*20cm for iPhone 6 Plus 5.5 inch Samsung Note 4 Gaxaly S6 S5 iphone USB Cable plastic bags poly bags cell phone Micro USB Cable All sizes 6*10 7.5*12 8*14 8.5*16 10.5*15 10*18 11*18 12*20 12*29 13*21 15*21 16*24 for phone case cables charger and so on', '1 Lot  (500 Piece/Lot)', '1.0 * 1.0 * 1.0 ( cm )', '1.5 ( kg )', 'http://www.dhresource.com/0x0s/f2-albu-g3-M00-F6-C1-rBVaHFVKNuqAS1NHAAECi2qty6k803.jpg/clear-white-pearl-plastic-poly-bags-opp-packing.jpg');
INSERT INTO public."CheapHerder_price" ( price_id, quantity, price ) values ( 19, 1, 32.69 );
INSERT INTO public."CheapHerder_product_price" ( item_code_id, price_id_id ) values ( '238501499', 19 );
INSERT INTO public."CheapHerder_price" ( price_id, quantity, price ) values ( 20, 2, 28.77 );
INSERT INTO public."CheapHerder_product_price" ( item_code_id, price_id_id ) values ( '238501499', 20 );
INSERT INTO public."CheapHerder_price" ( price_id, quantity, price ) values ( 21, 10, 25.17 );
INSERT INTO public."CheapHerder_product_price" ( item_code_id, price_id_id ) values ( '238501499', 21 );
INSERT INTO public."CheapHerder_price" ( price_id, quantity, price ) values ( 22, 14, 22.94 );
INSERT INTO public."CheapHerder_product_price" ( item_code_id, price_id_id ) values ( '238501499', 22 );
INSERT INTO public."CheapHerder_price" ( price_id, quantity, price ) values ( 23, 20, 22.05 );
INSERT INTO public."CheapHerder_product_price" ( item_code_id, price_id_id ) values ( '238501499', 23 );
INSERT INTO public."CheapHerder_price" ( price_id, quantity, price ) values ( 24, 48, 21.27 );
INSERT INTO public."CheapHerder_product_price" ( item_code_id, price_id_id ) values ( '238501499', 24 );
INSERT INTO public."CheapHerder_product" (item_code, product_name, category, description, quantity, package_size, gross_weight, image_url) values ('257410741', ' Best Quality Clear + white pearl Plastic Poly OPP packing zipper Zip lock Retail Packages Jewelry food PVC plastic bag many size available', 'Packing Bags', '* Industrial Use: USB Cables, Battery , or Mobile Phone Bags & Cases * Plastic Type: PP * Color: Front is clear, Back is white * Status: In Stock * Sales Way: Wholesale * Surface Handling: Hot Stamping * Sealing & Handle: Bag With Valve * Plastic bags only. Phone and other accessories not included.', '1  Piece', '64.0 * 58.0 * 45.0 ( cm )', '0.06 ( kg )', 'http://www.dhresource.com/0x0s/f2-albu-g3-M01-E3-0D-rBVaHFYE1C-AM5BkAALVMs6eEpg730.jpg/best-quality-clear-white-pearl-plastic-poly.jpg');
INSERT INTO public."CheapHerder_price" ( price_id, quantity, price ) values ( 25, 1000, 0.05 );
INSERT INTO public."CheapHerder_product_price" ( item_code_id, price_id_id ) values ( '257410741', 25 );
INSERT INTO public."CheapHerder_price" ( price_id, quantity, price ) values ( 26, 7200, 0.05 );
INSERT INTO public."CheapHerder_product_price" ( item_code_id, price_id_id ) values ( '257410741', 26 );
INSERT INTO public."CheapHerder_price" ( price_id, quantity, price ) values ( 27, 10000, 0.04 );
INSERT INTO public."CheapHerder_product_price" ( item_code_id, price_id_id ) values ( '257410741', 27 );
INSERT INTO public."CheapHerder_price" ( price_id, quantity, price ) values ( 28, 33167, 0.04 );
INSERT INTO public."CheapHerder_product_price" ( item_code_id, price_id_id ) values ( '257410741', 28 );
INSERT INTO public."CheapHerder_product" (item_code, product_name, category, description, quantity, package_size, gross_weight, image_url) values ('263592451', ' Bubble Cushioned Bubble Bag/Bubble Pouches Cushioning Wrap Bags 150 x 200mm Free Shipping 200pcs', 'Bubble Cushioning Wrap', 'Bubble cushioned mailer/air bubble bag Other size 150 x 200mm,80 x 100mm,100 x 150mm,100 x 200mm,130 x 150mm,130 x 200mm,130 x 250mm,180 x 200mm,150 x 250mm,170 x 250mm,150 x 300mm,200 x 250mm,180 x 300mm,280 x 300mm,300 x 400mm,400 x 450mm,400 x 500mm', '1 Lot  (200 Piece/Lot)', '21.0 * 21.0 * 16.0 ( cm )', '0.3 ( kg )', 'http://www.dhresource.com/0x0s/f2-albu-g5-M01-05-A0-rBVaJFhjGuCAQPhgAAFmhxu7Qn8920.jpg/bubble-cushioned-bubble-bag-bubble-pouches.jpg');
INSERT INTO public."CheapHerder_price" ( price_id, quantity, price ) values ( 29, 1, 17.15 );
INSERT INTO public."CheapHerder_product_price" ( item_code_id, price_id_id ) values ( '263592451', 29 );
INSERT INTO public."CheapHerder_price" ( price_id, quantity, price ) values ( 30, 20, 15.63 );
INSERT INTO public."CheapHerder_product_price" ( item_code_id, price_id_id ) values ( '263592451', 30 );
INSERT INTO public."CheapHerder_price" ( price_id, quantity, price ) values ( 31, 67, 15.08 );
INSERT INTO public."CheapHerder_product_price" ( item_code_id, price_id_id ) values ( '263592451', 31 );
INSERT INTO public."CheapHerder_product" (item_code, product_name, category, description, quantity, package_size, gross_weight, image_url) values ('397715274', ' Luxury MT pen W texture Silver metal pen stationary supplies ballpoint pen for gifts with serial number', 'Ballpoint Pens', 'Luxury M pen Silver wave surface metal silver color high quality Stationery pen for gifts free shipping', '1  Piece', '20.0 * 15.0 * 6.0 ( cm )', '0.1 ( kg )', 'http://www.dhresource.com/0x0s/f2-albu-g5-M00-FF-33-rBVaI1jaJxKAQoAOAA_p-wqZq-E925.jpg/luxury-mt-pen-w-texture-silver-metal-pen.jpg');
INSERT INTO public."CheapHerder_price" ( price_id, quantity, price ) values ( 32, 1, 13.95 );
INSERT INTO public."CheapHerder_product_price" ( item_code_id, price_id_id ) values ( '397715274', 32 );
INSERT INTO public."CheapHerder_price" ( price_id, quantity, price ) values ( 33, 2, 13.52 );
INSERT INTO public."CheapHerder_product_price" ( item_code_id, price_id_id ) values ( '397715274', 33 );
INSERT INTO public."CheapHerder_price" ( price_id, quantity, price ) values ( 34, 5, 13.39 );
INSERT INTO public."CheapHerder_product_price" ( item_code_id, price_id_id ) values ( '397715274', 34 );
INSERT INTO public."CheapHerder_price" ( price_id, quantity, price ) values ( 35, 25, 12.20 );
INSERT INTO public."CheapHerder_product_price" ( item_code_id, price_id_id ) values ( '397715274', 35 );
INSERT INTO public."CheapHerder_price" ( price_id, quantity, price ) values ( 36, 85, 11.77 );
INSERT INTO public."CheapHerder_product_price" ( item_code_id, price_id_id ) values ( '397715274', 36 );
INSERT INTO public."CheapHerder_product" (item_code, product_name, category, description, quantity, package_size, gross_weight, image_url) values ('393883453', ' Free shpping 200pcs Strong Rare magnets Earth Round NdFeb Neodymium Magnet N50 Dia12x0.8mm super powerful wholesale', 'Magnets', 'Free shpping 200pcs Strong Rare magnets Earth Round NdFeb Neodymium Magnet N50 Dia12x0.8mm super powerful wholesale', '1 Lot  (200 Piece/Lot)', '20.0 * 20.0 * 15.0 ( cm )', '0.1 ( kg )', 'http://www.dhresource.com/0x0s/f2-albu-g5-M01-DB-47-rBVaJFhBDwmASjRPAAMxTiuRmQs484.jpg/free-shpping-200pcs-strong-rare-magnets-earth.jpg');
INSERT INTO public."CheapHerder_price" ( price_id, quantity, price ) values ( 37, 1, 7.68 );
INSERT INTO public."CheapHerder_product_price" ( item_code_id, price_id_id ) values ( '393883453', 37 );
INSERT INTO public."CheapHerder_price" ( price_id, quantity, price ) values ( 38, 43, 7.00 );
INSERT INTO public."CheapHerder_product_price" ( item_code_id, price_id_id ) values ( '393883453', 38 );
INSERT INTO public."CheapHerder_price" ( price_id, quantity, price ) values ( 39, 149, 6.76 );
INSERT INTO public."CheapHerder_product_price" ( item_code_id, price_id_id ) values ( '393883453', 39 );
INSERT INTO public."CheapHerder_product" (item_code, product_name, category, description, quantity, package_size, gross_weight, image_url) values ('404099190', ' Dummy Camera Home Security Fake Simulated video Surveillance indoor/outdoor Dummy Led Dome Camera Signal Generator Electrical SF66', 'Signal Generators', 'Product Name:Fake dome security cameras, Color:As picture, Material:As picture, High Quality With Reasonable Price.You can choose your like ,don''t hesitate and buy now !', '1  Piece', '30.0 * 30.0 * 30.0 ( cm )', '2.0 ( kg )', 'http://www.dhresource.com/0x0s/f2-albu-g5-M01-52-37-rBVaI1mmZuGAKh9tAAQ8ikKOsI8700.jpg/dummy-camera-home-security-fake-simulated.jpg');
INSERT INTO public."CheapHerder_price" ( price_id, quantity, price ) values ( 40, 100, 2.38 );
INSERT INTO public."CheapHerder_product_price" ( item_code_id, price_id_id ) values ( '404099190', 40 );
INSERT INTO public."CheapHerder_price" ( price_id, quantity, price ) values ( 41, 139, 2.17 );
INSERT INTO public."CheapHerder_product_price" ( item_code_id, price_id_id ) values ( '404099190', 41 );
INSERT INTO public."CheapHerder_price" ( price_id, quantity, price ) values ( 42, 200, 2.16 );
INSERT INTO public."CheapHerder_product_price" ( item_code_id, price_id_id ) values ( '404099190', 42 );
INSERT INTO public."CheapHerder_price" ( price_id, quantity, price ) values ( 43, 481, 2.09 );
INSERT INTO public."CheapHerder_product_price" ( item_code_id, price_id_id ) values ( '404099190', 43 );
INSERT INTO public."CheapHerder_price" ( price_id, quantity, price ) values ( 44, 500, 2.08 );
INSERT INTO public."CheapHerder_product_price" ( item_code_id, price_id_id ) values ( '404099190', 44 );
INSERT INTO public."CheapHerder_price" ( price_id, quantity, price ) values ( 45, 1000, 2.05 );
INSERT INTO public."CheapHerder_product_price" ( item_code_id, price_id_id ) values ( '404099190', 45 );
INSERT INTO public."CheapHerder_product" (item_code, product_name, category, description, quantity, package_size, gross_weight, image_url) values ('400685032', ' Luxury black resin roller ball-point pen monte pen fashion stationery school office supplies writing brand pen', 'Ballpoint Pens', 'Pen is a powerful means of mankind for inheritance of civilizations, recordation of thoughts and communication of feelings. Nowadays the pen has exceeded the writing function itself. To possess a pen with integrity of quality and perfect design becomes a symbol of nobility. Unique design and 100% Brand New! CAUTION !BECAUSE THE FREIGHT COST IS TOO HIGH WE don''t PROVIDE THE GIFT BOX WITH THIS PRODUCT !', '1  Piece', '25.0 * 15.0 * 5.0 ( cm )', '0.08 ( kg )', 'http://www.dhresource.com/0x0s/f2-albu-g5-M00-F5-D3-rBVaI1k4HOqAH5mdAACQCwZDI3Y938.jpg/luxury-black-resin-roller-ball-point-pen.jpg');
INSERT INTO public."CheapHerder_price" ( price_id, quantity, price ) values ( 46, 1, 7.43 );
INSERT INTO public."CheapHerder_product_price" ( item_code_id, price_id_id ) values ( '400685032', 46 );
INSERT INTO public."CheapHerder_price" ( price_id, quantity, price ) values ( 47, 2, 7.06 );
INSERT INTO public."CheapHerder_product_price" ( item_code_id, price_id_id ) values ( '400685032', 47 );
INSERT INTO public."CheapHerder_price" ( price_id, quantity, price ) values ( 48, 31, 6.44 );
INSERT INTO public."CheapHerder_product_price" ( item_code_id, price_id_id ) values ( '400685032', 48 );
INSERT INTO public."CheapHerder_price" ( price_id, quantity, price ) values ( 49, 105, 6.21 );
INSERT INTO public."CheapHerder_product_price" ( item_code_id, price_id_id ) values ( '400685032', 49 );
INSERT INTO public."CheapHerder_product" (item_code, product_name, category, description, quantity, package_size, gross_weight, image_url) values ('394642995', ' Universal paper bags Small Kraft Bubble Mailer Padded Envelopes Bags Mailers Self Sealing Shipping Package Pack box 50pcs', 'Mail Bags', 'Sizes: 110x130mm-->90X130mm / 3.5 x 5.1" 130x180mm-->110x180mm / 4.3 x 7.1'' 150x180mm-->130x180mm / 5.1 x 7.1'' 200x210mm-->180x210mm / 7.1'' x 8.3''', '1  Piece', '30.0 * 30.0 * 30.0 ( cm )', '1.5 ( kg )', 'http://www.dhresource.com/0x0s/f2-albu-g5-M00-81-30-rBVaI1hY6H-AL4imAAYiXF4cNH0784.jpg/universal-paper-bags-small-kraft-bubble-mailer.jpg');
INSERT INTO public."CheapHerder_price" ( price_id, quantity, price ) values ( 50, 50, 0.20 );
INSERT INTO public."CheapHerder_product_price" ( item_code_id, price_id_id ) values ( '394642995', 50 );
INSERT INTO public."CheapHerder_price" ( price_id, quantity, price ) values ( 51, 200, 0.19 );
INSERT INTO public."CheapHerder_product_price" ( item_code_id, price_id_id ) values ( '394642995', 51 );
INSERT INTO public."CheapHerder_price" ( price_id, quantity, price ) values ( 52, 400, 0.19 );
INSERT INTO public."CheapHerder_product_price" ( item_code_id, price_id_id ) values ( '394642995', 52 );
INSERT INTO public."CheapHerder_price" ( price_id, quantity, price ) values ( 53, 600, 0.18 );
INSERT INTO public."CheapHerder_product_price" ( item_code_id, price_id_id ) values ( '394642995', 53 );
INSERT INTO public."CheapHerder_price" ( price_id, quantity, price ) values ( 54, 1800, 0.16 );
INSERT INTO public."CheapHerder_product_price" ( item_code_id, price_id_id ) values ( '394642995', 54 );
INSERT INTO public."CheapHerder_price" ( price_id, quantity, price ) values ( 55, 6219, 0.16 );
INSERT INTO public."CheapHerder_product_price" ( item_code_id, price_id_id ) values ( '394642995', 55 );
INSERT INTO public."CheapHerder_product" (item_code, product_name, category, description, quantity, package_size, gross_weight, image_url) values ('399785101', ' Retail 200Pcs/Lot Black Open Top Aluminum Foil Package Bags Vacuum Storage Food Pack Bags Heat Seal Mylar Packaging Bag', 'Packing Bags', 'Retail 200Pcs/Lot Black Open Top Aluminum Foil Package Bags Vacuum Storage Food Pack Bags Heat Seal Mylar Packaging Bag', '1 Lot  (200 Piece/Lot)', '25.0 * 10.0 * 5.0 ( cm )', '0.5 ( kg )', 'http://www.dhresource.com/0x0s/f2-albu-g5-M00-E5-6F-rBVaJFkcLkqAAUQXAAP3-V_97KQ219.jpg/retail-200pcs-lot-black-open-top-aluminum.jpg');
INSERT INTO public."CheapHerder_price" ( price_id, quantity, price ) values ( 56, 1, 11.43 );
INSERT INTO public."CheapHerder_product_price" ( item_code_id, price_id_id ) values ( '399785101', 56 );
INSERT INTO public."CheapHerder_price" ( price_id, quantity, price ) values ( 57, 3, 10.29 );
INSERT INTO public."CheapHerder_product_price" ( item_code_id, price_id_id ) values ( '399785101', 57 );
INSERT INTO public."CheapHerder_price" ( price_id, quantity, price ) values ( 58, 10, 9.15 );
INSERT INTO public."CheapHerder_product_price" ( item_code_id, price_id_id ) values ( '399785101', 58 );
INSERT INTO public."CheapHerder_price" ( price_id, quantity, price ) values ( 59, 36, 8.34 );
INSERT INTO public."CheapHerder_product_price" ( item_code_id, price_id_id ) values ( '399785101', 59 );
INSERT INTO public."CheapHerder_price" ( price_id, quantity, price ) values ( 60, 125, 8.05 );
INSERT INTO public."CheapHerder_product_price" ( item_code_id, price_id_id ) values ( '399785101', 60 );
INSERT INTO public."CheapHerder_product" (item_code, product_name, category, description, quantity, package_size, gross_weight, image_url) values ('388024486', ' Touch Brush markers pen professional 2 heads painted touch 5th markers pens free bag designs Drawing painting art pens brush 168 colors gift', 'Markers', 'High quality ; Competitive price ; Fast shipping; Drop shipping available;Best and Timely Service;100% Satisfaction ; GREAT QUALITY + FAST SHIPPING + ENTHUSIASTIC SERVICE = 100% SATISFACTION', '1 Lot  (30 Piece/Lot)', '44.0 * 33.0 * 42.0 ( cm )', '0.8 ( kg )', 'http://www.dhresource.com/0x0s/f2-albu-g4-M01-9E-EB-rBVaEFeO9-SAZXxYAACWfLJOtTE623.jpg/touch-brush-markers-pen-professional-2-heads.jpg');
INSERT INTO public."CheapHerder_price" ( price_id, quantity, price ) values ( 61, 1, 30.18 );
INSERT INTO public."CheapHerder_product_price" ( item_code_id, price_id_id ) values ( '388024486', 61 );
INSERT INTO public."CheapHerder_price" ( price_id, quantity, price ) values ( 62, 3, 27.16 );
INSERT INTO public."CheapHerder_product_price" ( item_code_id, price_id_id ) values ( '388024486', 62 );
INSERT INTO public."CheapHerder_price" ( price_id, quantity, price ) values ( 63, 8, 24.14 );
INSERT INTO public."CheapHerder_product_price" ( item_code_id, price_id_id ) values ( '388024486', 63 );
INSERT INTO public."CheapHerder_price" ( price_id, quantity, price ) values ( 64, 12, 22.00 );
INSERT INTO public."CheapHerder_product_price" ( item_code_id, price_id_id ) values ( '388024486', 64 );
INSERT INTO public."CheapHerder_price" ( price_id, quantity, price ) values ( 65, 24, 17.42 );
INSERT INTO public."CheapHerder_product_price" ( item_code_id, price_id_id ) values ( '388024486', 65 );
INSERT INTO public."CheapHerder_price" ( price_id, quantity, price ) values ( 66, 53, 16.81 );
INSERT INTO public."CheapHerder_product_price" ( item_code_id, price_id_id ) values ( '388024486', 66 );
INSERT INTO public."CheapHerder_product" (item_code, product_name, category, description, quantity, package_size, gross_weight, image_url) values ('214915170', ' luxury AAA+ Marker M Brand pen Box with The papers Manual book , Pen box for mb pen , wood box', 'Pencil Cases', 'Please don''t hesitate to contact us if you have any questions or concerns before or after your purchase. We are committed to your 100% satisfaction.', '1  Piece', '20.0 * 15.0 * 5.0 ( cm )', '0.29 ( kg )', 'http://www.dhresource.com/0x0s/f2-albu-g4-M01-D6-55-rBVaEFmPnkeAJbp6AAGPf5Kfp_M221.jpg/luxury-aaa-marker-m-brand-pen-box-with-the.jpg');
INSERT INTO public."CheapHerder_price" ( price_id, quantity, price ) values ( 67, 1, 13.72 );
INSERT INTO public."CheapHerder_product_price" ( item_code_id, price_id_id ) values ( '214915170', 67 );
INSERT INTO public."CheapHerder_price" ( price_id, quantity, price ) values ( 68, 3, 13.30 );
INSERT INTO public."CheapHerder_product_price" ( item_code_id, price_id_id ) values ( '214915170', 68 );
INSERT INTO public."CheapHerder_price" ( price_id, quantity, price ) values ( 69, 5, 13.03 );
INSERT INTO public."CheapHerder_product_price" ( item_code_id, price_id_id ) values ( '214915170', 69 );
INSERT INTO public."CheapHerder_price" ( price_id, quantity, price ) values ( 70, 10, 12.34 );
INSERT INTO public."CheapHerder_product_price" ( item_code_id, price_id_id ) values ( '214915170', 70 );
INSERT INTO public."CheapHerder_price" ( price_id, quantity, price ) values ( 71, 22, 11.26 );
INSERT INTO public."CheapHerder_product_price" ( item_code_id, price_id_id ) values ( '214915170', 71 );
INSERT INTO public."CheapHerder_price" ( price_id, quantity, price ) values ( 72, 74, 10.86 );
INSERT INTO public."CheapHerder_product_price" ( item_code_id, price_id_id ) values ( '214915170', 72 );
INSERT INTO public."CheapHerder_product" (item_code, product_name, category, description, quantity, package_size, gross_weight, image_url) values ('395870774', ' Free Shipping High quality Crystal top mb-sw black and silver Circle Cove rollerball pen, office Luxury pens with series number', 'Ballpoint Pens', 'Please don''t hesitate to contact us if you have any questions or concerns before or after your purchase. We are committed to your 100% satisfaction.', '1  Piece', '20.0 * 10.0 * 5.0 ( cm )', '0.1 ( kg )', 'http://www.dhresource.com/0x0s/f2-albu-g4-M00-98-4F-rBVaEVmie_aAKYsfAAGDLEr2oSE774.jpg/high-quality-crystal-top-mb-sw-black-and.jpg');
INSERT INTO public."CheapHerder_price" ( price_id, quantity, price ) values ( 73, 1, 8.23 );
INSERT INTO public."CheapHerder_product_price" ( item_code_id, price_id_id ) values ( '395870774', 73 );
INSERT INTO public."CheapHerder_price" ( price_id, quantity, price ) values ( 74, 5, 7.82 );
INSERT INTO public."CheapHerder_product_price" ( item_code_id, price_id_id ) values ( '395870774', 74 );
INSERT INTO public."CheapHerder_price" ( price_id, quantity, price ) values ( 75, 10, 7.52 );
INSERT INTO public."CheapHerder_product_price" ( item_code_id, price_id_id ) values ( '395870774', 75 );
INSERT INTO public."CheapHerder_price" ( price_id, quantity, price ) values ( 76, 20, 7.32 );
INSERT INTO public."CheapHerder_product_price" ( item_code_id, price_id_id ) values ( '395870774', 76 );
INSERT INTO public."CheapHerder_price" ( price_id, quantity, price ) values ( 77, 36, 6.67 );
INSERT INTO public."CheapHerder_product_price" ( item_code_id, price_id_id ) values ( '395870774', 77 );
INSERT INTO public."CheapHerder_price" ( price_id, quantity, price ) values ( 78, 125, 6.44 );
INSERT INTO public."CheapHerder_product_price" ( item_code_id, price_id_id ) values ( '395870774', 78 );
INSERT INTO public."CheapHerder_product" (item_code, product_name, category, description, quantity, package_size, gross_weight, image_url) values ('402884559', ' Hemingway Signature Orange/Black Ballpoint Pen Smart Looking Collection Pen', 'Ballpoint Pens', '0.5MM WRTING POINT BLACK INK', '1  Piece', '10.0 * 10.0 * 10.0 ( cm )', '0.1 ( kg )', 'http://www.dhresource.com/0x0s/f2-albu-g5-M00-E9-E9-rBVaJFl-xZOAZXdqAAG1y6nTdXA829.jpg/hemingway-signature-orange-black-ballpoint.jpg');
INSERT INTO public."CheapHerder_price" ( price_id, quantity, price ) values ( 79, 1, 12.58 );
INSERT INTO public."CheapHerder_product_price" ( item_code_id, price_id_id ) values ( '402884559', 79 );
INSERT INTO public."CheapHerder_price" ( price_id, quantity, price ) values ( 80, 12, 11.95 );
INSERT INTO public."CheapHerder_product_price" ( item_code_id, price_id_id ) values ( '402884559', 80 );
INSERT INTO public."CheapHerder_price" ( price_id, quantity, price ) values ( 81, 28, 10.89 );
INSERT INTO public."CheapHerder_product_price" ( item_code_id, price_id_id ) values ( '402884559', 81 );
INSERT INTO public."CheapHerder_price" ( price_id, quantity, price ) values ( 82, 96, 10.51 );
INSERT INTO public."CheapHerder_product_price" ( item_code_id, price_id_id ) values ( '402884559', 82 );
INSERT INTO public."CheapHerder_product" (item_code, product_name, category, description, quantity, package_size, gross_weight, image_url) values ('398584430', ' Wholesale - Top AAA quality MB-163 Meisterstucks Black resin Ballpoint/Rollerball pen classique stationary supplies free', 'Ballpoint Pens', 'we are China factory that supply all kind of brand pen,Mb pen,welcome to visit and shipping,support wholesale,best price with high quality', '1  Piece', '20.0 * 15.0 * 6.0 ( cm )', '0.3 ( kg )', 'http://www.dhresource.com/0x0s/f2-albu-g5-M01-0A-23-rBVaI1j2yl2AZg4PAAFxsJWbDvM911.jpg/wholesale-top-aaa-quality-mb-163-meisterstucks.jpg');
INSERT INTO public."CheapHerder_price" ( price_id, quantity, price ) values ( 83, 1, 14.24 );
INSERT INTO public."CheapHerder_product_price" ( item_code_id, price_id_id ) values ( '398584430', 83 );
INSERT INTO public."CheapHerder_price" ( price_id, quantity, price ) values ( 84, 2, 13.53 );
INSERT INTO public."CheapHerder_product_price" ( item_code_id, price_id_id ) values ( '398584430', 84 );
INSERT INTO public."CheapHerder_price" ( price_id, quantity, price ) values ( 85, 5, 13.10 );
INSERT INTO public."CheapHerder_product_price" ( item_code_id, price_id_id ) values ( '398584430', 85 );
INSERT INTO public."CheapHerder_price" ( price_id, quantity, price ) values ( 86, 10, 12.53 );
INSERT INTO public."CheapHerder_product_price" ( item_code_id, price_id_id ) values ( '398584430', 86 );
INSERT INTO public."CheapHerder_price" ( price_id, quantity, price ) values ( 87, 24, 11.43 );
INSERT INTO public."CheapHerder_product_price" ( item_code_id, price_id_id ) values ( '398584430', 87 );
INSERT INTO public."CheapHerder_price" ( price_id, quantity, price ) values ( 88, 81, 11.03 );
INSERT INTO public."CheapHerder_product_price" ( item_code_id, price_id_id ) values ( '398584430', 88 );
INSERT INTO public."CheapHerder_product" (item_code, product_name, category, description, quantity, package_size, gross_weight, image_url) values ('406028213', ' 2017 Classic Mini TV Handheld Game Console Video Game Console For Nes Games with 500 Different Built-in Games PAL&NTSC; With Retail Box', 'Instrument Parts & Accessories', 'Lowest Price!Top Quality! Welcome to Retail and Wholesale! Professional seller Quality is the first with best service,Customer is the first !', '1  Piece', '10.0 * 10.0 * 8.0 ( cm )', '0.8 ( kg )', 'http://www.dhresource.com/0x0s/f2-albu-g3-M00-A1-37-rBVaHVn5JhWAVs4CAAFWul-NfBY116.jpg/2017-classic-mini-tv-handheld-game-console.jpg');
INSERT INTO public."CheapHerder_price" ( price_id, quantity, price ) values ( 89, 5, 24.35 );
INSERT INTO public."CheapHerder_product_price" ( item_code_id, price_id_id ) values ( '406028213', 89 );
INSERT INTO public."CheapHerder_price" ( price_id, quantity, price ) values ( 90, 14, 22.19 );
INSERT INTO public."CheapHerder_product_price" ( item_code_id, price_id_id ) values ( '406028213', 90 );
INSERT INTO public."CheapHerder_price" ( price_id, quantity, price ) values ( 91, 47, 21.41 );
INSERT INTO public."CheapHerder_product_price" ( item_code_id, price_id_id ) values ( '406028213', 91 );
INSERT INTO public."CheapHerder_product" (item_code, product_name, category, description, quantity, package_size, gross_weight, image_url) values ('399502047', ' NEW Black Wth Rose Golden Clip M Nib Fountain Pen', 'Fountain Pens', 'Pen Condition: 100% New writing: smooth', '1  Piece', '17.0 * 15.0 * 5.0 ( cm )', '0.05 ( kg )', 'http://www.dhresource.com/0x0s/f2-albu-g5-M00-4F-34-rBVaJFkUFLSAaNNPAALNTtbTpvI070.jpg/new-black-wth-rose-golden-clip-m-nib-fountain.jpg');
INSERT INTO public."CheapHerder_price" ( price_id, quantity, price ) values ( 92, 1, 5.71 );
INSERT INTO public."CheapHerder_product_price" ( item_code_id, price_id_id ) values ( '399502047', 92 );
INSERT INTO public."CheapHerder_price" ( price_id, quantity, price ) values ( 93, 58, 5.20 );
INSERT INTO public."CheapHerder_product_price" ( item_code_id, price_id_id ) values ( '399502047', 93 );
INSERT INTO public."CheapHerder_price" ( price_id, quantity, price ) values ( 94, 200, 5.02 );
INSERT INTO public."CheapHerder_product_price" ( item_code_id, price_id_id ) values ( '399502047', 94 );
INSERT INTO public."CheapHerder_product" (item_code, product_name, category, description, quantity, package_size, gross_weight, image_url) values ('398304644', ' New 164 Wine Red Burgundy Gold-Coated Classique Rollerball Pen high qualit ballpoint pen for gifts', 'Ballpoint Pens', '1.single pen weight:235g 2.Material:metal and resin 3. pen color: wine red 4. ink color: black 5. refill:0.7mm mb standard refill', '1  Piece', '15.0 * 10.0 * 8.0 ( cm )', '0.09 ( kg )', 'http://www.dhresource.com/0x0s/f2-albu-g5-M01-86-D1-rBVaJFjt_RqAHYEnAAKXPrgfYqk283.jpg/new-164-wine-red-burgundy-gold-coated-classique.jpg');
INSERT INTO public."CheapHerder_price" ( price_id, quantity, price ) values ( 95, 1, 13.43 );
INSERT INTO public."CheapHerder_product_price" ( item_code_id, price_id_id ) values ( '398304644', 95 );
INSERT INTO public."CheapHerder_price" ( price_id, quantity, price ) values ( 96, 2, 12.76 );
INSERT INTO public."CheapHerder_product_price" ( item_code_id, price_id_id ) values ( '398304644', 96 );
INSERT INTO public."CheapHerder_price" ( price_id, quantity, price ) values ( 97, 26, 11.63 );
INSERT INTO public."CheapHerder_product_price" ( item_code_id, price_id_id ) values ( '398304644', 97 );
INSERT INTO public."CheapHerder_price" ( price_id, quantity, price ) values ( 98, 90, 11.22 );
INSERT INTO public."CheapHerder_product_price" ( item_code_id, price_id_id ) values ( '398304644', 98 );
INSERT INTO public."CheapHerder_product" (item_code, product_name, category, description, quantity, package_size, gross_weight, image_url) values ('405131863', ' High quality, Mitutoyo digital caliper 0-150mm', 'Vernier Calipers', 'free shipping ,Mechanical special,High precision', '1  Piece', '17.0 * 15.0 * 10.0 ( cm )', '0.5 ( kg )', 'http://www.dhresource.com/0x0s/f2-albu-g4-M00-1B-14-rBVaEFnLjD2AX42sAADxdt3gS8Y415.jpg/high-quality-mitutoyo-digital-caliper-0-150mm.jpg');
INSERT INTO public."CheapHerder_price" ( price_id, quantity, price ) values ( 99, 1, 31.73 );
INSERT INTO public."CheapHerder_product_price" ( item_code_id, price_id_id ) values ( '405131863', 99 );
INSERT INTO public."CheapHerder_price" ( price_id, quantity, price ) values ( 100, 2, 31.44 );
INSERT INTO public."CheapHerder_product_price" ( item_code_id, price_id_id ) values ( '405131863', 100 );
INSERT INTO public."CheapHerder_price" ( price_id, quantity, price ) values ( 101, 5, 30.87 );
INSERT INTO public."CheapHerder_product_price" ( item_code_id, price_id_id ) values ( '405131863', 101 );
INSERT INTO public."CheapHerder_price" ( price_id, quantity, price ) values ( 102, 11, 28.14 );
INSERT INTO public."CheapHerder_product_price" ( item_code_id, price_id_id ) values ( '405131863', 102 );
INSERT INTO public."CheapHerder_price" ( price_id, quantity, price ) values ( 103, 37, 27.15 );
INSERT INTO public."CheapHerder_product_price" ( item_code_id, price_id_id ) values ( '405131863', 103 );
INSERT INTO public."CheapHerder_product" (item_code, product_name, category, description, quantity, package_size, gross_weight, image_url) values ('398722281', ' USA Practicing Props Paper Money Collection Latest $100 Bank Training Learning Banknotes Teaching Money Childre Gift 50Pcs', 'Other Office & School Supplies', 'Board Game Money Prop, For Education/bank staff training paper For monopaly game, Use as Joke props, Use for home teaching, Coin Collection Album', '1  Set', '16.0 * 7.0 * 2.0 ( cm )', '0.05 ( kg )', 'http://www.dhresource.com/0x0s/f2-albu-g5-M01-33-1D-rBVaI1j63seAASREAAjoDepZbHo584.jpg/usa-practicing-props-paper-money-collection.jpg');
INSERT INTO public."CheapHerder_price" ( price_id, quantity, price ) values ( 104, 1, 4.01 );
INSERT INTO public."CheapHerder_product_price" ( item_code_id, price_id_id ) values ( '398722281', 104 );
INSERT INTO public."CheapHerder_price" ( price_id, quantity, price ) values ( 105, 2, 2.93 );
INSERT INTO public."CheapHerder_product_price" ( item_code_id, price_id_id ) values ( '398722281', 105 );
INSERT INTO public."CheapHerder_price" ( price_id, quantity, price ) values ( 106, 5, 2.60 );
INSERT INTO public."CheapHerder_product_price" ( item_code_id, price_id_id ) values ( '398722281', 106 );
INSERT INTO public."CheapHerder_price" ( price_id, quantity, price ) values ( 107, 10, 2.17 );
INSERT INTO public."CheapHerder_product_price" ( item_code_id, price_id_id ) values ( '398722281', 107 );
INSERT INTO public."CheapHerder_price" ( price_id, quantity, price ) values ( 108, 145, 1.98 );
INSERT INTO public."CheapHerder_product_price" ( item_code_id, price_id_id ) values ( '398722281', 108 );
INSERT INTO public."CheapHerder_price" ( price_id, quantity, price ) values ( 109, 500, 1.90 );
INSERT INTO public."CheapHerder_product_price" ( item_code_id, price_id_id ) values ( '398722281', 109 );
INSERT INTO public."CheapHerder_product" (item_code, product_name, category, description, quantity, package_size, gross_weight, image_url) values ('402285862', ' Promotion Pen Promotional Price MB Roller Pen School Office Suppliers Free Shipping High quality promotional pen', 'Ballpoint Pens', 'High precision Stainless Steel Writing Classic Design Highlight the Texture the Continuous Smooth lines Color lasting, Writing ink Smooth fluent, the Best Choice for Gifts', '1  Piece', '12.0 * 5.0 * 5.0 ( cm )', '0.04 ( kg )', 'http://www.dhresource.com/0x0s/f2-albu-g5-M00-B5-F5-rBVaJFlgleuAPuW0AAQdbY2o5bM503.jpg/promotion-pen-promotional-price-mb-roller.jpg');
INSERT INTO public."CheapHerder_price" ( price_id, quantity, price ) values ( 110, 1, 6.17 );
INSERT INTO public."CheapHerder_product_price" ( item_code_id, price_id_id ) values ( '402285862', 110 );
INSERT INTO public."CheapHerder_price" ( price_id, quantity, price ) values ( 111, 2, 5.25 );
INSERT INTO public."CheapHerder_product_price" ( item_code_id, price_id_id ) values ( '402285862', 111 );
INSERT INTO public."CheapHerder_price" ( price_id, quantity, price ) values ( 112, 5, 4.93 );
INSERT INTO public."CheapHerder_product_price" ( item_code_id, price_id_id ) values ( '402285862', 112 );
INSERT INTO public."CheapHerder_price" ( price_id, quantity, price ) values ( 113, 10, 4.45 );
INSERT INTO public."CheapHerder_product_price" ( item_code_id, price_id_id ) values ( '402285862', 113 );
INSERT INTO public."CheapHerder_price" ( price_id, quantity, price ) values ( 114, 49, 4.05 );
INSERT INTO public."CheapHerder_product_price" ( item_code_id, price_id_id ) values ( '402285862', 114 );
INSERT INTO public."CheapHerder_price" ( price_id, quantity, price ) values ( 115, 167, 3.91 );
INSERT INTO public."CheapHerder_product_price" ( item_code_id, price_id_id ) values ( '402285862', 115 );
INSERT INTO public."CheapHerder_product" (item_code, product_name, category, description, quantity, package_size, gross_weight, image_url) values ('396715291', ' 7-Key 40M/80M Digital LCD Laser Distance Meter Range Finder Measure Diastimeter BI529/530', 'Laser Rangefinders', 'Find More Laser Rangefinders Information about 7 Key 40M/80M Digital LCD Laser Distance Meter Range Finder Measure Diastimeter BI529/530,High Quality lcd monitor power supply', '1  Piece', '15.0 * 4.0 * 15.0 ( cm )', '0.32 ( kg )', 'http://www.dhresource.com/0x0s/f2-albu-g5-M01-09-BF-rBVaI1i5TUGAS3uLAAE0rhpg3XU122.jpg/7-key-40m-80m-digital-lcd-laser-distance.jpg');
INSERT INTO public."CheapHerder_price" ( price_id, quantity, price ) values ( 116, 1, 24.84 );
INSERT INTO public."CheapHerder_product_price" ( item_code_id, price_id_id ) values ( '396715291', 116 );
INSERT INTO public."CheapHerder_price" ( price_id, quantity, price ) values ( 117, 10, 23.60 );
INSERT INTO public."CheapHerder_product_price" ( item_code_id, price_id_id ) values ( '396715291', 117 );
INSERT INTO public."CheapHerder_price" ( price_id, quantity, price ) values ( 118, 11, 21.51 );
INSERT INTO public."CheapHerder_product_price" ( item_code_id, price_id_id ) values ( '396715291', 118 );
INSERT INTO public."CheapHerder_price" ( price_id, quantity, price ) values ( 119, 20, 20.38 );
INSERT INTO public."CheapHerder_product_price" ( item_code_id, price_id_id ) values ( '396715291', 119 );
INSERT INTO public."CheapHerder_price" ( price_id, quantity, price ) values ( 120, 39, 19.67 );
INSERT INTO public."CheapHerder_product_price" ( item_code_id, price_id_id ) values ( '396715291', 120 );
INSERT INTO public."CheapHerder_price" ( price_id, quantity, price ) values ( 121, 50, 17.48 );
INSERT INTO public."CheapHerder_product_price" ( item_code_id, price_id_id ) values ( '396715291', 121 );
INSERT INTO public."CheapHerder_product" (item_code, product_name, category, description, quantity, package_size, gross_weight, image_url) values ('399704740', ' Parker Sonnet Rollerball Pen Silver / Gold Clip Business Parker roller ball Pen High Quality office Writing Stationery Supplies', 'Ballpoint Pens', 'Note: Sell single pen, without pen box. Pen / Pen Box, They are sold separately, If you need a pen box, you need to pay this box. Pen Weight: 30 g (include 1Pcs Refill). Pen ink Standard Configuration: 1Pcs Black refill. Full Metal Pen body. Writing Point: 0.5mm Medium. Pen Size: Length 133mm , Max diameter 12.4mm.', '1  Piece', '17.0 * 12.0 * 3.0 ( cm )', '0.04 ( kg )', 'http://www.dhresource.com/0x0s/f2-albu-g5-M01-CD-3F-rBVaJFkaZhWAFv2nAAUXIKReZrs151.jpg/parker-sonnet-rollerball-pen-silver-gold.jpg');
INSERT INTO public."CheapHerder_price" ( price_id, quantity, price ) values ( 122, 1, 3.75 );
INSERT INTO public."CheapHerder_product_price" ( item_code_id, price_id_id ) values ( '399704740', 122 );
INSERT INTO public."CheapHerder_price" ( price_id, quantity, price ) values ( 123, 2, 3.38 );
INSERT INTO public."CheapHerder_product_price" ( item_code_id, price_id_id ) values ( '399704740', 123 );
INSERT INTO public."CheapHerder_price" ( price_id, quantity, price ) values ( 124, 69, 3.08 );
INSERT INTO public."CheapHerder_product_price" ( item_code_id, price_id_id ) values ( '399704740', 124 );
INSERT INTO public."CheapHerder_price" ( price_id, quantity, price ) values ( 125, 236, 2.98 );
INSERT INTO public."CheapHerder_product_price" ( item_code_id, price_id_id ) values ( '399704740', 125 );
INSERT INTO public."CheapHerder_product" (item_code, product_name, category, description, quantity, package_size, gross_weight, image_url) values ('400018861', ' New 163 red Luxury Lacquerred golden Clip Ballpoint Pen', 'Ballpoint Pens', 'Pen Condition: 100% New writing: smooth pen refill color: black/blue Length: 13.5cm approx. Weight:30g approx Package include : 1 X Pen', '1  Piece', '17.0 * 15.0 * 5.0 ( cm )', '0.05 ( kg )', 'http://www.dhresource.com/0x0s/f2-albu-g5-M00-F4-A5-rBVaJFki-IKAIgGaAAQDgEkrDFM701.jpg/new-163-red-luxury-lacquerred-golden-clip.jpg');
INSERT INTO public."CheapHerder_price" ( price_id, quantity, price ) values ( 126, 1, 8.26 );
INSERT INTO public."CheapHerder_product_price" ( item_code_id, price_id_id ) values ( '400018861', 126 );
INSERT INTO public."CheapHerder_price" ( price_id, quantity, price ) values ( 127, 3, 7.43 );
INSERT INTO public."CheapHerder_product_price" ( item_code_id, price_id_id ) values ( '400018861', 127 );
INSERT INTO public."CheapHerder_price" ( price_id, quantity, price ) values ( 128, 10, 7.26 );
INSERT INTO public."CheapHerder_product_price" ( item_code_id, price_id_id ) values ( '400018861', 128 );
INSERT INTO public."CheapHerder_price" ( price_id, quantity, price ) values ( 129, 46, 6.62 );
INSERT INTO public."CheapHerder_product_price" ( item_code_id, price_id_id ) values ( '400018861', 129 );
INSERT INTO public."CheapHerder_price" ( price_id, quantity, price ) values ( 130, 157, 6.39 );
INSERT INTO public."CheapHerder_product_price" ( item_code_id, price_id_id ) values ( '400018861', 130 );
INSERT INTO public."CheapHerder_product" (item_code, product_name, category, description, quantity, package_size, gross_weight, image_url) values ('392237045', ' 2ml/3ml/5ml Glass Mini Portable Spray Bottle Empty Perfume Glass Bottles Refillable Perfume Atomizer Travel Accessories', 'Packing Bottles', '1. perfume bottle,fragrance bottle,parfume atomizer,glass perfume bottle,sprayer bottle,sample glass sprayer bottle,test glass bottle 2, Material: glass bottle + plastic sprayer 3. Use: perfume samples holding, easy to be hold with yourself, easy to be used when you travel 4. It can be refillable for many times. .', '1 Lot  (50 Piece/Lot)', '15.0 * 10.0 * 10.0 ( cm )', '0.1 ( kg )', 'http://www.dhresource.com/0x0s/f2-albu-g4-M00-81-99-rBVaEFgR7zyAeOW6AAH80fDJ37w937.jpg/2ml-3ml-5ml-glass-mini-portable-spray-bottle.jpg');
INSERT INTO public."CheapHerder_price" ( price_id, quantity, price ) values ( 131, 1, 14.86 );
INSERT INTO public."CheapHerder_product_price" ( item_code_id, price_id_id ) values ( '392237045', 131 );
INSERT INTO public."CheapHerder_price" ( price_id, quantity, price ) values ( 132, 10, 11.89 );
INSERT INTO public."CheapHerder_product_price" ( item_code_id, price_id_id ) values ( '392237045', 132 );
INSERT INTO public."CheapHerder_price" ( price_id, quantity, price ) values ( 133, 28, 10.84 );
INSERT INTO public."CheapHerder_product_price" ( item_code_id, price_id_id ) values ( '392237045', 133 );
INSERT INTO public."CheapHerder_price" ( price_id, quantity, price ) values ( 134, 96, 10.46 );
INSERT INTO public."CheapHerder_product_price" ( item_code_id, price_id_id ) values ( '392237045', 134 );
INSERT INTO public."CheapHerder_price" ( price_id, quantity, price ) values ( 135, 100, 8.67 );
INSERT INTO public."CheapHerder_product_price" ( item_code_id, price_id_id ) values ( '392237045', 135 );
INSERT INTO public."CheapHerder_price" ( price_id, quantity, price ) values ( 136, 120, 8.37 );
INSERT INTO public."CheapHerder_product_price" ( item_code_id, price_id_id ) values ( '392237045', 136 );
INSERT INTO public."CheapHerder_price" ( price_id, quantity, price ) values ( 137, 300, 7.19 );
INSERT INTO public."CheapHerder_product_price" ( item_code_id, price_id_id ) values ( '392237045', 137 );
INSERT INTO public."CheapHerder_product" (item_code, product_name, category, description, quantity, package_size, gross_weight, image_url) values ('399289339', ' Poly Self-seal Mailer Bags Plastic Envelope Courier Postal Mailing Bag Self Adhesive Express Shipping Mailbag Good Quality 28x42cm Gray', 'Mail Bags', 'Poly Mailer Mailing Bags Express Gray Organizer Organizador Bolsas Storage Adesivos Plastic De Plastico Embalagem Saco Grocery', '1 Lot  (100 Piece/Lot)', '10.0 * 10.0 * 10.0 ( cm )', '0.6 ( kg )', 'http://www.dhresource.com/0x0s/f2-albu-g5-M01-80-95-rBVaI1kOrQiAH1aPAADP8eAST5s477.jpg/poly-self-seal-mailer-bags-plastic-envelope.jpg');
INSERT INTO public."CheapHerder_price" ( price_id, quantity, price ) values ( 138, 1, 30.86 );
INSERT INTO public."CheapHerder_product_price" ( item_code_id, price_id_id ) values ( '399289339', 138 );
INSERT INTO public."CheapHerder_price" ( price_id, quantity, price ) values ( 139, 5, 28.58 );
INSERT INTO public."CheapHerder_product_price" ( item_code_id, price_id_id ) values ( '399289339', 139 );
INSERT INTO public."CheapHerder_price" ( price_id, quantity, price ) values ( 140, 10, 27.43 );
INSERT INTO public."CheapHerder_product_price" ( item_code_id, price_id_id ) values ( '399289339', 140 );
INSERT INTO public."CheapHerder_price" ( price_id, quantity, price ) values ( 141, 12, 25.00 );
INSERT INTO public."CheapHerder_product_price" ( item_code_id, price_id_id ) values ( '399289339', 141 );
INSERT INTO public."CheapHerder_price" ( price_id, quantity, price ) values ( 142, 30, 20.84 );
INSERT INTO public."CheapHerder_product_price" ( item_code_id, price_id_id ) values ( '399289339', 142 );
INSERT INTO public."CheapHerder_price" ( price_id, quantity, price ) values ( 143, 50, 20.11 );
INSERT INTO public."CheapHerder_product_price" ( item_code_id, price_id_id ) values ( '399289339', 143 );
INSERT INTO public."CheapHerder_product" (item_code, product_name, category, description, quantity, package_size, gross_weight, image_url) values ('399056461', ' Luxury pen classique #163 fountain pen with 4810 Middle size 14K golden nib classique meister-stuck fountain pen supply', 'Fountain Pens', 'Unique design and 100% Brand New! Features of exquisite workmanship smooth and comfortable writing,extraordinary design fountain pen free shipping ink pen', '1  Piece', '18.0 * 15.0 * 5.0 ( cm )', '0.1 ( kg )', 'http://www.dhresource.com/0x0s/f2-albu-g5-M00-A1-3D-rBVaI1kH2IKAD0z6AAoSsUi7UyE258.jpg/luxury-pen-classique-163-fountain-pen-with.jpg');
INSERT INTO public."CheapHerder_price" ( price_id, quantity, price ) values ( 144, 1, 14.63 );
INSERT INTO public."CheapHerder_product_price" ( item_code_id, price_id_id ) values ( '399056461', 144 );
INSERT INTO public."CheapHerder_price" ( price_id, quantity, price ) values ( 145, 2, 14.20 );
INSERT INTO public."CheapHerder_product_price" ( item_code_id, price_id_id ) values ( '399056461', 145 );
INSERT INTO public."CheapHerder_price" ( price_id, quantity, price ) values ( 146, 3, 13.90 );
INSERT INTO public."CheapHerder_product_price" ( item_code_id, price_id_id ) values ( '399056461', 146 );
INSERT INTO public."CheapHerder_price" ( price_id, quantity, price ) values ( 147, 24, 12.67 );
INSERT INTO public."CheapHerder_product_price" ( item_code_id, price_id_id ) values ( '399056461', 147 );
INSERT INTO public."CheapHerder_price" ( price_id, quantity, price ) values ( 148, 82, 12.23 );
INSERT INTO public."CheapHerder_product_price" ( item_code_id, price_id_id ) values ( '399056461', 148 );
INSERT INTO public."CheapHerder_product" (item_code, product_name, category, description, quantity, package_size, gross_weight, image_url) values ('392240164', ' Mini Electronic Pocket Scale 200g 0.01g Jewelry Diamond Scale Balance Scale LCD Display with Retail Package', 'Weighing Scales', '1.This Ultra Slim Pocket Scale is lightweight,slim, and compact. A flip open cover protects your scale and can be removed to be used as a weighing tray. Features a mechanical Auto off function. 2.Features 5 separate weight modes for easy weight translations: g / oz / tl / gn / ct, and a TARE mode for net determinations.', '1  Piece', '10.0 * 10.0 * 10.0 ( cm )', '0.12 ( kg )', 'http://www.dhresource.com/0x0s/f2-albu-g4-M00-49-C4-rBVaEVgR_oaAI1vvAAD64Xj20bE511.jpg/mini-electronic-pocket-scale-200g-0-01g-jewelry.jpg');
INSERT INTO public."CheapHerder_price" ( price_id, quantity, price ) values ( 149, 20, 4.58 );
INSERT INTO public."CheapHerder_product_price" ( item_code_id, price_id_id ) values ( '392240164', 149 );
INSERT INTO public."CheapHerder_price" ( price_id, quantity, price ) values ( 150, 50, 4.10 );
INSERT INTO public."CheapHerder_product_price" ( item_code_id, price_id_id ) values ( '392240164', 150 );
INSERT INTO public."CheapHerder_price" ( price_id, quantity, price ) values ( 151, 81, 3.73 );
INSERT INTO public."CheapHerder_product_price" ( item_code_id, price_id_id ) values ( '392240164', 151 );
INSERT INTO public."CheapHerder_price" ( price_id, quantity, price ) values ( 152, 100, 3.53 );
INSERT INTO public."CheapHerder_product_price" ( item_code_id, price_id_id ) values ( '392240164', 152 );
INSERT INTO public."CheapHerder_price" ( price_id, quantity, price ) values ( 153, 200, 3.32 );
INSERT INTO public."CheapHerder_product_price" ( item_code_id, price_id_id ) values ( '392240164', 153 );
INSERT INTO public."CheapHerder_price" ( price_id, quantity, price ) values ( 154, 313, 3.20 );
INSERT INTO public."CheapHerder_product_price" ( item_code_id, price_id_id ) values ( '392240164', 154 );
INSERT INTO public."CheapHerder_product" (item_code, product_name, category, description, quantity, package_size, gross_weight, image_url) values ('403300487', ' Reflect & Relate 978-1457697180 0.75kg', 'Paper Products', 'Reflect & Relate 978-1457697180 0.75kg', '1  Piece', '22.0 * 22.0 * 22.0 ( cm )', '5.0 ( kg )', 'http://www.dhresource.com/0x0s/f2-albu-g5-M01-E0-61-rBVaI1mK-kKAF1uQAAIRahYmWWo690.jpg/reflect-relate-978-1457697180-0-75kg.jpg');
INSERT INTO public."CheapHerder_price" ( price_id, quantity, price ) values ( 155, 12, 26.29 );
INSERT INTO public."CheapHerder_product_price" ( item_code_id, price_id_id ) values ( '403300487', 155 );
INSERT INTO public."CheapHerder_price" ( price_id, quantity, price ) values ( 156, 13, 23.96 );
INSERT INTO public."CheapHerder_product_price" ( item_code_id, price_id_id ) values ( '403300487', 156 );
INSERT INTO public."CheapHerder_price" ( price_id, quantity, price ) values ( 157, 20, 22.40 );
INSERT INTO public."CheapHerder_product_price" ( item_code_id, price_id_id ) values ( '403300487', 157 );
INSERT INTO public."CheapHerder_price" ( price_id, quantity, price ) values ( 158, 47, 21.61 );
INSERT INTO public."CheapHerder_product_price" ( item_code_id, price_id_id ) values ( '403300487', 158 );
INSERT INTO public."CheapHerder_price" ( price_id, quantity, price ) values ( 159, 50, 20.98 );
INSERT INTO public."CheapHerder_product_price" ( item_code_id, price_id_id ) values ( '403300487', 159 );
INSERT INTO public."CheapHerder_price" ( price_id, quantity, price ) values ( 160, 100, 20.61 );
INSERT INTO public."CheapHerder_product_price" ( item_code_id, price_id_id ) values ( '403300487', 160 );
INSERT INTO public."CheapHerder_product" (item_code, product_name, category, description, quantity, package_size, gross_weight, image_url) values ('234143014', ' Business Name Credit ID Card Case Holder Aluminum Business Card Holder card files Aluminum Silver Color', 'Business Card Files', 'Material: Aluminum, good quality durable, polished surface. Color: Silver Easy to carry stylish design, make your business life convenient and effective', '1  Piece', '5.0 * 5.0 * 5.0 ( cm )', '0.1 ( kg )', 'http://www.dhresource.com/0x0s/f2-albu-g5-M01-9C-39-rBVaJFkStC6AFYEwAAJZH1Rnhgs120.jpg/business-name-credit-id-card-case-holder.jpg');
INSERT INTO public."CheapHerder_price" ( price_id, quantity, price ) values ( 161, 15, 0.94 );
INSERT INTO public."CheapHerder_product_price" ( item_code_id, price_id_id ) values ( '234143014', 161 );
INSERT INTO public."CheapHerder_price" ( price_id, quantity, price ) values ( 162, 50, 0.92 );
INSERT INTO public."CheapHerder_product_price" ( item_code_id, price_id_id ) values ( '234143014', 162 );
INSERT INTO public."CheapHerder_price" ( price_id, quantity, price ) values ( 163, 200, 0.87 );
INSERT INTO public."CheapHerder_product_price" ( item_code_id, price_id_id ) values ( '234143014', 163 );
INSERT INTO public."CheapHerder_price" ( price_id, quantity, price ) values ( 164, 352, 0.80 );
INSERT INTO public."CheapHerder_product_price" ( item_code_id, price_id_id ) values ( '234143014', 164 );
INSERT INTO public."CheapHerder_price" ( price_id, quantity, price ) values ( 165, 500, 0.78 );
INSERT INTO public."CheapHerder_product_price" ( item_code_id, price_id_id ) values ( '234143014', 165 );
INSERT INTO public."CheapHerder_price" ( price_id, quantity, price ) values ( 166, 1244, 0.75 );
INSERT INTO public."CheapHerder_product_price" ( item_code_id, price_id_id ) values ( '234143014', 166 );
INSERT INTO public."CheapHerder_product" (item_code, product_name, category, description, quantity, package_size, gross_weight, image_url) values ('396285105', ' Marker M Brand pen Gift Box with The papers Manual book , MB Pen cases', 'Pencil Cases', 'we are China factory that supply all kind of brand pen,Mb pen, Luxury Pen | MB Supply .welcome to visit and shipping,best price with high quality', '1  Piece', '20.0 * 15.0 * 6.0 ( cm )', '0.3 ( kg )', 'http://www.dhresource.com/0x0s/f2-albu-g5-M00-5D-A3-rBVaI1ipWOeAep5EAAjwVCqVViU396.jpg/marker-m-brand-pen-gift-box-with-the-papers.jpg');
INSERT INTO public."CheapHerder_price" ( price_id, quantity, price ) values ( 167, 1, 13.52 );
INSERT INTO public."CheapHerder_product_price" ( item_code_id, price_id_id ) values ( '396285105', 167 );
INSERT INTO public."CheapHerder_price" ( price_id, quantity, price ) values ( 168, 2, 12.49 );
INSERT INTO public."CheapHerder_product_price" ( item_code_id, price_id_id ) values ( '396285105', 168 );
INSERT INTO public."CheapHerder_price" ( price_id, quantity, price ) values ( 169, 5, 11.45 );
INSERT INTO public."CheapHerder_product_price" ( item_code_id, price_id_id ) values ( '396285105', 169 );
INSERT INTO public."CheapHerder_price" ( price_id, quantity, price ) values ( 170, 10, 10.82 );
INSERT INTO public."CheapHerder_product_price" ( item_code_id, price_id_id ) values ( '396285105', 170 );
INSERT INTO public."CheapHerder_price" ( price_id, quantity, price ) values ( 171, 28, 9.86 );
INSERT INTO public."CheapHerder_product_price" ( item_code_id, price_id_id ) values ( '396285105', 171 );
INSERT INTO public."CheapHerder_price" ( price_id, quantity, price ) values ( 172, 96, 9.52 );
INSERT INTO public."CheapHerder_product_price" ( item_code_id, price_id_id ) values ( '396285105', 172 );
INSERT INTO public."CheapHerder_product" (item_code, product_name, category, description, quantity, package_size, gross_weight, image_url) values ('397442649', ' Luxury 14K Ultra Black Classique fountain pen /roller ball pen option,luxury MT school Office Stationery pens', 'Ballpoint Pens', 'Best gift for your Friends or your family! Great for collection! Unique design and 100% Brand New! Features of exquisite workmanship, dignified style, smooth and comfortable writing, extraordinary design make Pen into an exquisite work of art.', '1  Piece', '20.0 * 10.0 * 3.0 ( cm )', '0.06 ( kg )', 'http://www.dhresource.com/0x0s/f2-albu-g5-M01-42-27-rBVaI1jQ_tqAAgZJAAF6z0F-v-w942.jpg/luxury-14k-ultra-black-classique-fountain.jpg');
INSERT INTO public."CheapHerder_price" ( price_id, quantity, price ) values ( 173, 1, 15.64 );
INSERT INTO public."CheapHerder_product_price" ( item_code_id, price_id_id ) values ( '397442649', 173 );
INSERT INTO public."CheapHerder_price" ( price_id, quantity, price ) values ( 174, 16, 14.25 );
INSERT INTO public."CheapHerder_product_price" ( item_code_id, price_id_id ) values ( '397442649', 174 );
INSERT INTO public."CheapHerder_price" ( price_id, quantity, price ) values ( 175, 56, 13.76 );
INSERT INTO public."CheapHerder_product_price" ( item_code_id, price_id_id ) values ( '397442649', 175 );
INSERT INTO public."CheapHerder_product" (item_code, product_name, category, description, quantity, package_size, gross_weight, image_url) values ('397178389', ' 1ML 2ML 3ML (1/4 5/8 Dram) Amber Mini Glass Bottle 1cc 2cc 3cc Amber Sample Vial Small Essential Oil Bottle Travel Must', 'Packing Bottles', 'The color of the bottles is a light amber not the dark amber that appears in the picture These terrific little jars that are perfect for essential oil samples or for blending small amounts of oils', '1 Lot  (100 Piece/Lot)', '50.0 * 50.0 * 50.0 ( cm )', '0.46 ( kg )', 'http://www.dhresource.com/0x0s/f2-albu-g5-M01-83-B9-rBVaJFj9Zp2AM-v5AAEwZQUXF9g915.jpg/1ml-2ml-3ml-1-4-5-8-dram-amber-mini-glass.jpg');
INSERT INTO public."CheapHerder_price" ( price_id, quantity, price ) values ( 176, 1, 16.00 );
INSERT INTO public."CheapHerder_product_price" ( item_code_id, price_id_id ) values ( '397178389', 176 );
INSERT INTO public."CheapHerder_price" ( price_id, quantity, price ) values ( 177, 3, 12.00 );
INSERT INTO public."CheapHerder_product_price" ( item_code_id, price_id_id ) values ( '397178389', 177 );
INSERT INTO public."CheapHerder_price" ( price_id, quantity, price ) values ( 178, 10, 11.00 );
INSERT INTO public."CheapHerder_product_price" ( item_code_id, price_id_id ) values ( '397178389', 178 );
INSERT INTO public."CheapHerder_price" ( price_id, quantity, price ) values ( 179, 20, 10.00 );
INSERT INTO public."CheapHerder_product_price" ( item_code_id, price_id_id ) values ( '397178389', 179 );
INSERT INTO public."CheapHerder_price" ( price_id, quantity, price ) values ( 180, 33, 9.12 );
INSERT INTO public."CheapHerder_product_price" ( item_code_id, price_id_id ) values ( '397178389', 180 );
INSERT INTO public."CheapHerder_price" ( price_id, quantity, price ) values ( 181, 114, 8.80 );
INSERT INTO public."CheapHerder_product_price" ( item_code_id, price_id_id ) values ( '397178389', 181 );
INSERT INTO public."CheapHerder_product" (item_code, product_name, category, description, quantity, package_size, gross_weight, image_url) values ('390891523', ' 1pcs/lot 100g x 0.01g Digital Pocket Scale Balance Weight Jewelry Scales 0.01 gram Cigarette Case scales Free Shipping DHL', 'Weighing Scales', 'Dimensions 89 * 54 * 22mm Electronic metering mode power supply CR2032 (3v button battery) Application Multifunction Specifications 100 grams 0.01 grams unit conversion grams ounces troy ounce. Dwt grains. Carat overall size 89 * 54 * 22mm', '1  Piece', '20.0 * 10.0 * 10.0 ( cm )', '0.5 ( kg )', 'http://www.dhresource.com/0x0s/f2-albu-g4-M00-A3-E3-rBVaEFfpK_CATDDGAAC1y7-vlc8608.jpg/1pcs-lot-100g-x-0-01g-digital-pocket-scale.jpg');
INSERT INTO public."CheapHerder_price" ( price_id, quantity, price ) values ( 182, 1, 9.14 );
INSERT INTO public."CheapHerder_product_price" ( item_code_id, price_id_id ) values ( '390891523', 182 );
INSERT INTO public."CheapHerder_price" ( price_id, quantity, price ) values ( 183, 34, 8.33 );
INSERT INTO public."CheapHerder_product_price" ( item_code_id, price_id_id ) values ( '390891523', 183 );
INSERT INTO public."CheapHerder_price" ( price_id, quantity, price ) values ( 184, 100, 5.88 );
INSERT INTO public."CheapHerder_product_price" ( item_code_id, price_id_id ) values ( '390891523', 184 );
INSERT INTO public."CheapHerder_price" ( price_id, quantity, price ) values ( 185, 166, 5.68 );
INSERT INTO public."CheapHerder_product_price" ( item_code_id, price_id_id ) values ( '390891523', 185 );
INSERT INTO public."CheapHerder_product" (item_code, product_name, category, description, quantity, package_size, gross_weight, image_url) values ('399806571', ' 190mmx130mm/190mmx110mm/170mmx130mm/170mmx110mm/150mmx110mm destructive open self-sealing PE poly bubble mailer bags', 'Mail Bags', '1. Poly bubble mailer 2. Mailer bag', '1  Piece', '30.0 * 20.0 * 1.0 ( cm )', '0.01 ( kg )', 'http://www.dhresource.com/0x0s/f2-albu-g5-M01-27-77-rBVaJFkc72-AHlfTAAAypBvqHJ8327.jpg/190mmx130mm-190mmx110mm-170mmx130mm-170mmx110mm.jpg');
INSERT INTO public."CheapHerder_price" ( price_id, quantity, price ) values ( 186, 100, 0.10 );
INSERT INTO public."CheapHerder_product_price" ( item_code_id, price_id_id ) values ( '399806571', 186 );
INSERT INTO public."CheapHerder_price" ( price_id, quantity, price ) values ( 187, 3600, 0.09 );
INSERT INTO public."CheapHerder_product_price" ( item_code_id, price_id_id ) values ( '399806571', 187 );
INSERT INTO public."CheapHerder_price" ( price_id, quantity, price ) values ( 188, 12438, 0.09 );
INSERT INTO public."CheapHerder_product_price" ( item_code_id, price_id_id ) values ( '399806571', 188 );
INSERT INTO public."CheapHerder_product" (item_code, product_name, category, description, quantity, package_size, gross_weight, image_url) values ('400552310', ' Free shipping Parker Metal Gold Ball Pen Set School Office Supplies Ballpoint Pen Stationery Roller Ball Signature Pen IM Serious Ballpoint', 'Ballpoint Pens', 'Color: Gold, Silver, Matte black, Free Shipping to 214 Countries Design: Parker Roller Pen Please contact us if you make the wholesale', '1  Piece', '20.0 * 10.0 * 10.0 ( cm )', '0.05 ( kg )', 'http://www.dhresource.com/0x0s/f2-albu-g5-M01-44-BF-rBVaI1k1EJeAYnL3AAB9pBg8am0956.jpg/parker-metal-gold-ball-pen-set-school-office.jpg');
INSERT INTO public."CheapHerder_price" ( price_id, quantity, price ) values ( 189, 1, 5.95 );
INSERT INTO public."CheapHerder_product_price" ( item_code_id, price_id_id ) values ( '400552310', 189 );
INSERT INTO public."CheapHerder_price" ( price_id, quantity, price ) values ( 190, 10, 5.35 );
INSERT INTO public."CheapHerder_product_price" ( item_code_id, price_id_id ) values ( '400552310', 190 );
INSERT INTO public."CheapHerder_price" ( price_id, quantity, price ) values ( 191, 30, 4.76 );
INSERT INTO public."CheapHerder_product_price" ( item_code_id, price_id_id ) values ( '400552310', 191 );
INSERT INTO public."CheapHerder_price" ( price_id, quantity, price ) values ( 192, 50, 4.16 );
INSERT INTO public."CheapHerder_product_price" ( item_code_id, price_id_id ) values ( '400552310', 192 );
INSERT INTO public."CheapHerder_price" ( price_id, quantity, price ) values ( 193, 80, 3.80 );
INSERT INTO public."CheapHerder_product_price" ( item_code_id, price_id_id ) values ( '400552310', 193 );
INSERT INTO public."CheapHerder_price" ( price_id, quantity, price ) values ( 194, 274, 3.66 );
INSERT INTO public."CheapHerder_product_price" ( item_code_id, price_id_id ) values ( '400552310', 194 );
INSERT INTO public."CheapHerder_product" (item_code, product_name, category, description, quantity, package_size, gross_weight, image_url) values ('212908603', ' LDPE Needle Bottles with Childproof Safety Cap and Long Thin Dropper tip 3ml/5ml/10ml/15ml/20ml/30ml/50ml E Liquid Dropper Bottle', 'Packing Bottles', 'Capacity: 3-50ml; Include: The bottle, The cap and Removable tip; Cap Color: White, Black, Red, Yellow, Blue, Orange, Green, Light Green, Purple, Pink, Dark Blue.', '1  Piece', '5.0 * 5.0 * 5.0 ( cm )', '0.03 ( kg )', 'http://www.dhresource.com/0x0s/f2-albu-g1-M01-73-BD-rBVaGFRc166AL21HAAWpnGsRrbU919.jpg/ldpe-needle-bottles-with-childproof-safety.jpg');
INSERT INTO public."CheapHerder_price" ( price_id, quantity, price ) values ( 195, 500, 0.14 );
INSERT INTO public."CheapHerder_product_price" ( item_code_id, price_id_id ) values ( '212908603', 195 );
INSERT INTO public."CheapHerder_price" ( price_id, quantity, price ) values ( 196, 1000, 0.13 );
INSERT INTO public."CheapHerder_product_price" ( item_code_id, price_id_id ) values ( '212908603', 196 );
INSERT INTO public."CheapHerder_price" ( price_id, quantity, price ) values ( 197, 2000, 0.12 );
INSERT INTO public."CheapHerder_product_price" ( item_code_id, price_id_id ) values ( '212908603', 197 );
INSERT INTO public."CheapHerder_price" ( price_id, quantity, price ) values ( 198, 2619, 0.11 );
INSERT INTO public."CheapHerder_product_price" ( item_code_id, price_id_id ) values ( '212908603', 198 );
INSERT INTO public."CheapHerder_price" ( price_id, quantity, price ) values ( 199, 4000, 0.10 );
INSERT INTO public."CheapHerder_product_price" ( item_code_id, price_id_id ) values ( '212908603', 199 );
INSERT INTO public."CheapHerder_price" ( price_id, quantity, price ) values ( 200, 9950, 0.10 );
INSERT INTO public."CheapHerder_product_price" ( item_code_id, price_id_id ) values ( '212908603', 200 );
INSERT INTO public."CheapHerder_product" (item_code, product_name, category, description, quantity, package_size, gross_weight, image_url) values ('386788203', ' Digital vernier calipers mitutoyo 0-150mm Digital Caliper Accuracy 0.01mm Digimatic calipers Measurements Testers 500-196', 'Vernier Calipers', '1)Brand new and high quality2) Zero setting at any position3) Metric/inch interchangeable system 4) Power on/off at any position 5) Measuring Range: 0-150mm6) With fastening screw7) Made of hardened stainless steel8)TYPE:16EX150mm9)Battery:CR2032 3V Lithium', '1  Piece', '5.0 * 5.0 * 5.0 ( cm )', '1.0 ( kg )', 'http://www.dhresource.com/0x0s/f2-albu-g4-M00-3E-1F-rBVaEVdqPweAZQa-AADdLm-0d5c108.jpg/digital-vernier-calipers-mitutoyo-0-150mm.jpg');
INSERT INTO public."CheapHerder_price" ( price_id, quantity, price ) values ( 201, 1, 51.43 );
INSERT INTO public."CheapHerder_product_price" ( item_code_id, price_id_id ) values ( '386788203', 201 );
INSERT INTO public."CheapHerder_price" ( price_id, quantity, price ) values ( 202, 5, 34.29 );
INSERT INTO public."CheapHerder_product_price" ( item_code_id, price_id_id ) values ( '386788203', 202 );
INSERT INTO public."CheapHerder_price" ( price_id, quantity, price ) values ( 203, 10, 31.25 );
INSERT INTO public."CheapHerder_product_price" ( item_code_id, price_id_id ) values ( '386788203', 203 );
INSERT INTO public."CheapHerder_price" ( price_id, quantity, price ) values ( 204, 20, 27.09 );
INSERT INTO public."CheapHerder_product_price" ( item_code_id, price_id_id ) values ( '386788203', 204 );
INSERT INTO public."CheapHerder_price" ( price_id, quantity, price ) values ( 205, 39, 26.14 );
INSERT INTO public."CheapHerder_product_price" ( item_code_id, price_id_id ) values ( '386788203', 205 );
INSERT INTO public."CheapHerder_price" ( price_id, quantity, price ) values ( 206, 50, 22.12 );
INSERT INTO public."CheapHerder_product_price" ( item_code_id, price_id_id ) values ( '386788203', 206 );
INSERT INTO public."CheapHerder_product" (item_code, product_name, category, description, quantity, package_size, gross_weight, image_url) values ('395683023', ' ODM&OEM; High Presion Fastener DIN25201 Nord Lock Washer with ISO', 'Washers', 'Name: DIN25201 Lock Washer Place of Origin: Suzhou, Jiangsu, China Size: M3-M80 or non-standard as request&design; Material Spring Steel:SK5,SK7 Stainless Steel :SS304,SS316 Customized as per clients requirements Finish Plain,zinc,nickel plated,black oxide,HDG,dacromat, etc Standard GB, DIN, ISO, ANSI/ASTM, BS, JIS etc Packing Carton/pallet or according to requirement Payment L/C or T/T Delivery Within 20 days after confirm the order Website www.rbo-global.com/en/', '1  Piece', '34.0 * 24.0 * 12.5 ( cm )', '25.0 ( kg )', 'http://www.dhresource.com/0x0s/f2-albu-g5-M00-08-29-rBVaI1hrXy2AYJ5GAADz6mNYv2E903.jpg/odm-oem-high-presion-fastener-din25201-nord.jpg');
INSERT INTO public."CheapHerder_price" ( price_id, quantity, price ) values ( 207, 1000, 0.39 );
INSERT INTO public."CheapHerder_product_price" ( item_code_id, price_id_id ) values ( '395683023', 207 );
INSERT INTO public."CheapHerder_price" ( price_id, quantity, price ) values ( 208, 2690, 0.38 );
INSERT INTO public."CheapHerder_product_price" ( item_code_id, price_id_id ) values ( '395683023', 208 );
INSERT INTO public."CheapHerder_product" (item_code, product_name, category, description, quantity, package_size, gross_weight, image_url) values ('376457615', ' Black and White Luxury MB Pen Box For Fountain Pen/Roller ball Pen/Ballpoint Pens Gift Pen Case Free Shipping', 'Pencil Cases', 'Black and White Luxury MB Pen Box For Fountain Pen/Roller ball Pen/Ballpoint Pens Gift Pen Case Free Shipping', '1  Piece', '20.0 * 10.0 * 10.0 ( cm )', '0.2 ( kg )', 'http://www.dhresource.com/0x0s/f2-albu-g3-M00-BB-43-rBVaHFblJgCAdFXFAAJOKai-F2A951.jpg/black-and-white-luxury-mb-pen-box-for-fountain.jpg');
INSERT INTO public."CheapHerder_price" ( price_id, quantity, price ) values ( 209, 1, 11.43 );
INSERT INTO public."CheapHerder_product_price" ( item_code_id, price_id_id ) values ( '376457615', 209 );
INSERT INTO public."CheapHerder_price" ( price_id, quantity, price ) values ( 210, 10, 10.29 );
INSERT INTO public."CheapHerder_product_price" ( item_code_id, price_id_id ) values ( '376457615', 210 );
INSERT INTO public."CheapHerder_price" ( price_id, quantity, price ) values ( 211, 20, 9.15 );
INSERT INTO public."CheapHerder_product_price" ( item_code_id, price_id_id ) values ( '376457615', 211 );
INSERT INTO public."CheapHerder_price" ( price_id, quantity, price ) values ( 212, 36, 8.34 );
INSERT INTO public."CheapHerder_product_price" ( item_code_id, price_id_id ) values ( '376457615', 212 );
INSERT INTO public."CheapHerder_price" ( price_id, quantity, price ) values ( 213, 100, 6.25 );
INSERT INTO public."CheapHerder_product_price" ( item_code_id, price_id_id ) values ( '376457615', 213 );
INSERT INTO public."CheapHerder_price" ( price_id, quantity, price ) values ( 214, 166, 6.04 );
INSERT INTO public."CheapHerder_product_price" ( item_code_id, price_id_id ) values ( '376457615', 214 );
INSERT INTO public."CheapHerder_product" (item_code, product_name, category, description, quantity, package_size, gross_weight, image_url) values ('391450851', ' 3x5" Rosin Press plates Double hole enail heating 6061 Aluminium plate temperature controller box with heating rod for rosin press plate', 'Other Industrial Equipment', '3x5" Rosin Press plates Double hole enail heating 6061 Aluminium plate temperature controller box with heating rod for rosin press plate', '1  Set', '30.0 * 20.0 * 20.0 ( cm )', '5.0 ( kg )', 'http://www.dhresource.com/0x0s/f2-albu-g5-M01-0F-69-rBVaI1jV5pGAH3r3AAM_3nnnchc353.jpg/3x5-rosin-press-plates-double-hole-enail.jpg');
INSERT INTO public."CheapHerder_price" ( price_id, quantity, price ) values ( 215, 1, 206.85 );
INSERT INTO public."CheapHerder_product_price" ( item_code_id, price_id_id ) values ( '391450851', 215 );
INSERT INTO public."CheapHerder_price" ( price_id, quantity, price ) values ( 216, 2, 188.54 );
INSERT INTO public."CheapHerder_product_price" ( item_code_id, price_id_id ) values ( '391450851', 216 );
INSERT INTO public."CheapHerder_price" ( price_id, quantity, price ) values ( 217, 5, 183.33 );
INSERT INTO public."CheapHerder_product_price" ( item_code_id, price_id_id ) values ( '391450851', 217 );
INSERT INTO public."CheapHerder_price" ( price_id, quantity, price ) values ( 218, 6, 176.88 );
INSERT INTO public."CheapHerder_product_price" ( item_code_id, price_id_id ) values ( '391450851', 218 );
INSERT INTO public."CheapHerder_price" ( price_id, quantity, price ) values ( 219, 10, 171.85 );
INSERT INTO public."CheapHerder_product_price" ( item_code_id, price_id_id ) values ( '391450851', 219 );
INSERT INTO public."CheapHerder_price" ( price_id, quantity, price ) values ( 220, 50, 165.83 );
INSERT INTO public."CheapHerder_product_price" ( item_code_id, price_id_id ) values ( '391450851', 220 );
INSERT INTO public."CheapHerder_product" (item_code, product_name, category, description, quantity, package_size, gross_weight, image_url) values ('406042549', ' New Finishing Touch Flawless Womens Painless Facial Hair Remover-FREE SHIPPING', 'Common Tools', 'Requires 1 AA Battery - NOT Included Removes Facial Hair Instantly and Painlessly from Lip, Chin, Cheeks Built-in Light So You Never Miss a Hair Gentle Enough to Use Every Day No Downtime Waiting for Regrowth Removes Peach Fuzz so Make-up Glides-On Flawlessly Hypoallergenic, Dermatologist Recommended 18K Gold-Plated in Beautiful Rose Gold Discreet and Portable', '1  Piece', '1.0 * 1.0 * 1.0 ( cm )', '0.094 ( kg )', 'http://www.dhresource.com/0x0s/f2-albu-g2-M01-B0-E9-rBVaGlny4SGAWYPNAACozRPAVM0148.jpg/new-finishing-touch-flawless-women-039-s.jpg');
INSERT INTO public."CheapHerder_price" ( price_id, quantity, price ) values ( 221, 1, 17.14 );
INSERT INTO public."CheapHerder_product_price" ( item_code_id, price_id_id ) values ( '406042549', 221 );
INSERT INTO public."CheapHerder_price" ( price_id, quantity, price ) values ( 222, 20, 15.62 );
INSERT INTO public."CheapHerder_product_price" ( item_code_id, price_id_id ) values ( '406042549', 222 );
INSERT INTO public."CheapHerder_price" ( price_id, quantity, price ) values ( 223, 67, 15.07 );
INSERT INTO public."CheapHerder_product_price" ( item_code_id, price_id_id ) values ( '406042549', 223 );
INSERT INTO public."CheapHerder_product" (item_code, product_name, category, description, quantity, package_size, gross_weight, image_url) values ('401252436', ' Education Teaching Props USA Bank Counting Training Tool Learning Banknotes Collection Gift Play Poker Game Money 100Pcs', 'Other Office & School Supplies', 'Office & School Supplies, Board Game Money Prop, For Education/bank staff training paper For monopaly game, Use as Joke props, Use for home teaching, Coin Collection Album', '1  Set', '16.0 * 7.0 * 2.0 ( cm )', '0.11 ( kg )', 'http://www.dhresource.com/0x0s/f2-albu-g5-M00-5F-70-rBVaI1j6ze2AeqU8AAlmcu0f_1A133.jpg/education-teaching-props-usa-bank-counting.jpg');
INSERT INTO public."CheapHerder_price" ( price_id, quantity, price ) values ( 224, 2, 4.56 );
INSERT INTO public."CheapHerder_product_price" ( item_code_id, price_id_id ) values ( '401252436', 224 );
INSERT INTO public."CheapHerder_price" ( price_id, quantity, price ) values ( 225, 8, 3.88 );
INSERT INTO public."CheapHerder_product_price" ( item_code_id, price_id_id ) values ( '401252436', 225 );
INSERT INTO public."CheapHerder_price" ( price_id, quantity, price ) values ( 226, 15, 3.42 );
INSERT INTO public."CheapHerder_product_price" ( item_code_id, price_id_id ) values ( '401252436', 226 );
INSERT INTO public."CheapHerder_price" ( price_id, quantity, price ) values ( 227, 97, 3.12 );
INSERT INTO public."CheapHerder_product_price" ( item_code_id, price_id_id ) values ( '401252436', 227 );
INSERT INTO public."CheapHerder_price" ( price_id, quantity, price ) values ( 228, 100, 2.96 );
INSERT INTO public."CheapHerder_product_price" ( item_code_id, price_id_id ) values ( '401252436', 228 );
INSERT INTO public."CheapHerder_price" ( price_id, quantity, price ) values ( 229, 112, 2.70 );
INSERT INTO public."CheapHerder_product_price" ( item_code_id, price_id_id ) values ( '401252436', 229 );
INSERT INTO public."CheapHerder_price" ( price_id, quantity, price ) values ( 230, 385, 2.61 );
INSERT INTO public."CheapHerder_product_price" ( item_code_id, price_id_id ) values ( '401252436', 230 );
INSERT INTO public."CheapHerder_product" (item_code, product_name, category, description, quantity, package_size, gross_weight, image_url) values ('230999107', ' New Arrive 500g/0.1g Mini Electronic Digital Pocket Scale Jewelry Weighing Balance Counting Function Blue LCD g/tl/oz/ct', 'Weighing Scales', '500g/0.1g Mini Electronic Digital Pocket Scale Jewelry Weighing Balance Counting Function Blue LCD g/tl/oz/ct', '1  Piece', '14.0 * 7.0 * 3.0 ( cm )', '0.1 ( kg )', 'http://www.dhresource.com/0x0s/f2-albu-g3-M00-EA-80-rBVaHFT9qkqAMyf3AAN40a9xoEA108.jpg/new-arrive-500g-0-1g-mini-electronic-digital.jpg');
INSERT INTO public."CheapHerder_price" ( price_id, quantity, price ) values ( 231, 20, 4.26 );
INSERT INTO public."CheapHerder_product_price" ( item_code_id, price_id_id ) values ( '230999107', 231 );
INSERT INTO public."CheapHerder_price" ( price_id, quantity, price ) values ( 232, 50, 4.07 );
INSERT INTO public."CheapHerder_product_price" ( item_code_id, price_id_id ) values ( '230999107', 232 );
INSERT INTO public."CheapHerder_price" ( price_id, quantity, price ) values ( 233, 66, 3.72 );
INSERT INTO public."CheapHerder_product_price" ( item_code_id, price_id_id ) values ( '230999107', 233 );
INSERT INTO public."CheapHerder_price" ( price_id, quantity, price ) values ( 234, 100, 3.55 );
INSERT INTO public."CheapHerder_product_price" ( item_code_id, price_id_id ) values ( '230999107', 234 );
INSERT INTO public."CheapHerder_price" ( price_id, quantity, price ) values ( 235, 200, 3.38 );
INSERT INTO public."CheapHerder_product_price" ( item_code_id, price_id_id ) values ( '230999107', 235 );
INSERT INTO public."CheapHerder_price" ( price_id, quantity, price ) values ( 236, 249, 3.26 );
INSERT INTO public."CheapHerder_product_price" ( item_code_id, price_id_id ) values ( '230999107', 236 );
INSERT INTO public."CheapHerder_product" (item_code, product_name, category, description, quantity, package_size, gross_weight, image_url) values ('404077353', ' 2mm Solid Copper Bearing Balls (Min 99.9% Cu) For Galvanic Applications And Electronic Industry', 'Bearings', 'Nearly pure copper balls, they show good mechanical and corrosion resistance properties, excellent thermal and electric conductivity. Small amounts of alloying elements as Cr, Zr, Ag, Cd, Mg, Sn allow to improve the mechanical properties. They are typically used in galvanic applications and in the field of electronic industry. Smooth surface with accurate size in high precision.', '1  Set', '14.0 * 9.0 * 8.0 ( cm )', '0.4 ( kg )', 'http://www.dhresource.com/0x0s/f2-albu-g4-M00-EF-8B-rBVaEVmf8siAdMIhAAHSAho-OlI198.jpg/2mm-solid-copper-bearing-balls-min-99-9-cu.jpg');
INSERT INTO public."CheapHerder_price" ( price_id, quantity, price ) values ( 237, 1, 5.42 );
INSERT INTO public."CheapHerder_product_price" ( item_code_id, price_id_id ) values ( '404077353', 237 );
INSERT INTO public."CheapHerder_price" ( price_id, quantity, price ) values ( 238, 10, 5.30 );
INSERT INTO public."CheapHerder_product_price" ( item_code_id, price_id_id ) values ( '404077353', 238 );
INSERT INTO public."CheapHerder_price" ( price_id, quantity, price ) values ( 239, 60, 4.84 );
INSERT INTO public."CheapHerder_product_price" ( item_code_id, price_id_id ) values ( '404077353', 239 );
INSERT INTO public."CheapHerder_price" ( price_id, quantity, price ) values ( 240, 204, 4.66 );
INSERT INTO public."CheapHerder_product_price" ( item_code_id, price_id_id ) values ( '404077353', 240 );
INSERT INTO public."CheapHerder_product" (item_code, product_name, category, description, quantity, package_size, gross_weight, image_url) values ('142673444', ' #0000-Small Kraft Bubble Mailers Padded Envelopes Bags 110x130+40mm Externally', 'Mail Bags', 'We are very professional poly mailer and bubble mailer manufacturer from Zhejiang, China. All poly and bubble mailers use outlet price, please feel free to buy.', '1 Lot  (120 Piece/Lot)', '30.0 * 40.0 * 10.0 ( cm )', '0.78 ( kg )', 'http://www.dhresource.com/albu_592977618_00-1.0x0/0000-small-kraft-bubble-mailers-padded-envelopes.jpg');
INSERT INTO public."CheapHerder_price" ( price_id, quantity, price ) values ( 241, 1, 18.59 );
INSERT INTO public."CheapHerder_product_price" ( item_code_id, price_id_id ) values ( '142673444', 241 );
INSERT INTO public."CheapHerder_price" ( price_id, quantity, price ) values ( 242, 2, 17.44 );
INSERT INTO public."CheapHerder_product_price" ( item_code_id, price_id_id ) values ( '142673444', 242 );
INSERT INTO public."CheapHerder_price" ( price_id, quantity, price ) values ( 243, 19, 15.90 );
INSERT INTO public."CheapHerder_product_price" ( item_code_id, price_id_id ) values ( '142673444', 243 );
INSERT INTO public."CheapHerder_price" ( price_id, quantity, price ) values ( 244, 66, 15.34 );
INSERT INTO public."CheapHerder_product_price" ( item_code_id, price_id_id ) values ( '142673444', 244 );
INSERT INTO public."CheapHerder_product" (item_code, product_name, category, description, quantity, package_size, gross_weight, image_url) values ('398036602', ' High Quality 20pcs/lot 0.7mm Ballpoint Pen Refill Suitable for Retractable Pen Black/BlueRed ink Writing Pen Refills Stationary Papelaria', 'Refills', 'Type: Pens refills Use: Office & School Pens / Student fashion prize Gift / Table decorations Writing Point: 0.7mm Body Material: Plastic, safe and healthy for human body and environment Writing Color: Black/Blue/Red Length: 107mm Suita', '1 Lot  (20 Piece/Lot)', '2.0 * 2.0 * 2.0 ( cm )', '0.2 ( kg )', 'http://www.dhresource.com/0x0s/f2-albu-g4-M00-66-03-rBVaEFe6biOALDWsAAFYa2tdNDQ275.jpg/high-quality-20pcs-lot-0-7mm-ballpoint-pen.jpg');
INSERT INTO public."CheapHerder_price" ( price_id, quantity, price ) values ( 245, 1, 1.94 );
INSERT INTO public."CheapHerder_product_price" ( item_code_id, price_id_id ) values ( '398036602', 245 );
INSERT INTO public."CheapHerder_price" ( price_id, quantity, price ) values ( 246, 145, 1.77 );
INSERT INTO public."CheapHerder_product_price" ( item_code_id, price_id_id ) values ( '398036602', 246 );
INSERT INTO public."CheapHerder_price" ( price_id, quantity, price ) values ( 247, 500, 1.70 );
INSERT INTO public."CheapHerder_product_price" ( item_code_id, price_id_id ) values ( '398036602', 247 );
INSERT INTO public."CheapHerder_product" (item_code, product_name, category, description, quantity, package_size, gross_weight, image_url) values ('405476864', ' Mail Bags phone bag PE white transparent plastic plastic bags a variety of specifications free shipping', 'Mail Bags', '1. Plastic varieties: HDPE; 2. Packaging level: inner packaging; 3. Supply type: can be customized; 4. Print LOGO: Yes;5.thickness:Red edge 5mm;', '1  Piece', '40.0 * 60.0 * 1.0 ( cm )', '0.005 ( kg )', 'http://www.dhresource.com/0x0s/f2-albu-g4-M00-AA-F9-rBVaEFnd2TGAZhPcAAHbgigwsYI060.jpg/mail-bags-phone-bag-pe-white-transparent.jpg');
INSERT INTO public."CheapHerder_price" ( price_id, quantity, price ) values ( 248, 100, 0.16 );
INSERT INTO public."CheapHerder_product_price" ( item_code_id, price_id_id ) values ( '405476864', 248 );
INSERT INTO public."CheapHerder_price" ( price_id, quantity, price ) values ( 249, 2058, 0.15 );
INSERT INTO public."CheapHerder_product_price" ( item_code_id, price_id_id ) values ( '405476864', 249 );
INSERT INTO public."CheapHerder_price" ( price_id, quantity, price ) values ( 250, 7108, 0.15 );
INSERT INTO public."CheapHerder_product_price" ( item_code_id, price_id_id ) values ( '405476864', 250 );
INSERT INTO public."CheapHerder_product" (item_code, product_name, category, description, quantity, package_size, gross_weight, image_url) values ('395720807', ' Free Shipping MB - High Quality Best Design black silver/golden clip 163 Ballpoint Pen Without Original Box', 'Ballpoint Pens', 'Free Shipping MB - High Quality Best Design black silver/golden clip Ballpoint Pen Without Original Box', '1  Piece', '20.0 * 15.0 * 7.0 ( cm )', '0.1 ( kg )', 'http://www.dhresource.com/0x0s/f2-albu-g5-M00-B1-35-rBVaJFizvviATMQPAAK4XxEeKSs399.jpg/mb-high-quality-best-design-black-silver.jpg');
INSERT INTO public."CheapHerder_price" ( price_id, quantity, price ) values ( 251, 1, 10.73 );
INSERT INTO public."CheapHerder_product_price" ( item_code_id, price_id_id ) values ( '395720807', 251 );
INSERT INTO public."CheapHerder_price" ( price_id, quantity, price ) values ( 252, 10, 10.20 );
INSERT INTO public."CheapHerder_product_price" ( item_code_id, price_id_id ) values ( '395720807', 252 );
INSERT INTO public."CheapHerder_price" ( price_id, quantity, price ) values ( 253, 24, 9.29 );
INSERT INTO public."CheapHerder_product_price" ( item_code_id, price_id_id ) values ( '395720807', 253 );
INSERT INTO public."CheapHerder_price" ( price_id, quantity, price ) values ( 254, 82, 8.97 );
INSERT INTO public."CheapHerder_product_price" ( item_code_id, price_id_id ) values ( '395720807', 254 );
INSERT INTO public."CheapHerder_product" (item_code, product_name, category, description, quantity, package_size, gross_weight, image_url) values ('395658269', ' Poly Mailers 28 x 42cm Self-seal Adhesive Express Shipping Bags Courier Mailing Plastic Bag Envelope Courier Post Postal Mailer Bag 0477WH', 'Mail Bags', '100pcs plastic bag per lot, different size optional, made in poly material, pink color, free shipping, small gift for each order', '1  Piece', '13.0 * 8.0 * 9.0 ( cm )', '0.1 ( kg )', 'http://www.dhresource.com/0x0s/f2-albu-g5-M00-2A-85-rBVaI1h528WAJ3KTAAKEslLmsZs087.jpg/poly-mailers-28-x-42cm-self-seal-adhesive.jpg');
INSERT INTO public."CheapHerder_price" ( price_id, quantity, price ) values ( 255, 100, 0.28 );
INSERT INTO public."CheapHerder_product_price" ( item_code_id, price_id_id ) values ( '395658269', 255 );
INSERT INTO public."CheapHerder_price" ( price_id, quantity, price ) values ( 256, 500, 0.26 );
INSERT INTO public."CheapHerder_product_price" ( item_code_id, price_id_id ) values ( '395658269', 256 );
INSERT INTO public."CheapHerder_price" ( price_id, quantity, price ) values ( 257, 1253, 0.23 );
INSERT INTO public."CheapHerder_product_price" ( item_code_id, price_id_id ) values ( '395658269', 257 );
INSERT INTO public."CheapHerder_price" ( price_id, quantity, price ) values ( 258, 2000, 0.20 );
INSERT INTO public."CheapHerder_product_price" ( item_code_id, price_id_id ) values ( '395658269', 258 );
INSERT INTO public."CheapHerder_price" ( price_id, quantity, price ) values ( 259, 4975, 0.20 );
INSERT INTO public."CheapHerder_product_price" ( item_code_id, price_id_id ) values ( '395658269', 259 );
INSERT INTO public."CheapHerder_product" (item_code, product_name, category, description, quantity, package_size, gross_weight, image_url) values ('239609270', ' 7*13cm (2.8*5.1") Aluminum Foil / Clear Resealable Valve Zipper Plastic Retail Packaging Pack Bag Zip Lock Ziplock Bag Retail Package', 'Packing Bags', '7*13cm (2.8*5.1") Aluminum Foil / Clear Resealable Valve Zipper Plastic Retail Packaging Pack Bag Zip Lock Ziplock Bag Retail Package', '1 Lot  (100 Piece/Lot)', '15.0 * 10.0 * 4.0 ( cm )', '0.16 ( kg )', 'http://www.dhresource.com/0x0s/f2-albu-g1-M00-4E-97-rBVaGVVVotiAKzB8AAG3mS7ZxuU408.jpg/7-13cm-2-8-5-1-aluminum-foil-clear-resealable.jpg');
INSERT INTO public."CheapHerder_price" ( price_id, quantity, price ) values ( 260, 1, 8.00 );
INSERT INTO public."CheapHerder_product_price" ( item_code_id, price_id_id ) values ( '239609270', 260 );
INSERT INTO public."CheapHerder_price" ( price_id, quantity, price ) values ( 261, 3, 7.20 );
INSERT INTO public."CheapHerder_product_price" ( item_code_id, price_id_id ) values ( '239609270', 261 );
INSERT INTO public."CheapHerder_price" ( price_id, quantity, price ) values ( 262, 10, 6.40 );
INSERT INTO public."CheapHerder_product_price" ( item_code_id, price_id_id ) values ( '239609270', 262 );
INSERT INTO public."CheapHerder_price" ( price_id, quantity, price ) values ( 263, 52, 5.84 );
INSERT INTO public."CheapHerder_product_price" ( item_code_id, price_id_id ) values ( '239609270', 263 );
INSERT INTO public."CheapHerder_price" ( price_id, quantity, price ) values ( 264, 178, 5.63 );
INSERT INTO public."CheapHerder_product_price" ( item_code_id, price_id_id ) values ( '239609270', 264 );
INSERT INTO public."CheapHerder_product" (item_code, product_name, category, description, quantity, package_size, gross_weight, image_url) values ('398658022', ' Bank Counting Training Tool Euro Learning Banknotes Collection Education Teaching Money Practicing Joke Props 100Pcs/set', 'Other Office & School Supplies', 'Board Game Money Prop, For Education/bank staff training paper For monopaly game, Use as Joke props, Use for home teaching, Coin Collection Album', '1  Set', '16.0 * 7.0 * 2.0 ( cm )', '0.11 ( kg )', 'http://www.dhresource.com/0x0s/f2-albu-g5-M01-82-41-rBVaJFj4rK-ANmOXAAkcrVcSowc792.jpg/bank-counting-training-tool-euro-learning.jpg');
INSERT INTO public."CheapHerder_price" ( price_id, quantity, price ) values ( 265, 1, 5.21 );
INSERT INTO public."CheapHerder_product_price" ( item_code_id, price_id_id ) values ( '398658022', 265 );
INSERT INTO public."CheapHerder_price" ( price_id, quantity, price ) values ( 266, 2, 4.33 );
INSERT INTO public."CheapHerder_product_price" ( item_code_id, price_id_id ) values ( '398658022', 266 );
INSERT INTO public."CheapHerder_price" ( price_id, quantity, price ) values ( 267, 10, 3.25 );
INSERT INTO public."CheapHerder_product_price" ( item_code_id, price_id_id ) values ( '398658022', 267 );
INSERT INTO public."CheapHerder_price" ( price_id, quantity, price ) values ( 268, 97, 2.96 );
INSERT INTO public."CheapHerder_product_price" ( item_code_id, price_id_id ) values ( '398658022', 268 );
INSERT INTO public."CheapHerder_price" ( price_id, quantity, price ) values ( 269, 333, 2.86 );
INSERT INTO public."CheapHerder_product_price" ( item_code_id, price_id_id ) values ( '398658022', 269 );
INSERT INTO public."CheapHerder_product" (item_code, product_name, category, description, quantity, package_size, gross_weight, image_url) values ('396803976', ' XANAX/2 Punching Die Mold Stamp for candy tablet press mold pill maker Tablet Press Die DHL fast shipping', 'Tablet Press Machines', 'XANAX/2 Punching Die Mold Stamp for candy tablet press mold pill maker TDP-0/1.5/5 15mm*5mm DHL Free shipping What you see is what you get , NO PS', '1  Piece', '10.0 * 10.0 * 10.0 ( cm )', '0.5 ( kg )', 'http://www.dhresource.com/0x0s/f2-albu-g5-M01-0F-D0-rBVaJFjBRsWAIJ1iAAZ4ohaLBp4685.jpg/xanax-2-punching-die-mold-stamp-for-candy.jpg');
INSERT INTO public."CheapHerder_price" ( price_id, quantity, price ) values ( 270, 1, 97.15 );
INSERT INTO public."CheapHerder_product_price" ( item_code_id, price_id_id ) values ( '396803976', 270 );
INSERT INTO public."CheapHerder_price" ( price_id, quantity, price ) values ( 271, 4, 88.55 );
INSERT INTO public."CheapHerder_product_price" ( item_code_id, price_id_id ) values ( '396803976', 271 );
INSERT INTO public."CheapHerder_price" ( price_id, quantity, price ) values ( 272, 12, 85.43 );
INSERT INTO public."CheapHerder_product_price" ( item_code_id, price_id_id ) values ( '396803976', 272 );
INSERT INTO public."CheapHerder_product" (item_code, product_name, category, description, quantity, package_size, gross_weight, image_url) values ('402348188', ' High quality 163-MB pen Classique MST mechanical Pencil 0.7mm gold and silver clip pen stationary supplies', 'Pencils', 'Best gift for your Friends or your family! Great for collection! Unique design and 100% Brand New! Features of exquisite workmanship, dignified style, smooth and comfortable writing, extraordinary design make Pen into an exquisite work of art.', '1  Piece', '20.0 * 10.0 * 3.0 ( cm )', '0.06 ( kg )', 'http://www.dhresource.com/0x0s/f2-albu-g5-M01-13-35-rBVaJFjBawmAFaL_AAEgckFXQ08937.jpg/high-quality-163-mb-pen-classique-mst-mechanical.jpg');
INSERT INTO public."CheapHerder_price" ( price_id, quantity, price ) values ( 273, 1, 12.60 );
INSERT INTO public."CheapHerder_product_price" ( item_code_id, price_id_id ) values ( '402348188', 273 );
INSERT INTO public."CheapHerder_price" ( price_id, quantity, price ) values ( 274, 5, 11.97 );
INSERT INTO public."CheapHerder_product_price" ( item_code_id, price_id_id ) values ( '402348188', 274 );
INSERT INTO public."CheapHerder_price" ( price_id, quantity, price ) values ( 275, 21, 10.91 );
INSERT INTO public."CheapHerder_product_price" ( item_code_id, price_id_id ) values ( '402348188', 275 );
INSERT INTO public."CheapHerder_price" ( price_id, quantity, price ) values ( 276, 73, 10.53 );
INSERT INTO public."CheapHerder_product_price" ( item_code_id, price_id_id ) values ( '402348188', 276 );
INSERT INTO public."CheapHerder_product" (item_code, product_name, category, description, quantity, package_size, gross_weight, image_url) values ('389054550', ' Quality Mobile phone Box for iphone 4s 5 5s SE 5c 6 6s plus Empty Retail Boxes', 'Packing Bags', 'This item is empty box without any phone accessories.You can place mix models order. After you place mix models order , please remark the exactly models you want.', '1  Piece', '15.0 * 14.0 * 14.0 ( cm )', '0.06 ( kg )', 'http://www.dhresource.com/0x0s/f2-albu-g4-M00-BC-E7-rBVaEVewjxmAC1VmAACl3Cnrxms517.jpg/quality-mobile-phone-box-for-iphone-4s-5.jpg');
INSERT INTO public."CheapHerder_price" ( price_id, quantity, price ) values ( 277, 50, 3.66 );
INSERT INTO public."CheapHerder_product_price" ( item_code_id, price_id_id ) values ( '389054550', 277 );
INSERT INTO public."CheapHerder_price" ( price_id, quantity, price ) values ( 278, 90, 3.34 );
INSERT INTO public."CheapHerder_product_price" ( item_code_id, price_id_id ) values ( '389054550', 278 );
INSERT INTO public."CheapHerder_price" ( price_id, quantity, price ) values ( 279, 100, 3.03 );
INSERT INTO public."CheapHerder_product_price" ( item_code_id, price_id_id ) values ( '389054550', 279 );
INSERT INTO public."CheapHerder_price" ( price_id, quantity, price ) values ( 280, 344, 2.92 );
INSERT INTO public."CheapHerder_product_price" ( item_code_id, price_id_id ) values ( '389054550', 280 );
INSERT INTO public."CheapHerder_price" ( price_id, quantity, price ) values ( 281, 500, 2.82 );
INSERT INTO public."CheapHerder_product_price" ( item_code_id, price_id_id ) values ( '389054550', 281 );
INSERT INTO public."CheapHerder_product" (item_code, product_name, category, description, quantity, package_size, gross_weight, image_url) values ('396478583', ' 90 micron 2.5x4 nylon mesh rosin press tea filter bag', 'Hot Stamping Foil', 'Material nylon Common Size 2.5"*4" 90micron Filtration 2.5"*4" 90micron', '1 Lot  (10 Piece/Lot)', '15.0 * 15.0 * 5.0 ( cm )', '0.3 ( kg )', 'http://www.dhresource.com/0x0s/f2-albu-g5-M01-C2-A9-rBVaJFlu9uyAT5f9AAL488G2gEs343.jpg/90-micron-2-5x4-nylon-mesh-rosin-press-tea.jpg');
INSERT INTO public."CheapHerder_price" ( price_id, quantity, price ) values ( 282, 1, 9.15 );
INSERT INTO public."CheapHerder_product_price" ( item_code_id, price_id_id ) values ( '396478583', 282 );
INSERT INTO public."CheapHerder_price" ( price_id, quantity, price ) values ( 283, 36, 8.34 );
INSERT INTO public."CheapHerder_product_price" ( item_code_id, price_id_id ) values ( '396478583', 283 );
INSERT INTO public."CheapHerder_price" ( price_id, quantity, price ) values ( 284, 125, 8.05 );
INSERT INTO public."CheapHerder_product_price" ( item_code_id, price_id_id ) values ( '396478583', 284 );
INSERT INTO public."CheapHerder_product" (item_code, product_name, category, description, quantity, package_size, gross_weight, image_url) values ('386609531', ' 12X20CM,100 X Translucent Aluminium foil Zip Lock Bags - Silver Metallic aluminum Mylar and Resealable plastic pouch clear Front zipper seal', 'Packing Bags', 'Material : Aluminized foil plastic compound. Size: Width * Length - 4.72 x 7.87 Inches(12x20cm). Quantity: 100pcs/lot. Thickness: each side 0.075mm, double-sides 0.15mm. Color: Front Clear , Back Silvery. Style: Three-side seal, Zipper Top. Feature: No smell, Moisture / Smell / Grease proof. Use: Food/Coffee/Candy/Sugar/Tea/Dried fruit/Rice/Snack/Electronic components /Nuts/Powder/Beans ...packaging.', '1 Lot  (100 Piece/Lot)', '15.0 * 25.0 * 8.0 ( cm )', '0.4 ( kg )', 'http://www.dhresource.com/0x0s/f2-albu-g5-M01-28-14-rBVaI1lLVeSANJDRAAKYregI5BA637.jpg/12x20cm-100-x-translucent-aluminium-foil.jpg');
INSERT INTO public."CheapHerder_price" ( price_id, quantity, price ) values ( 285, 1, 12.55 );
INSERT INTO public."CheapHerder_product_price" ( item_code_id, price_id_id ) values ( '386609531', 285 );
INSERT INTO public."CheapHerder_price" ( price_id, quantity, price ) values ( 286, 10, 11.92 );
INSERT INTO public."CheapHerder_product_price" ( item_code_id, price_id_id ) values ( '386609531', 286 );
INSERT INTO public."CheapHerder_price" ( price_id, quantity, price ) values ( 287, 20, 11.30 );
INSERT INTO public."CheapHerder_product_price" ( item_code_id, price_id_id ) values ( '386609531', 287 );
INSERT INTO public."CheapHerder_price" ( price_id, quantity, price ) values ( 288, 30, 10.30 );
INSERT INTO public."CheapHerder_product_price" ( item_code_id, price_id_id ) values ( '386609531', 288 );
INSERT INTO public."CheapHerder_price" ( price_id, quantity, price ) values ( 289, 101, 9.93 );
INSERT INTO public."CheapHerder_product_price" ( item_code_id, price_id_id ) values ( '386609531', 289 );
INSERT INTO public."CheapHerder_product" (item_code, product_name, category, description, quantity, package_size, gross_weight, image_url) values ('395969120', ' 25 micron 2.5x4 nylon mesh rosin press tea filter bag', 'Hot Stamping Foil', 'Material nylon Common Size 2.5"*4" 25micron Filtration 2.5"*4" 25micron', '1 Lot  (10 Piece/Lot)', '15.0 * 15.0 * 5.0 ( cm )', '0.3 ( kg )', 'http://www.dhresource.com/0x0s/f2-albu-g5-M00-81-E5-rBVaI1lu9xuAHSknAAHA4q144TQ200.jpg/25-micron-2-5x4-nylon-mesh-rosin-press-tea.jpg');
INSERT INTO public."CheapHerder_price" ( price_id, quantity, price ) values ( 290, 1, 9.15 );
INSERT INTO public."CheapHerder_product_price" ( item_code_id, price_id_id ) values ( '395969120', 290 );
INSERT INTO public."CheapHerder_price" ( price_id, quantity, price ) values ( 291, 36, 8.34 );
INSERT INTO public."CheapHerder_product_price" ( item_code_id, price_id_id ) values ( '395969120', 291 );
INSERT INTO public."CheapHerder_price" ( price_id, quantity, price ) values ( 292, 125, 8.05 );
INSERT INTO public."CheapHerder_product_price" ( item_code_id, price_id_id ) values ( '395969120', 292 );
INSERT INTO public."CheapHerder_product" (item_code, product_name, category, description, quantity, package_size, gross_weight, image_url) values ('400306319', ' 30pcs 5ml Industrial Syringes with plastic Mixed size Blunt Tip Fill Dispensing Needle :14G,15G,16G,18G,19G,20G,21G,22G,23G,25G', 'Lab Supplies', 'Model Number: 5ml Type: Syringe 1. Use:Ideal tool for injecting ink and industrial dispensing ,can not use for humans 2.Quantity : 30piece Syringes with mixed size needles 3.package:Each package contains 30 pcs 3.Syringes Size : 5ml (5CC) 4.Needle Size : mixed size 14G,15G,16G,18G,19G,20G,21G,22G,23G,25G 5.Needle length : 0.5 inch 6.Material:Plastic 7.Note : No independent packaging, No sterilization', '1 Lot  (30 Piece/Lot)', '10.0 * 8.0 * 5.0 ( cm )', '0.5 ( kg )', 'http://www.dhresource.com/0x0s/f2-albu-g5-M01-2A-FD-rBVaJFkr3H-AFFmVAAS402hoE30048.jpg/30pcs-5ml-industrial-syringes-with-plastic.jpg');
INSERT INTO public."CheapHerder_price" ( price_id, quantity, price ) values ( 293, 1, 12.55 );
INSERT INTO public."CheapHerder_product_price" ( item_code_id, price_id_id ) values ( '400306319', 293 );
INSERT INTO public."CheapHerder_price" ( price_id, quantity, price ) values ( 294, 27, 11.44 );
INSERT INTO public."CheapHerder_product_price" ( item_code_id, price_id_id ) values ( '400306319', 294 );
INSERT INTO public."CheapHerder_price" ( price_id, quantity, price ) values ( 295, 91, 11.04 );
INSERT INTO public."CheapHerder_product_price" ( item_code_id, price_id_id ) values ( '400306319', 295 );
INSERT INTO public."CheapHerder_product" (item_code, product_name, category, description, quantity, package_size, gross_weight, image_url) values ('396524901', ' $1/2/5/10/20/50/100 Dollars Fake Paper Money Bank USA Training Collect Learning Banknotes 100Pcs/Set', 'Other Office & School Supplies', 'Each unit with 100pcs', '1  Set', '20.0 * 10.0 * 10.0 ( cm )', '0.2 ( kg )', 'http://www.dhresource.com/0x0s/f2-albu-g5-M00-93-6D-rBVaI1iya4KAOjWZAACeIacj0U4121.jpg/1-2-5-10-20-50-100-dollars-fake-paper-money.jpg');
INSERT INTO public."CheapHerder_price" ( price_id, quantity, price ) values ( 296, 1, 9.98 );
INSERT INTO public."CheapHerder_product_price" ( item_code_id, price_id_id ) values ( '396524901', 296 );
INSERT INTO public."CheapHerder_price" ( price_id, quantity, price ) values ( 297, 20, 8.33 );
INSERT INTO public."CheapHerder_product_price" ( item_code_id, price_id_id ) values ( '396524901', 297 );
INSERT INTO public."CheapHerder_price" ( price_id, quantity, price ) values ( 298, 36, 7.60 );
INSERT INTO public."CheapHerder_product_price" ( item_code_id, price_id_id ) values ( '396524901', 298 );
INSERT INTO public."CheapHerder_price" ( price_id, quantity, price ) values ( 299, 50, 6.57 );
INSERT INTO public."CheapHerder_product_price" ( item_code_id, price_id_id ) values ( '396524901', 299 );
INSERT INTO public."CheapHerder_price" ( price_id, quantity, price ) values ( 300, 100, 6.18 );
INSERT INTO public."CheapHerder_product_price" ( item_code_id, price_id_id ) values ( '396524901', 300 );
INSERT INTO public."CheapHerder_price" ( price_id, quantity, price ) values ( 301, 151, 5.97 );
INSERT INTO public."CheapHerder_product_price" ( item_code_id, price_id_id ) values ( '396524901', 301 );
INSERT INTO public."CheapHerder_product" (item_code, product_name, category, description, quantity, package_size, gross_weight, image_url) values ('208222349', ' 100g x 0.01g Digital Pocket Scale Balance Weight Jewelry Scales 0.01 gram Cigarette Case scales Free Shipping', 'Weighing Scales', 'High quality and cigarette case design. Weighing scale: 100g * 0.01g. Easy to carry and can be used anytime and anywhere. Digital LED display and easy to read.', '1  Piece', '10.0 * 10.0 * 5.0 ( cm )', '0.25 ( kg )', 'http://www.dhresource.com/albu_901239243_00-1.0x0/100g-x-0-01g-digital-pocket-scale-balance.jpg');
INSERT INTO public."CheapHerder_price" ( price_id, quantity, price ) values ( 302, 1, 11.95 );
INSERT INTO public."CheapHerder_product_price" ( item_code_id, price_id_id ) values ( '208222349', 302 );
INSERT INTO public."CheapHerder_price" ( price_id, quantity, price ) values ( 303, 5, 11.40 );
INSERT INTO public."CheapHerder_product_price" ( item_code_id, price_id_id ) values ( '208222349', 303 );
INSERT INTO public."CheapHerder_price" ( price_id, quantity, price ) values ( 304, 10, 10.86 );
INSERT INTO public."CheapHerder_product_price" ( item_code_id, price_id_id ) values ( '208222349', 304 );
INSERT INTO public."CheapHerder_price" ( price_id, quantity, price ) values ( 305, 29, 9.90 );
INSERT INTO public."CheapHerder_product_price" ( item_code_id, price_id_id ) values ( '208222349', 305 );
INSERT INTO public."CheapHerder_price" ( price_id, quantity, price ) values ( 306, 100, 9.56 );
INSERT INTO public."CheapHerder_product_price" ( item_code_id, price_id_id ) values ( '208222349', 306 );
INSERT INTO public."CheapHerder_product" (item_code, product_name, category, description, quantity, package_size, gross_weight, image_url) values ('375011525', ' Mini Electronic Digital Scale Jewelry weigh Scale Balance Pocket Gram LCD Display Scale With Retail Box 500g/0.1g 200g/0.01g', 'Weighing Scales', 'Brand New High-precision Pocket Electronic Jewelry Scale / Kitchen Scale /ct weighing scale !!! Max. Load: 500g/200g Display Type:LCD Display with blue night light Power Supply:2pcs X 1.5V AAA batteries (not included due to shipping restriction. Units Mode: g / ct / oz / tl 1ct/=0.19997g 1oz/=28.3495g 1dwt/=1.5552g 1ozt/=31.1034g', '1  Piece', '15.0 * 20.0 * 5.0 ( cm )', '0.15 ( kg )', 'http://www.dhresource.com/0x0s/f2-albu-g4-M01-B4-30-rBVaEVddIfCADYY9AAWzu3onGug013.jpg/mini-electronic-digital-scale-jewelry-weigh.jpg');
INSERT INTO public."CheapHerder_price" ( price_id, quantity, price ) values ( 307, 1, 6.75 );
INSERT INTO public."CheapHerder_product_price" ( item_code_id, price_id_id ) values ( '375011525', 307 );
INSERT INTO public."CheapHerder_price" ( price_id, quantity, price ) values ( 308, 5, 6.40 );
INSERT INTO public."CheapHerder_product_price" ( item_code_id, price_id_id ) values ( '375011525', 308 );
INSERT INTO public."CheapHerder_price" ( price_id, quantity, price ) values ( 309, 10, 6.06 );
INSERT INTO public."CheapHerder_product_price" ( item_code_id, price_id_id ) values ( '375011525', 309 );
INSERT INTO public."CheapHerder_price" ( price_id, quantity, price ) values ( 310, 55, 5.53 );
INSERT INTO public."CheapHerder_product_price" ( item_code_id, price_id_id ) values ( '375011525', 310 );
INSERT INTO public."CheapHerder_price" ( price_id, quantity, price ) values ( 311, 60, 5.21 );
INSERT INTO public."CheapHerder_product_price" ( item_code_id, price_id_id ) values ( '375011525', 311 );
INSERT INTO public."CheapHerder_price" ( price_id, quantity, price ) values ( 312, 199, 5.03 );
INSERT INTO public."CheapHerder_product_price" ( item_code_id, price_id_id ) values ( '375011525', 312 );
INSERT INTO public."CheapHerder_product" (item_code, product_name, category, description, quantity, package_size, gross_weight, image_url) values ('397134849', ' 150mm 6inch LCD Digital Electronic Carbon Fiber Vernier Caliper Gauge Micrometer Plastic Caliper', 'Vernier Calipers', 'Material:Plastic Color : Black and silver Package Contents: 1 x LCD Digital Caliper', '1  Piece', '16.0 * 10.0 * 5.0 ( cm )', '0.6 ( kg )', 'http://www.dhresource.com/0x0s/f2-albu-g5-M01-94-45-rBVaI1jxuFqAEn9GAAD9eMZ7ju8495.jpg/150mm-6inch-lcd-digital-electronic-carbon.jpg');
INSERT INTO public."CheapHerder_price" ( price_id, quantity, price ) values ( 313, 1, 5.43 );
INSERT INTO public."CheapHerder_product_price" ( item_code_id, price_id_id ) values ( '397134849', 313 );
INSERT INTO public."CheapHerder_price" ( price_id, quantity, price ) values ( 314, 20, 5.32 );
INSERT INTO public."CheapHerder_product_price" ( item_code_id, price_id_id ) values ( '397134849', 314 );
INSERT INTO public."CheapHerder_price" ( price_id, quantity, price ) values ( 315, 59, 4.85 );
INSERT INTO public."CheapHerder_product_price" ( item_code_id, price_id_id ) values ( '397134849', 315 );
INSERT INTO public."CheapHerder_price" ( price_id, quantity, price ) values ( 316, 60, 4.75 );
INSERT INTO public."CheapHerder_product_price" ( item_code_id, price_id_id ) values ( '397134849', 316 );
INSERT INTO public."CheapHerder_price" ( price_id, quantity, price ) values ( 317, 100, 4.66 );
INSERT INTO public."CheapHerder_product_price" ( item_code_id, price_id_id ) values ( '397134849', 317 );
INSERT INTO public."CheapHerder_price" ( price_id, quantity, price ) values ( 318, 212, 4.49 );
INSERT INTO public."CheapHerder_product_price" ( item_code_id, price_id_id ) values ( '397134849', 318 );
INSERT INTO public."CheapHerder_product" (item_code, product_name, category, description, quantity, package_size, gross_weight, image_url) values ('398764664', ' Transformers stationery student boys multi - functional double - sided pencil case pencil caseT111076', 'Pencil Cases', 'Pen box in the Transformers With multi-function keys Pulley calendar Lift penholder Pencil sharpener Storage warehouse', '1  Piece', '30.0 * 10.0 * 5.0 ( cm )', '0.35 ( kg )', 'http://www.dhresource.com/0x0s/f2-albu-g5-M01-84-93-rBVaI1j8vJWAVBJnAAJgNVSSLPM948.jpg/transformers-stationery-student-boys-multi.jpg');
INSERT INTO public."CheapHerder_price" ( price_id, quantity, price ) values ( 319, 1, 14.86 );
INSERT INTO public."CheapHerder_product_price" ( item_code_id, price_id_id ) values ( '398764664', 319 );
INSERT INTO public."CheapHerder_price" ( price_id, quantity, price ) values ( 320, 23, 13.55 );
INSERT INTO public."CheapHerder_product_price" ( item_code_id, price_id_id ) values ( '398764664', 320 );
INSERT INTO public."CheapHerder_price" ( price_id, quantity, price ) values ( 321, 77, 13.07 );
INSERT INTO public."CheapHerder_product_price" ( item_code_id, price_id_id ) values ( '398764664', 321 );
INSERT INTO public."CheapHerder_product" (item_code, product_name, category, description, quantity, package_size, gross_weight, image_url) values ('396894093', ' Free Shipping MB-High Quality Best Design black silver clip Ballpoint Pen and roller pen options Without Original Box', 'Ballpoint Pens', 'Free Shipping MB-High Quality Best Design black silver clip Ballpoint Pen and roller pen options Without Original Box', '1  Piece', '20.0 * 15.0 * 7.0 ( cm )', '0.1 ( kg )', 'http://www.dhresource.com/0x0s/f2-albu-g5-M00-8B-D9-rBVaI1i_mVeAcMU5AACAi8yH1FQ149.jpg/mb-high-quality-best-design-black-silver.jpg');
INSERT INTO public."CheapHerder_price" ( price_id, quantity, price ) values ( 322, 1, 11.19 );
INSERT INTO public."CheapHerder_product_price" ( item_code_id, price_id_id ) values ( '396894093', 322 );
INSERT INTO public."CheapHerder_price" ( price_id, quantity, price ) values ( 323, 2, 10.62 );
INSERT INTO public."CheapHerder_product_price" ( item_code_id, price_id_id ) values ( '396894093', 323 );
INSERT INTO public."CheapHerder_price" ( price_id, quantity, price ) values ( 324, 5, 10.53 );
INSERT INTO public."CheapHerder_product_price" ( item_code_id, price_id_id ) values ( '396894093', 324 );
INSERT INTO public."CheapHerder_price" ( price_id, quantity, price ) values ( 325, 24, 9.60 );
INSERT INTO public."CheapHerder_product_price" ( item_code_id, price_id_id ) values ( '396894093', 325 );
INSERT INTO public."CheapHerder_price" ( price_id, quantity, price ) values ( 326, 83, 9.26 );
INSERT INTO public."CheapHerder_product_price" ( item_code_id, price_id_id ) values ( '396894093', 326 );
INSERT INTO public."CheapHerder_product" (item_code, product_name, category, description, quantity, package_size, gross_weight, image_url) values ('399471120', ' GBP 5/10/20/50 for props and Education/bank staff training paper/fake money/copy money/children gift collection', 'Other Office & School Supplies', 'Training Banknote Not legal tender!!! Purchasing tips: This is Bank Training Ornamental Learning Favorite Commemorate Appreciate supplies,Not legal tender, This is not in circulation. Please Read the description as good before buying. Lest some misunderstanding occured. Proportion:1:1 Difference from real money: real money is three-dimensional printing, Training Banknotes is screen printing.', '1  Set', '16.0 * 10.0 * 10.0 ( cm )', '0.1 ( kg )', 'http://www.dhresource.com/0x0s/f2-albu-g5-M01-E2-5D-rBVaJFkTUOGAWFqlAAGHvKb5ymQ773.jpg/gbp-5-10-20-50-for-props-and-education-bank.jpg');
INSERT INTO public."CheapHerder_price" ( price_id, quantity, price ) values ( 327, 1, 9.98 );
INSERT INTO public."CheapHerder_product_price" ( item_code_id, price_id_id ) values ( '399471120', 327 );
INSERT INTO public."CheapHerder_price" ( price_id, quantity, price ) values ( 328, 20, 8.33 );
INSERT INTO public."CheapHerder_product_price" ( item_code_id, price_id_id ) values ( '399471120', 328 );
INSERT INTO public."CheapHerder_price" ( price_id, quantity, price ) values ( 329, 35, 7.59 );
INSERT INTO public."CheapHerder_product_price" ( item_code_id, price_id_id ) values ( '399471120', 329 );
INSERT INTO public."CheapHerder_price" ( price_id, quantity, price ) values ( 330, 50, 6.57 );
INSERT INTO public."CheapHerder_product_price" ( item_code_id, price_id_id ) values ( '399471120', 330 );
INSERT INTO public."CheapHerder_price" ( price_id, quantity, price ) values ( 331, 100, 6.18 );
INSERT INTO public."CheapHerder_product_price" ( item_code_id, price_id_id ) values ( '399471120', 331 );
INSERT INTO public."CheapHerder_price" ( price_id, quantity, price ) values ( 332, 148, 5.96 );
INSERT INTO public."CheapHerder_product_price" ( item_code_id, price_id_id ) values ( '399471120', 332 );
INSERT INTO public."CheapHerder_product" (item_code, product_name, category, description, quantity, package_size, gross_weight, image_url) values ('398027172', ' ball nose end mill 65 Degree Tungsten Cobalt Alloy tool R0.5-8mm Taiwan Solid Carbide milling cutter for Steel S6H5B', 'Common Tools', 'taiwan solid carbide end mills ,ALTiN coating,HRC 65,2Flutes milling cutter for Metal cutting.Tungsten Cobalt Alloy tools for steel.high speed cutting,high hard cutting.', '1  Piece', '12.0 * 2.0 * 2.0 ( cm )', '0.5 ( kg )', 'http://www.dhresource.com/0x0s/f2-albu-g5-M01-4F-67-rBVaJFjl0aeAXSo9AADnEjDWW3M739.jpg/ball-nose-end-mill-65-degree-tungsten-cobalt.jpg');
INSERT INTO public."CheapHerder_price" ( price_id, quantity, price ) values ( 333, 1, 21.64 );
INSERT INTO public."CheapHerder_product_price" ( item_code_id, price_id_id ) values ( '398027172', 333 );
INSERT INTO public."CheapHerder_price" ( price_id, quantity, price ) values ( 334, 16, 19.72 );
INSERT INTO public."CheapHerder_product_price" ( item_code_id, price_id_id ) values ( '398027172', 334 );
INSERT INTO public."CheapHerder_price" ( price_id, quantity, price ) values ( 335, 53, 19.03 );
INSERT INTO public."CheapHerder_product_price" ( item_code_id, price_id_id ) values ( '398027172', 335 );
INSERT INTO public."CheapHerder_price" ( price_id, quantity, price ) values ( 336, 500, 13.05 );
INSERT INTO public."CheapHerder_product_price" ( item_code_id, price_id_id ) values ( '398027172', 336 );
INSERT INTO public."CheapHerder_price" ( price_id, quantity, price ) values ( 337, 1000, 11.24 );
INSERT INTO public."CheapHerder_product_price" ( item_code_id, price_id_id ) values ( '398027172', 337 );
INSERT INTO public."CheapHerder_product" (item_code, product_name, category, description, quantity, package_size, gross_weight, image_url) values ('405316442', ' New French Men Cufflinks 2017 Small Round Marble Gemelos Luxury Wedding Groom Groomsmen Gift Suit Shirt Custom Cuff Links mb', 'Metals & Alloys', 'Special discount!!! FACTORY OUTLET SALES!!.Top quality; Competitive price; Fast free shipping;Combin order;Drop shipping available;Best and Timely Service; 100% Satisfaction;Big Discount for big order. if you need the Other brand Cufflinks , please show me the pictures to the inbox of DHgate or tell me the brands name , i will show you some pictures , thank you !', '1  Piece', '25.0 * 15.0 * 10.0 ( cm )', '0.08 ( kg )', 'http://www.dhresource.com/0x0s/f2-albu-g5-M01-7C-20-rBVaJFnXGEOALzAWAAA3tewo6Zg442.jpg/new-french-men-cufflinks-2017-small-round.jpg');
INSERT INTO public."CheapHerder_price" ( price_id, quantity, price ) values ( 338, 1, 8.55 );
INSERT INTO public."CheapHerder_product_price" ( item_code_id, price_id_id ) values ( '405316442', 338 );
INSERT INTO public."CheapHerder_price" ( price_id, quantity, price ) values ( 339, 2, 7.69 );
INSERT INTO public."CheapHerder_product_price" ( item_code_id, price_id_id ) values ( '405316442', 339 );
INSERT INTO public."CheapHerder_price" ( price_id, quantity, price ) values ( 340, 5, 7.27 );
INSERT INTO public."CheapHerder_product_price" ( item_code_id, price_id_id ) values ( '405316442', 340 );
INSERT INTO public."CheapHerder_price" ( price_id, quantity, price ) values ( 341, 30, 6.62 );
INSERT INTO public."CheapHerder_product_price" ( item_code_id, price_id_id ) values ( '405316442', 341 );
INSERT INTO public."CheapHerder_price" ( price_id, quantity, price ) values ( 342, 102, 6.39 );
INSERT INTO public."CheapHerder_product_price" ( item_code_id, price_id_id ) values ( '405316442', 342 );
INSERT INTO public."CheapHerder_product" (item_code, product_name, category, description, quantity, package_size, gross_weight, image_url) values ('402361020', ' Luxury pen P163 Germany Brand silver wave pen rose/golden/silver clip stationary MB ballpoint pens with series number', 'Ballpoint Pens', 'Please don''t hesitate to contact us if you have any questions or concerns before or after your purchase. We are committed to your 100% satisfaction.', '1  Piece', '20.0 * 10.0 * 5.0 ( cm )', '0.1 ( kg )', 'http://www.dhresource.com/0x0s/f2-albu-g5-M01-46-54-rBVaI1luz6iAWOF1AAC2f0jUGEw221.jpg/luxury-pen-p163-germany-brand-silver-wave.jpg');
INSERT INTO public."CheapHerder_price" ( price_id, quantity, price ) values ( 343, 1, 11.32 );
INSERT INTO public."CheapHerder_product_price" ( item_code_id, price_id_id ) values ( '402361020', 343 );
INSERT INTO public."CheapHerder_price" ( price_id, quantity, price ) values ( 344, 2, 10.85 );
INSERT INTO public."CheapHerder_product_price" ( item_code_id, price_id_id ) values ( '402361020', 344 );
INSERT INTO public."CheapHerder_price" ( price_id, quantity, price ) values ( 345, 3, 10.63 );
INSERT INTO public."CheapHerder_product_price" ( item_code_id, price_id_id ) values ( '402361020', 345 );
INSERT INTO public."CheapHerder_price" ( price_id, quantity, price ) values ( 346, 5, 10.29 );
INSERT INTO public."CheapHerder_product_price" ( item_code_id, price_id_id ) values ( '402361020', 346 );
INSERT INTO public."CheapHerder_price" ( price_id, quantity, price ) values ( 347, 29, 9.38 );
INSERT INTO public."CheapHerder_product_price" ( item_code_id, price_id_id ) values ( '402361020', 347 );
INSERT INTO public."CheapHerder_price" ( price_id, quantity, price ) values ( 348, 100, 9.05 );
INSERT INTO public."CheapHerder_product_price" ( item_code_id, price_id_id ) values ( '402361020', 348 );
INSERT INTO public."CheapHerder_product" (item_code, product_name, category, description, quantity, package_size, gross_weight, image_url) values ('212691951', ' Digital Thermometer Clock LCD Alarm Calendar LED Backlight Desktop Clocks with Blue Backlight Blue Music Alarm Clock Led Alarm Clock Best', 'Temperature Instruments', 'Digital Thermometer Clock LCD Alarm Calendar LED Backlight Desktop Clocks with Blue Backlight Blue Music Alarm Clock Led Alarm Clock Best', '1  Piece', '15.0 * 10.0 * 10.0 ( cm )', '0.2 ( kg )', 'http://www.dhresource.com/0x0s/f2-albu-g5-M01-A9-77-rBVaI1iDHSGAZ0KDAAE5qcyQ_Wc870.jpg/digital-thermometer-clock-lcd-alarm-calendar.jpg');
INSERT INTO public."CheapHerder_price" ( price_id, quantity, price ) values ( 349, 1, 6.04 );
INSERT INTO public."CheapHerder_product_price" ( item_code_id, price_id_id ) values ( '212691951', 349 );
INSERT INTO public."CheapHerder_price" ( price_id, quantity, price ) values ( 350, 10, 5.63 );
INSERT INTO public."CheapHerder_product_price" ( item_code_id, price_id_id ) values ( '212691951', 350 );
INSERT INTO public."CheapHerder_price" ( price_id, quantity, price ) values ( 351, 20, 5.30 );
INSERT INTO public."CheapHerder_product_price" ( item_code_id, price_id_id ) values ( '212691951', 351 );
INSERT INTO public."CheapHerder_price" ( price_id, quantity, price ) values ( 352, 50, 4.84 );
INSERT INTO public."CheapHerder_product_price" ( item_code_id, price_id_id ) values ( '212691951', 352 );
INSERT INTO public."CheapHerder_price" ( price_id, quantity, price ) values ( 353, 172, 4.66 );
INSERT INTO public."CheapHerder_product_price" ( item_code_id, price_id_id ) values ( '212691951', 353 );
INSERT INTO public."CheapHerder_product" (item_code, product_name, category, description, quantity, package_size, gross_weight, image_url) values ('198352200', ' High Quality 17x29cm Poly Self-seal Self Adhesive Express Shipping Bags Courier Mailing Plastic Bag Envelope Courier Post Postal Mailer Bag', 'Mail Bags', 'High Quality 17x29cm Poly Self-seal Self Adhesive Express Shipping Bags Courier Mailing Plastic Bag Envelope Courier Post Postal Mailer Bag', '1  Piece', '10.0 * 10.0 * 10.0 ( cm )', '0.6 ( kg )', 'http://www.dhresource.com/albu_797276785_00-1.0x0/high-quality-17x29cm-poly-self-seal-self.jpg');
INSERT INTO public."CheapHerder_price" ( price_id, quantity, price ) values ( 354, 100, 0.11 );
INSERT INTO public."CheapHerder_product_price" ( item_code_id, price_id_id ) values ( '198352200', 354 );
INSERT INTO public."CheapHerder_price" ( price_id, quantity, price ) values ( 355, 500, 0.10 );
INSERT INTO public."CheapHerder_product_price" ( item_code_id, price_id_id ) values ( '198352200', 355 );
INSERT INTO public."CheapHerder_price" ( price_id, quantity, price ) values ( 356, 3600, 0.09 );
INSERT INTO public."CheapHerder_product_price" ( item_code_id, price_id_id ) values ( '198352200', 356 );
INSERT INTO public."CheapHerder_price" ( price_id, quantity, price ) values ( 357, 4000, 0.08 );
INSERT INTO public."CheapHerder_product_price" ( item_code_id, price_id_id ) values ( '198352200', 357 );
INSERT INTO public."CheapHerder_price" ( price_id, quantity, price ) values ( 358, 4115, 0.08 );
INSERT INTO public."CheapHerder_product_price" ( item_code_id, price_id_id ) values ( '198352200', 358 );
INSERT INTO public."CheapHerder_price" ( price_id, quantity, price ) values ( 359, 14215, 0.08 );
INSERT INTO public."CheapHerder_product_price" ( item_code_id, price_id_id ) values ( '198352200', 359 );
INSERT INTO public."CheapHerder_product" (item_code, product_name, category, description, quantity, package_size, gross_weight, image_url) values ('405476864', ' Mail Bags phone bag PE white transparent plastic plastic bags a variety of specifications free shipping', 'Mail Bags', '1. Plastic varieties: HDPE; 2. Packaging level: inner packaging; 3. Supply type: can be customized; 4. Print LOGO: Yes;5.thickness:Red edge 5mm;', '1  Piece', '40.0 * 60.0 * 1.0 ( cm )', '0.005 ( kg )', 'http://www.dhresource.com/0x0s/f2-albu-g4-M00-AA-F9-rBVaEFnd2TGAZhPcAAHbgigwsYI060.jpg/mail-bags-phone-bag-pe-white-transparent.jpg');
INSERT INTO public."CheapHerder_price" ( price_id, quantity, price ) values ( 360, 100, 0.16 );
INSERT INTO public."CheapHerder_product_price" ( item_code_id, price_id_id ) values ( '405476864', 360 );
INSERT INTO public."CheapHerder_price" ( price_id, quantity, price ) values ( 361, 2058, 0.15 );
INSERT INTO public."CheapHerder_product_price" ( item_code_id, price_id_id ) values ( '405476864', 361 );
INSERT INTO public."CheapHerder_price" ( price_id, quantity, price ) values ( 362, 7108, 0.15 );
INSERT INTO public."CheapHerder_product_price" ( item_code_id, price_id_id ) values ( '405476864', 362 );
INSERT INTO public."CheapHerder_product" (item_code, product_name, category, description, quantity, package_size, gross_weight, image_url) values ('405205966', ' Luxury black checks Starwake mb Roller Ball pen Germany Brand Rollerball Pen with series number crystal top', 'Gel Pens', 'Please don''t hesitate to contact us if you have any questions or concerns before or after your purchase. We are committed to your 100% satisfaction.', '1  Piece', '20.0 * 10.0 * 5.0 ( cm )', '0.1 ( kg )', 'http://www.dhresource.com/0x0s/f2-albu-g5-M00-DF-83-rBVaJFnOWCuAR2BxAAG4ELk9txQ672.jpg/luxury-black-checks-starwake-mb-roller-ball.jpg');
INSERT INTO public."CheapHerder_price" ( price_id, quantity, price ) values ( 363, 1, 7.78 );
INSERT INTO public."CheapHerder_product_price" ( item_code_id, price_id_id ) values ( '405205966', 363 );
INSERT INTO public."CheapHerder_price" ( price_id, quantity, price ) values ( 364, 3, 7.68 );
INSERT INTO public."CheapHerder_product_price" ( item_code_id, price_id_id ) values ( '405205966', 364 );
INSERT INTO public."CheapHerder_price" ( price_id, quantity, price ) values ( 365, 5, 7.59 );
INSERT INTO public."CheapHerder_product_price" ( item_code_id, price_id_id ) values ( '405205966', 365 );
INSERT INTO public."CheapHerder_price" ( price_id, quantity, price ) values ( 366, 7, 7.41 );
INSERT INTO public."CheapHerder_product_price" ( item_code_id, price_id_id ) values ( '405205966', 366 );
INSERT INTO public."CheapHerder_price" ( price_id, quantity, price ) values ( 367, 36, 6.75 );
INSERT INTO public."CheapHerder_product_price" ( item_code_id, price_id_id ) values ( '405205966', 367 );
INSERT INTO public."CheapHerder_price" ( price_id, quantity, price ) values ( 368, 123, 6.52 );
INSERT INTO public."CheapHerder_product_price" ( item_code_id, price_id_id ) values ( '405205966', 368 );
INSERT INTO public."CheapHerder_product" (item_code, product_name, category, description, quantity, package_size, gross_weight, image_url) values ('384415893', ' Wholesale-100 Pcs Top Quality Ballpoint Pike Pen Refills 0.7mm black Ink M Point Hot selling Parker 424 blue black refill Free Shipping', 'Gel Pens', 'Wholesale-100 Pcs Top Quality Ballpoint Pike Pen Refills 0.7mm black Ink M Point Hot selling Parker 424 blue black refill Free Shipping', '1 Lot  (100 Piece/Lot)', '20.0 * 20.0 * 20.0 ( cm )', '0.15 ( kg )', 'http://www.dhresource.com/albu_1066833727_00-1.0x0/wholesale-100-pcs-top-quality-ballpoint-pike.jpg');
INSERT INTO public."CheapHerder_price" ( price_id, quantity, price ) values ( 369, 1, 12.36 );
INSERT INTO public."CheapHerder_product_price" ( item_code_id, price_id_id ) values ( '384415893', 369 );
INSERT INTO public."CheapHerder_price" ( price_id, quantity, price ) values ( 370, 2, 11.74 );
INSERT INTO public."CheapHerder_product_price" ( item_code_id, price_id_id ) values ( '384415893', 370 );
INSERT INTO public."CheapHerder_price" ( price_id, quantity, price ) values ( 371, 3, 11.37 );
INSERT INTO public."CheapHerder_product_price" ( item_code_id, price_id_id ) values ( '384415893', 371 );
INSERT INTO public."CheapHerder_price" ( price_id, quantity, price ) values ( 372, 10, 11.12 );
INSERT INTO public."CheapHerder_product_price" ( item_code_id, price_id_id ) values ( '384415893', 372 );
INSERT INTO public."CheapHerder_price" ( price_id, quantity, price ) values ( 373, 19, 10.14 );
INSERT INTO public."CheapHerder_product_price" ( item_code_id, price_id_id ) values ( '384415893', 373 );
INSERT INTO public."CheapHerder_price" ( price_id, quantity, price ) values ( 374, 66, 9.78 );
INSERT INTO public."CheapHerder_product_price" ( item_code_id, price_id_id ) values ( '384415893', 374 );
INSERT INTO public."CheapHerder_product" (item_code, product_name, category, description, quantity, package_size, gross_weight, image_url) values ('400153011', ' 6 Colors Parker Urban Rollerball Pen Business Stationery Silver Gold Clip Parker Roller Ball Pen Luxury Gift Writing office school Supplies', 'Ballpoint Pens', 'Note: Sell single pen, without pen box. Pen Weight: 35g. Pen material: Full Metal. Writing Point: 0.5mm Medium. Pen Length: 138mm.', '1  Piece', '17.0 * 12.0 * 3.0 ( cm )', '0.042 ( kg )', 'http://www.dhresource.com/0x0s/f2-albu-g5-M01-03-27-rBVaJFkmrbWAOXRBAAMCewPqTyE698.jpg/6-colors-parker-urban-rollerball-pen-business.jpg');
INSERT INTO public."CheapHerder_price" ( price_id, quantity, price ) values ( 375, 1, 3.75 );
INSERT INTO public."CheapHerder_product_price" ( item_code_id, price_id_id ) values ( '400153011', 375 );
INSERT INTO public."CheapHerder_price" ( price_id, quantity, price ) values ( 376, 2, 3.38 );
INSERT INTO public."CheapHerder_product_price" ( item_code_id, price_id_id ) values ( '400153011', 376 );
INSERT INTO public."CheapHerder_price" ( price_id, quantity, price ) values ( 377, 69, 3.08 );
INSERT INTO public."CheapHerder_product_price" ( item_code_id, price_id_id ) values ( '400153011', 377 );
INSERT INTO public."CheapHerder_price" ( price_id, quantity, price ) values ( 378, 236, 2.98 );
INSERT INTO public."CheapHerder_product_price" ( item_code_id, price_id_id ) values ( '400153011', 378 );
INSERT INTO public."CheapHerder_product" (item_code, product_name, category, description, quantity, package_size, gross_weight, image_url) values ('398230306', ' 4x6in Mail Poly Mailer Mailing Bags Express Organizer Organizador Bolsas White Storage Adesivos Plastic De Plastico Embalagem Saco Envelope', 'Mail Bags', 'Use the new PE material, no impurities, feel smooth, sealed good viscosity, high strength and wear resistance, suitable for express transportation goods packaging. Bags are more than exports alone products, please take a bag stock specific inquiries. If the size is 1-3 mm error, it is normal, if you can not accept please do not shoot', '1 Lot  (100 Piece/Lot)', '10.0 * 10.0 * 10.0 ( cm )', '0.12 ( kg )', 'http://www.dhresource.com/0x0s/f2-albu-g5-M01-34-55-rBVaJFjsOOiAPdBYAADl_yrFXRs379.jpg/4x6in-mail-poly-mailer-mailing-bags-express.jpg');
INSERT INTO public."CheapHerder_price" ( price_id, quantity, price ) values ( 379, 1, 7.02 );
INSERT INTO public."CheapHerder_product_price" ( item_code_id, price_id_id ) values ( '398230306', 379 );
INSERT INTO public."CheapHerder_price" ( price_id, quantity, price ) values ( 380, 2, 5.88 );
INSERT INTO public."CheapHerder_product_price" ( item_code_id, price_id_id ) values ( '398230306', 380 );
INSERT INTO public."CheapHerder_price" ( price_id, quantity, price ) values ( 381, 5, 5.03 );
INSERT INTO public."CheapHerder_product_price" ( item_code_id, price_id_id ) values ( '398230306', 381 );
INSERT INTO public."CheapHerder_price" ( price_id, quantity, price ) values ( 382, 10, 4.62 );
INSERT INTO public."CheapHerder_product_price" ( item_code_id, price_id_id ) values ( '398230306', 382 );
INSERT INTO public."CheapHerder_price" ( price_id, quantity, price ) values ( 383, 72, 4.21 );
INSERT INTO public."CheapHerder_product_price" ( item_code_id, price_id_id ) values ( '398230306', 383 );
INSERT INTO public."CheapHerder_price" ( price_id, quantity, price ) values ( 384, 247, 4.07 );
INSERT INTO public."CheapHerder_product_price" ( item_code_id, price_id_id ) values ( '398230306', 384 );
INSERT INTO public."CheapHerder_product" (item_code, product_name, category, description, quantity, package_size, gross_weight, image_url) values ('394294574', ' Solid 6061 Aluminium 3x5in Rosin Press Plates include heater rod dual controller PID with carrying case free shipping BY DHL', 'Other Industrial Equipment', 'Top and Bottom 3inx 5in plates 2 x heater 1 x dual pid controler 1 x power cord Top plate attaches to 2in and smaller press Rams.', '1  Piece', '30.0 * 60.0 * 32.0 ( cm )', '5.0 ( kg )', 'http://www.dhresource.com/0x0s/f2-albu-g5-M01-41-15-rBVaJFjCYwSAR0GQAAwki2qsijY459.jpg/solid-6061-aluminium-3x5in-rosin-press-plates.jpg');
INSERT INTO public."CheapHerder_price" ( price_id, quantity, price ) values ( 385, 1, 211.13 );
INSERT INTO public."CheapHerder_product_price" ( item_code_id, price_id_id ) values ( '394294574', 385 );
INSERT INTO public."CheapHerder_price" ( price_id, quantity, price ) values ( 386, 2, 192.44 );
INSERT INTO public."CheapHerder_product_price" ( item_code_id, price_id_id ) values ( '394294574', 386 );
INSERT INTO public."CheapHerder_price" ( price_id, quantity, price ) values ( 387, 5, 185.67 );
INSERT INTO public."CheapHerder_product_price" ( item_code_id, price_id_id ) values ( '394294574', 387 );
INSERT INTO public."CheapHerder_product" (item_code, product_name, category, description, quantity, package_size, gross_weight, image_url) values ('392317621', ' Earliest edition Money/banknote USD100 for props and Education/bank staff training paper/play money/currency money/children gift', 'Other Office & School Supplies', 'Training Banknote Not legal tender!!! Purchasing tips: This is Bank Training Ornamental Learning Favorite Commemorate Appreciate supplies,Not legal tender, This is not in circulation. Please Read the description as good before buying. Lest some misunderstanding occured. Difference from real money: real money is three-dimensional printing, Training Banknotes is screen printing.', '1  Set', '15.8 * 6.6 * 1.2 ( cm )', '0.1 ( kg )', 'http://www.dhresource.com/0x0s/f2-albu-g5-M00-CF-10-rBVaI1iAI0iASxfNAAHIvN4eGko893.jpg/earliest-edition-money-banknote-usd100-for.jpg');
INSERT INTO public."CheapHerder_price" ( price_id, quantity, price ) values ( 388, 1, 5.95 );
INSERT INTO public."CheapHerder_product_price" ( item_code_id, price_id_id ) values ( '392317621', 388 );
INSERT INTO public."CheapHerder_price" ( price_id, quantity, price ) values ( 389, 5, 5.89 );
INSERT INTO public."CheapHerder_product_price" ( item_code_id, price_id_id ) values ( '392317621', 389 );
INSERT INTO public."CheapHerder_price" ( price_id, quantity, price ) values ( 390, 10, 5.65 );
INSERT INTO public."CheapHerder_product_price" ( item_code_id, price_id_id ) values ( '392317621', 390 );
INSERT INTO public."CheapHerder_price" ( price_id, quantity, price ) values ( 391, 59, 5.15 );
INSERT INTO public."CheapHerder_product_price" ( item_code_id, price_id_id ) values ( '392317621', 391 );
INSERT INTO public."CheapHerder_price" ( price_id, quantity, price ) values ( 392, 100, 4.07 );
INSERT INTO public."CheapHerder_product_price" ( item_code_id, price_id_id ) values ( '392317621', 392 );
INSERT INTO public."CheapHerder_price" ( price_id, quantity, price ) values ( 393, 256, 3.92 );
INSERT INTO public."CheapHerder_product_price" ( item_code_id, price_id_id ) values ( '392317621', 393 );
INSERT INTO public."CheapHerder_product" (item_code, product_name, category, description, quantity, package_size, gross_weight, image_url) values ('387187089', ' M30/a215/4812 Stamp Circlar Round Die Mold/Press Mold/Punch Die Mould for Single Punch Press Machine TDP-0/1.5T/5T', 'Other Replacement Parts', 'Stamp Circlar Round Die Mold/ Press Mold/ Punch Die Mould for Single Punch Press Machine TDP-0/1.5T(6mm) ---------------------------- Size OPTIONAL------------------------ TDP-0T / TDP-1.5T / TDP-5 6mm TDP-0T / TDP-1.5T / TDP-5T mm Components & Specification 1xTop die (Dia 10mm) 1x Middle punch(TDP0/1.5 Dia 28mm;TDP5.0:Dia 37mm TDP6.0:Dia 40mm; height 17mm) 1x Bottom die(Dia 10mm)', '1  Set', '10.0 * 10.0 * 10.0 ( cm )', '0.3 ( kg )', 'http://www.dhresource.com/0x0s/f2-albu-g5-M00-89-49-rBVaJFmrqFyAY2ZkAAEUnRMy6F4849.jpg/m30-a215-4812-stamp-circlar-round-die-mold.jpg');
INSERT INTO public."CheapHerder_price" ( price_id, quantity, price ) values ( 394, 1, 77.72 );
INSERT INTO public."CheapHerder_product_price" ( item_code_id, price_id_id ) values ( '387187089', 394 );
INSERT INTO public."CheapHerder_price" ( price_id, quantity, price ) values ( 395, 5, 70.84 );
INSERT INTO public."CheapHerder_product_price" ( item_code_id, price_id_id ) values ( '387187089', 395 );
INSERT INTO public."CheapHerder_price" ( price_id, quantity, price ) values ( 396, 15, 68.35 );
INSERT INTO public."CheapHerder_product_price" ( item_code_id, price_id_id ) values ( '387187089', 396 );
INSERT INTO public."CheapHerder_product" (item_code, product_name, category, description, quantity, package_size, gross_weight, image_url) values ('386988779', ' Wholesale-Hot Electric Solenoid Valve Magnetic DC 12V N/C Water Air Inlet Flow Switch 1/2" Free Shipping', 'Flow Sensors', 'Cheap switch ac, Buy Quality switch stick directly from China valve wholesale Suppliers: Description:  Material: Metal + plastic Voltage:DC 12V Inlet and outlet:hose barbs for 1/2" (outer', '1 Lot  (3 Piece/Lot)', '20.0 * 16.0 * 25.0 ( cm )', '0.57 ( kg )', 'http://www.dhresource.com/0x0s/f2-albu-g4-M01-2F-07-rBVaEFdwM2CAT2yNAACy-D2gjJM078.jpg/wholesale-hot-electric-solenoid-valve-magnetic.jpg');
INSERT INTO public."CheapHerder_price" ( price_id, quantity, price ) values ( 397, 1, 14.41 );
INSERT INTO public."CheapHerder_product_price" ( item_code_id, price_id_id ) values ( '386988779', 397 );
INSERT INTO public."CheapHerder_price" ( price_id, quantity, price ) values ( 398, 2, 13.99 );
INSERT INTO public."CheapHerder_product_price" ( item_code_id, price_id_id ) values ( '386988779', 398 );
INSERT INTO public."CheapHerder_price" ( price_id, quantity, price ) values ( 399, 16, 12.75 );
INSERT INTO public."CheapHerder_product_price" ( item_code_id, price_id_id ) values ( '386988779', 399 );
INSERT INTO public."CheapHerder_price" ( price_id, quantity, price ) values ( 400, 54, 12.30 );
INSERT INTO public."CheapHerder_product_price" ( item_code_id, price_id_id ) values ( '386988779', 400 );
INSERT INTO public."CheapHerder_product" (item_code, product_name, category, description, quantity, package_size, gross_weight, image_url) values ('398395050', ' Greta Garbo monte black resin Fountain Pen / roller ball pen with pearl silver clip office school stationery luxury mb pen', 'Fountain Pens', 'Pen is a powerful means of mankind for inheritance of civilizations, recordation of thoughts and communication of feelings. Nowadays the pen has exceeded the writing function itself. To possess a pen with integrity of quality and perfect design becomes a symbol of nobility. Unique design and 100% Brand New! CAUTION !BECAUSE THE FREIGHT COST IS TOO HIGH WE don''t PROVIDE THE GIFT BOX WITH THIS PRODUCT !', '1  Piece', '25.0 * 15.0 * 5.0 ( cm )', '0.08 ( kg )', 'http://www.dhresource.com/0x0s/f2-albu-g5-M01-19-73-rBVaI1jwd2uAd7b1AAD0Kzy9um8571.jpg/greta-garbo-monte-black-resin-fountain-pen.jpg');
INSERT INTO public."CheapHerder_price" ( price_id, quantity, price ) values ( 401, 1, 11.13 );
INSERT INTO public."CheapHerder_product_price" ( item_code_id, price_id_id ) values ( '398395050', 401 );
INSERT INTO public."CheapHerder_price" ( price_id, quantity, price ) values ( 402, 5, 10.47 );
INSERT INTO public."CheapHerder_product_price" ( item_code_id, price_id_id ) values ( '398395050', 402 );
INSERT INTO public."CheapHerder_price" ( price_id, quantity, price ) values ( 403, 21, 9.54 );
INSERT INTO public."CheapHerder_product_price" ( item_code_id, price_id_id ) values ( '398395050', 403 );
INSERT INTO public."CheapHerder_price" ( price_id, quantity, price ) values ( 404, 71, 9.20 );
INSERT INTO public."CheapHerder_product_price" ( item_code_id, price_id_id ) values ( '398395050', 404 );
INSERT INTO public."CheapHerder_product" (item_code, product_name, category, description, quantity, package_size, gross_weight, image_url) values ('383303775', ' Wholesale-[PB#47+]- Pink 7.3X9inch / 185X230+40MM Usable space Poly bubble Mailer envelopes padded Mailing Bag Self Sealing [100pcs]', 'Mail Bags', 'Cheap bag hongkong, Buy Quality envelope clutch bag directly from China bag insert Suppliers:  SizeTOLERANCE : +/- 5MM OR 0.2 INCH SHIPPING: CHINA POST AIR MAIL [IF YOU CARE SPEED OF DELIVER, PLEASE C', '1 Lot  (100 Piece/Lot)', '30.0 * 22.0 * 10.0 ( cm )', '0.9 ( kg )', 'http://www.dhresource.com/0x0s/f2-albu-g1-M00-3A-79-rBVaGFbfeliATyeeAALbNDzPS3w078.jpg/wholesale-pb-47-pink-7-3x9inch-185x230-40mm.jpg');
INSERT INTO public."CheapHerder_price" ( price_id, quantity, price ) values ( 405, 1, 44.42 );
INSERT INTO public."CheapHerder_product_price" ( item_code_id, price_id_id ) values ( '383303775', 405 );
INSERT INTO public."CheapHerder_price" ( price_id, quantity, price ) values ( 406, 2, 43.84 );
INSERT INTO public."CheapHerder_product_price" ( item_code_id, price_id_id ) values ( '383303775', 406 );
INSERT INTO public."CheapHerder_price" ( price_id, quantity, price ) values ( 407, 5, 39.96 );
INSERT INTO public."CheapHerder_product_price" ( item_code_id, price_id_id ) values ( '383303775', 407 );
INSERT INTO public."CheapHerder_price" ( price_id, quantity, price ) values ( 408, 18, 38.56 );
INSERT INTO public."CheapHerder_product_price" ( item_code_id, price_id_id ) values ( '383303775', 408 );
INSERT INTO public."CheapHerder_product" (item_code, product_name, category, description, quantity, package_size, gross_weight, image_url) values ('394207753', ' Luxury starwaker series carbon fiber roller ball pen office supplies ballpoint pen Hot sell mb blance pen for writing', 'Ballpoint Pens', 'we are China factory that supply all kind of brand pen,Mb pen, Luxury Pen | MB Supply .welcome to visit and shipping,best price with high quality', '1  Piece', '20.0 * 15.0 * 6.0 ( cm )', '0.3 ( kg )', 'http://www.dhresource.com/0x0s/f2-albu-g4-M00-C9-B4-rBVaEVesVzKADI9sAADqQ89DMtY047.jpg/luxury-starwaker-series-carbon-fiber-roller.jpg');
INSERT INTO public."CheapHerder_price" ( price_id, quantity, price ) values ( 409, 1, 32.56 );
INSERT INTO public."CheapHerder_product_price" ( item_code_id, price_id_id ) values ( '394207753', 409 );
INSERT INTO public."CheapHerder_price" ( price_id, quantity, price ) values ( 410, 2, 30.93 );
INSERT INTO public."CheapHerder_product_price" ( item_code_id, price_id_id ) values ( '394207753', 410 );
INSERT INTO public."CheapHerder_price" ( price_id, quantity, price ) values ( 411, 5, 29.95 );
INSERT INTO public."CheapHerder_product_price" ( item_code_id, price_id_id ) values ( '394207753', 411 );
INSERT INTO public."CheapHerder_price" ( price_id, quantity, price ) values ( 412, 10, 28.65 );
INSERT INTO public."CheapHerder_product_price" ( item_code_id, price_id_id ) values ( '394207753', 412 );
INSERT INTO public."CheapHerder_price" ( price_id, quantity, price ) values ( 413, 11, 26.11 );
INSERT INTO public."CheapHerder_product_price" ( item_code_id, price_id_id ) values ( '394207753', 413 );
INSERT INTO public."CheapHerder_price" ( price_id, quantity, price ) values ( 414, 36, 25.20 );
INSERT INTO public."CheapHerder_product_price" ( item_code_id, price_id_id ) values ( '394207753', 414 );
INSERT INTO public."CheapHerder_product" (item_code, product_name, category, description, quantity, package_size, gross_weight, image_url) values ('400661085', ' Free Shipping - Luxury high quality (10 pieces/lot ) High quality MB 0.7mm black ink ballpoint pen refill for writing', 'Refills', 'Please don''t hesitate to contact us if you have any questions or concerns before or after your purchase. We are committed to your 100% satisfaction.', '1 Lot  (10 Piece/Lot)', '20.0 * 10.0 * 5.0 ( cm )', '0.1 ( kg )', 'http://www.dhresource.com/0x0s/f2-albu-g5-M01-EE-31-rBVaJFk3rmiAZNBsAAFlKmW4o8w379.jpg/luxury-high-quality-10-pieces-lot-high-quality.jpg');
INSERT INTO public."CheapHerder_price" ( price_id, quantity, price ) values ( 415, 1, 7.78 );
INSERT INTO public."CheapHerder_product_price" ( item_code_id, price_id_id ) values ( '400661085', 415 );
INSERT INTO public."CheapHerder_price" ( price_id, quantity, price ) values ( 416, 10, 7.52 );
INSERT INTO public."CheapHerder_product_price" ( item_code_id, price_id_id ) values ( '400661085', 416 );
INSERT INTO public."CheapHerder_price" ( price_id, quantity, price ) values ( 417, 20, 7.32 );
INSERT INTO public."CheapHerder_product_price" ( item_code_id, price_id_id ) values ( '400661085', 417 );
INSERT INTO public."CheapHerder_price" ( price_id, quantity, price ) values ( 418, 36, 6.67 );
INSERT INTO public."CheapHerder_product_price" ( item_code_id, price_id_id ) values ( '400661085', 418 );
INSERT INTO public."CheapHerder_price" ( price_id, quantity, price ) values ( 419, 125, 6.44 );
INSERT INTO public."CheapHerder_product_price" ( item_code_id, price_id_id ) values ( '400661085', 419 );
INSERT INTO public."CheapHerder_price" ( price_id, quantity, price ) values ( 420, 200, 6.34 );
INSERT INTO public."CheapHerder_product_price" ( item_code_id, price_id_id ) values ( '400661085', 420 );
INSERT INTO public."CheapHerder_product" (item_code, product_name, category, description, quantity, package_size, gross_weight, image_url) values ('403170569', ' Wholesale Classique Pen MB-163 Meisterstucks Black Resin rollerball pen stationery office suppliers Ballpoint Pen for writing', 'Ballpoint Pens', 'Luxury MB Pen-163 Meisterstuck classique Black stationery office suppliers Ballpoint Pen 1.have serial number and germany mark on the clip 2.ballpoint pen weight:21g 3.rollerball pen weight:21.8g 4.Material:metal and resin 5. pen color: black 6. ink color: black 7. refill:0.7mm mb standard refill', '1  Piece', '25.0 * 15.0 * 10.0 ( cm )', '0.1 ( kg )', 'http://www.dhresource.com/0x0s/f2-albu-g5-M00-87-19-rBVaI1mHwNKAb2jQAACEqjmo1EE745.jpg/wholesale-classique-pen-mb-163-meisterstucks.jpg');
INSERT INTO public."CheapHerder_price" ( price_id, quantity, price ) values ( 421, 1, 14.86 );
INSERT INTO public."CheapHerder_product_price" ( item_code_id, price_id_id ) values ( '403170569', 421 );
INSERT INTO public."CheapHerder_price" ( price_id, quantity, price ) values ( 422, 2, 14.12 );
INSERT INTO public."CheapHerder_product_price" ( item_code_id, price_id_id ) values ( '403170569', 422 );
INSERT INTO public."CheapHerder_price" ( price_id, quantity, price ) values ( 423, 24, 12.87 );
INSERT INTO public."CheapHerder_product_price" ( item_code_id, price_id_id ) values ( '403170569', 423 );
INSERT INTO public."CheapHerder_price" ( price_id, quantity, price ) values ( 424, 81, 12.42 );
INSERT INTO public."CheapHerder_product_price" ( item_code_id, price_id_id ) values ( '403170569', 424 );
INSERT INTO public."CheapHerder_product" (item_code, product_name, category, description, quantity, package_size, gross_weight, image_url) values ('400041529', ' 1PC/LOT Luxury Mont Roller Ball Pen Gold/red/black Silver Clip Rollerball Pen High-end Business Gift Pens Office and School Supplies', 'Ballpoint Pens', 'high quality MB Starwalker rollerball pen 0.7mm black ink smooth writing pens for stuent teacher or business partner stationery', '1  Piece', '20.0 * 10.0 * 10.0 ( cm )', '0.1 ( kg )', 'http://www.dhresource.com/0x0s/f2-albu-g5-M01-52-A1-rBVaI1kj0q-AMdxpAAJQjm7CUAs425.jpg/1pc-lot-luxury-mont-roller-ball-pen-gold.jpg');
INSERT INTO public."CheapHerder_price" ( price_id, quantity, price ) values ( 425, 1, 9.95 );
INSERT INTO public."CheapHerder_product_price" ( item_code_id, price_id_id ) values ( '400041529', 425 );
INSERT INTO public."CheapHerder_price" ( price_id, quantity, price ) values ( 426, 34, 9.07 );
INSERT INTO public."CheapHerder_product_price" ( item_code_id, price_id_id ) values ( '400041529', 426 );
INSERT INTO public."CheapHerder_price" ( price_id, quantity, price ) values ( 427, 115, 8.75 );
INSERT INTO public."CheapHerder_product_price" ( item_code_id, price_id_id ) values ( '400041529', 427 );
INSERT INTO public."CheapHerder_product" (item_code, product_name, category, description, quantity, package_size, gross_weight, image_url) values ('237949709', ' Box , If you need Please buy it we will service for you .Thank you very much, May god bless you .', 'Packing Boxes', 'Business & Industrial > Packing & Shipping > Packing BoxesBox , If you need Please buy it we will service for you .Thank you very much, May god bless you .', '1  Piece', '40.0 * 25.0 * 15.0 ( cm )', '0.3 ( kg )', 'http://www.dhresource.com/0x0s/f2-albu-g3-M01-EA-31-rBVaHVVEKx-AQVzxAAAnSCiv3VQ369.jpg/box-if-you-need-please-buy-it-we-will-service.jpg');
INSERT INTO public."CheapHerder_price" ( price_id, quantity, price ) values ( 428, 1, 3.26 );
INSERT INTO public."CheapHerder_product_price" ( item_code_id, price_id_id ) values ( '237949709', 428 );
INSERT INTO public."CheapHerder_price" ( price_id, quantity, price ) values ( 429, 96, 2.97 );
INSERT INTO public."CheapHerder_product_price" ( item_code_id, price_id_id ) values ( '237949709', 429 );
INSERT INTO public."CheapHerder_price" ( price_id, quantity, price ) values ( 430, 332, 2.87 );
INSERT INTO public."CheapHerder_product_price" ( item_code_id, price_id_id ) values ( '237949709', 430 );
INSERT INTO public."CheapHerder_product" (item_code, product_name, category, description, quantity, package_size, gross_weight, image_url) values ('396931473', ' Intelligent Pipette Controller for large volume 5 modes of fluid transferring large color screen Designed operation life of up to 10 years', 'Other Measuring & Gauging Tools', 'With charging socket, can be operated while charging. It can accurately control the amount of liquid transfer ,need not for the operators to look at the surface & the operation repeatedly. Unique V type operation, which can not only reduce the operating space, but also work more efficiently, not easy to feel fatigue.', '1  Piece', '26.0 * 12.0 * 8.0 ( cm )', '0.45 ( kg )', 'http://www.dhresource.com/0x0s/f2-albu-g5-M01-C2-33-rBVaI1jBELOAbgKDAABPQJCF8zo396.jpg/intelligent-pipette-controller-for-large.jpg');
INSERT INTO public."CheapHerder_price" ( price_id, quantity, price ) values ( 431, 1, 876.05 );
INSERT INTO public."CheapHerder_product_price" ( item_code_id, price_id_id ) values ( '396931473', 431 );
INSERT INTO public."CheapHerder_price" ( price_id, quantity, price ) values ( 432, 2, 845.23 );
INSERT INTO public."CheapHerder_product_price" ( item_code_id, price_id_id ) values ( '396931473', 432 );
INSERT INTO public."CheapHerder_price" ( price_id, quantity, price ) values ( 433, 3, 760.71 );
INSERT INTO public."CheapHerder_product_price" ( item_code_id, price_id_id ) values ( '396931473', 433 );
INSERT INTO public."CheapHerder_price" ( price_id, quantity, price ) values ( 434, 8, 676.19 );
INSERT INTO public."CheapHerder_product_price" ( item_code_id, price_id_id ) values ( '396931473', 434 );
INSERT INTO public."CheapHerder_price" ( price_id, quantity, price ) values ( 435, 10, 659.28 );
INSERT INTO public."CheapHerder_product_price" ( item_code_id, price_id_id ) values ( '396931473', 435 );
INSERT INTO public."CheapHerder_product" (item_code, product_name, category, description, quantity, package_size, gross_weight, image_url) values ('404060491', ' Luxury Meisterstcek #163 black resin golden/silver clip Roller ball pen / Ballpoint pen / Fountain pens and GERMANY MB Brand SERIAL NUMBER', 'Ballpoint Pens', 'Best gift for your Friends or your family! Great for collection! Unique design and 100% Brand New! Features of exquisite workmanship, dignified style, smooth and comfortable writing, extraordinary design make Pen into an exquisite work of art. length: 13.5cm ,ink: black, Free shipping', '1  Piece', '15.0 * 8.0 * 2.0 ( cm )', '0.05 ( kg )', 'http://www.dhresource.com/0x0s/f2-albu-g5-M00-20-69-rBVaI1mJaOmABb-5AAUOqb_2AuI506.jpg/luxury-meisterstcek-163-black-resin-golden.jpg');
INSERT INTO public."CheapHerder_price" ( price_id, quantity, price ) values ( 436, 1, 3.11 );
INSERT INTO public."CheapHerder_product_price" ( item_code_id, price_id_id ) values ( '404060491', 436 );
INSERT INTO public."CheapHerder_price" ( price_id, quantity, price ) values ( 437, 5, 3.05 );
INSERT INTO public."CheapHerder_product_price" ( item_code_id, price_id_id ) values ( '404060491', 437 );
INSERT INTO public."CheapHerder_price" ( price_id, quantity, price ) values ( 438, 10, 2.99 );
INSERT INTO public."CheapHerder_product_price" ( item_code_id, price_id_id ) values ( '404060491', 438 );
INSERT INTO public."CheapHerder_price" ( price_id, quantity, price ) values ( 439, 20, 2.93 );
INSERT INTO public."CheapHerder_product_price" ( item_code_id, price_id_id ) values ( '404060491', 439 );
INSERT INTO public."CheapHerder_price" ( price_id, quantity, price ) values ( 440, 88, 2.67 );
INSERT INTO public."CheapHerder_product_price" ( item_code_id, price_id_id ) values ( '404060491', 440 );
INSERT INTO public."CheapHerder_price" ( price_id, quantity, price ) values ( 441, 304, 2.57 );
INSERT INTO public."CheapHerder_product_price" ( item_code_id, price_id_id ) values ( '404060491', 441 );
INSERT INTO public."CheapHerder_product" (item_code, product_name, category, description, quantity, package_size, gross_weight, image_url) values ('386455952', ' 9x14cm,100pcs x Reusable Stand up translucent aluminium zipLock bags - Front clear Silvery plating mylar foil plastic pouch zipper clip seal', 'Packing Bags', 'Material : Aluminized foil plastic compound. Size: Width * Length + side Bottom width - 3.54x5.51+1.18 inches(9x14+3cm). Quantity: 100pcs/lot. Thickness: each side 0.075mm, double-sides 0.15mm. Color: Front Clear , Back Silvery. Style: Three-side seal, Stand up(Bottom open), Zipper Top. Feature: No smell, Waterproof. Use: Food/Coffee/Candy/Sugar/Tea/Dried fruit/Rice/Snack/Electronic components /Nuts/Powder/Beans ...packaging.', '1 Lot  (100 Piece/Lot)', '10.0 * 20.0 * 8.0 ( cm )', '0.28 ( kg )', 'http://www.dhresource.com/0x0s/f2-albu-g4-M00-77-95-rBVaEFdeeuaAUp_rAAMK5HGoaBY019.jpg/9x14cm-100pcs-x-reusable-stand-up-translucent.jpg');
INSERT INTO public."CheapHerder_price" ( price_id, quantity, price ) values ( 442, 1, 3.43 );
INSERT INTO public."CheapHerder_product_price" ( item_code_id, price_id_id ) values ( '386455952', 442 );
INSERT INTO public."CheapHerder_price" ( price_id, quantity, price ) values ( 443, 5, 3.26 );
INSERT INTO public."CheapHerder_product_price" ( item_code_id, price_id_id ) values ( '386455952', 443 );
INSERT INTO public."CheapHerder_price" ( price_id, quantity, price ) values ( 444, 10, 3.09 );
INSERT INTO public."CheapHerder_product_price" ( item_code_id, price_id_id ) values ( '386455952', 444 );
INSERT INTO public."CheapHerder_price" ( price_id, quantity, price ) values ( 445, 20, 2.92 );
INSERT INTO public."CheapHerder_product_price" ( item_code_id, price_id_id ) values ( '386455952', 445 );
INSERT INTO public."CheapHerder_price" ( price_id, quantity, price ) values ( 446, 113, 2.66 );
INSERT INTO public."CheapHerder_product_price" ( item_code_id, price_id_id ) values ( '386455952', 446 );
INSERT INTO public."CheapHerder_price" ( price_id, quantity, price ) values ( 447, 391, 2.57 );
INSERT INTO public."CheapHerder_product_price" ( item_code_id, price_id_id ) values ( '386455952', 447 );
INSERT INTO public."CheapHerder_product" (item_code, product_name, category, description, quantity, package_size, gross_weight, image_url) values ('404063646', ' TUXING Electrical PCP Air Compressor for airgun air rifle high pressure air 300 Bar 4500psi 220V', 'Pumps', '1.The machine parts are processing by the CNC lathe and the material of main parts is stainless steel; 2.The compressor is simple design,and easy operation;', '1  Piece', '38.0 * 21.0 * 37.0 ( cm )', '19.0 ( kg )', 'http://www.dhresource.com/0x0s/f2-albu-g5-M00-B0-34-rBVaI1mlHQqAVx7yAAKsBupMnUg997.jpg/tuxing-electrical-pcp-air-compressor-for.jpg');
INSERT INTO public."CheapHerder_price" ( price_id, quantity, price ) values ( 448, 1, 395.84 );
INSERT INTO public."CheapHerder_product_price" ( item_code_id, price_id_id ) values ( '404063646', 448 );
INSERT INTO public."CheapHerder_price" ( price_id, quantity, price ) values ( 449, 3, 381.91 );
INSERT INTO public."CheapHerder_product_price" ( item_code_id, price_id_id ) values ( '404063646', 449 );
INSERT INTO public."CheapHerder_product" (item_code, product_name, category, description, quantity, package_size, gross_weight, image_url) values ('400837007', ' Wholesale- 30 PCS Empty gradient black lip gloss tube 5ML Lip gloss container makeup lip oil container plastic tube', 'Packing Bottles', 'Cheap gloss tube, Buy Quality tube 5ml directly from China lip gloss tubes Suppliers: 30 PCS Empty gradient black lip gloss tube 5ML Lip gloss container makeup lip oil container plastic tube', '1 Lot  (30 Piece/Lot)', '11.0 * 11.0 * 11.0 ( cm )', '0.2 ( kg )', 'http://www.dhresource.com/0x0s/f2-albu-g5-M00-E9-CD-rBVaI1k8Jn-ATKxnAATXfdeL6YM207.jpg/wholesale-30-pcs-empty-gradient-black-lip.jpg');
INSERT INTO public."CheapHerder_price" ( price_id, quantity, price ) values ( 450, 1, 29.57 );
INSERT INTO public."CheapHerder_product_price" ( item_code_id, price_id_id ) values ( '400837007', 450 );
INSERT INTO public."CheapHerder_price" ( price_id, quantity, price ) values ( 451, 2, 28.98 );
INSERT INTO public."CheapHerder_product_price" ( item_code_id, price_id_id ) values ( '400837007', 451 );
INSERT INTO public."CheapHerder_price" ( price_id, quantity, price ) values ( 452, 5, 28.68 );
INSERT INTO public."CheapHerder_product_price" ( item_code_id, price_id_id ) values ( '400837007', 452 );
INSERT INTO public."CheapHerder_price" ( price_id, quantity, price ) values ( 453, 8, 26.14 );
INSERT INTO public."CheapHerder_product_price" ( item_code_id, price_id_id ) values ( '400837007', 453 );
INSERT INTO public."CheapHerder_price" ( price_id, quantity, price ) values ( 454, 27, 25.23 );
INSERT INTO public."CheapHerder_product_price" ( item_code_id, price_id_id ) values ( '400837007', 454 );
INSERT INTO public."CheapHerder_product" (item_code, product_name, category, description, quantity, package_size, gross_weight, image_url) values ('390309013', ' 100g x 0.01g Digital Pocket Scale Balance Weight Jewelry Scales 0.01 gram Cigarette Case Free Shipping Dropshipping LLFA', 'Weighing Scales', 'Short Description: Dimensions 89 * 54 * 22mm Electronic metering mode power supply CR2032 (3v button battery) Application Multifunction Specifications 500 g /0.1 grams, 100 grams 0.01 g 6-speed unit conversion g. Oz. Troy ounce. Dwt grains. Carat overall size 89 * 54 * 22mm', '1  Piece', '25.0 * 22.0 * 20.0 ( cm )', '2.2 ( kg )', 'http://www.dhresource.com/0x0s/f2-albu-g4-M00-5E-37-rBVaEFfXcKOARSPEAAC4jo9rBHw419.jpg/100g-x-0-01g-digital-pocket-scale-balance.jpg');
INSERT INTO public."CheapHerder_price" ( price_id, quantity, price ) values ( 455, 18, 8.16 );
INSERT INTO public."CheapHerder_product_price" ( item_code_id, price_id_id ) values ( '390309013', 455 );
INSERT INTO public."CheapHerder_price" ( price_id, quantity, price ) values ( 456, 34, 7.44 );
INSERT INTO public."CheapHerder_product_price" ( item_code_id, price_id_id ) values ( '390309013', 456 );
INSERT INTO public."CheapHerder_price" ( price_id, quantity, price ) values ( 457, 50, 7.29 );
INSERT INTO public."CheapHerder_product_price" ( item_code_id, price_id_id ) values ( '390309013', 457 );
INSERT INTO public."CheapHerder_price" ( price_id, quantity, price ) values ( 458, 100, 7.22 );
INSERT INTO public."CheapHerder_product_price" ( item_code_id, price_id_id ) values ( '390309013', 458 );
INSERT INTO public."CheapHerder_price" ( price_id, quantity, price ) values ( 459, 121, 6.97 );
INSERT INTO public."CheapHerder_product_price" ( item_code_id, price_id_id ) values ( '390309013', 459 );
INSERT INTO public."CheapHerder_price" ( price_id, quantity, price ) values ( 460, 300, 6.83 );
INSERT INTO public."CheapHerder_product_price" ( item_code_id, price_id_id ) values ( '390309013', 460 );
INSERT INTO public."CheapHerder_product" (item_code, product_name, category, description, quantity, package_size, gross_weight, image_url) values ('393076843', ' Wholesale-3 Colors PU Leather Bag Holder Wrap Roll Up Stationery Pen Brushes Makeup Pencil Case Pouch', 'Pencil Bags', 'Cheap pouch case, Buy Quality pouch material directly from China pouch products Suppliers: 4 Pattern Camouflage Pen Bag Pencil Case Pouch Stationery Cosmetic Makeup BagUSD 1.09/pieceNew korean big capacit', '1 Lot  (5 Piece/Lot)', '1.0 * 1.0 * 1.0 ( cm )', '0.06 ( kg )', 'http://www.dhresource.com/0x0s/f2-albu-g5-M00-E2-77-rBVaJFgsc26ARFEiAADB-2P3qZE784.jpg/wholesale-3-colors-pu-leather-bag-holder.jpg');
INSERT INTO public."CheapHerder_price" ( price_id, quantity, price ) values ( 461, 1, 14.26 );
INSERT INTO public."CheapHerder_product_price" ( item_code_id, price_id_id ) values ( '393076843', 461 );
INSERT INTO public."CheapHerder_price" ( price_id, quantity, price ) values ( 462, 2, 13.83 );
INSERT INTO public."CheapHerder_product_price" ( item_code_id, price_id_id ) values ( '393076843', 462 );
INSERT INTO public."CheapHerder_price" ( price_id, quantity, price ) values ( 463, 16, 12.61 );
INSERT INTO public."CheapHerder_product_price" ( item_code_id, price_id_id ) values ( '393076843', 463 );
INSERT INTO public."CheapHerder_price" ( price_id, quantity, price ) values ( 464, 55, 12.16 );
INSERT INTO public."CheapHerder_product_price" ( item_code_id, price_id_id ) values ( '393076843', 464 );
INSERT INTO public."CheapHerder_product" (item_code, product_name, category, description, quantity, package_size, gross_weight, image_url) values ('387002671', ' Wholesale-Sndway Digital Laser distance meter 40M Rangefinder Range finder Tape measure Area/volume tool 40M/60M/80M/100M available', 'Laser Rangefinders', 'Cheap tape analog, Buy Quality tape tube directly from China tape artwork Suppliers:   Sndway 40m laser distance meter laser rangefinder SW-M40 accuracy 2mm Maximum measuring di', '1  Piece', '30.0 * 20.0 * 15.0 ( cm )', '0.22 ( kg )', 'http://www.dhresource.com/0x0s/f2-albu-g4-M01-56-09-rBVaEVdwvPyAd_VuAAEK-bBUn1M204.jpg/wholesale-sndway-digital-laser-distance-meter.jpg');
INSERT INTO public."CheapHerder_price" ( price_id, quantity, price ) values ( 465, 1, 28.12 );
INSERT INTO public."CheapHerder_product_price" ( item_code_id, price_id_id ) values ( '387002671', 465 );
INSERT INTO public."CheapHerder_price" ( price_id, quantity, price ) values ( 466, 2, 27.27 );
INSERT INTO public."CheapHerder_product_price" ( item_code_id, price_id_id ) values ( '387002671', 466 );
INSERT INTO public."CheapHerder_price" ( price_id, quantity, price ) values ( 467, 8, 24.86 );
INSERT INTO public."CheapHerder_product_price" ( item_code_id, price_id_id ) values ( '387002671', 467 );
INSERT INTO public."CheapHerder_price" ( price_id, quantity, price ) values ( 468, 28, 23.98 );
INSERT INTO public."CheapHerder_product_price" ( item_code_id, price_id_id ) values ( '387002671', 468 );
INSERT INTO public."CheapHerder_product" (item_code, product_name, category, description, quantity, package_size, gross_weight, image_url) values ('405476864', ' Mail Bags phone bag PE white transparent plastic plastic bags a variety of specifications free shipping', 'Mail Bags', '1. Plastic varieties: HDPE; 2. Packaging level: inner packaging; 3. Supply type: can be customized; 4. Print LOGO: Yes;5.thickness:Red edge 5mm;', '1  Piece', '40.0 * 60.0 * 1.0 ( cm )', '0.005 ( kg )', 'http://www.dhresource.com/0x0s/f2-albu-g4-M00-AA-F9-rBVaEFnd2TGAZhPcAAHbgigwsYI060.jpg/mail-bags-phone-bag-pe-white-transparent.jpg');
INSERT INTO public."CheapHerder_price" ( price_id, quantity, price ) values ( 469, 100, 0.16 );
INSERT INTO public."CheapHerder_product_price" ( item_code_id, price_id_id ) values ( '405476864', 469 );
INSERT INTO public."CheapHerder_price" ( price_id, quantity, price ) values ( 470, 2058, 0.15 );
INSERT INTO public."CheapHerder_product_price" ( item_code_id, price_id_id ) values ( '405476864', 470 );
INSERT INTO public."CheapHerder_price" ( price_id, quantity, price ) values ( 471, 7108, 0.15 );
INSERT INTO public."CheapHerder_product_price" ( item_code_id, price_id_id ) values ( '405476864', 471 );
INSERT INTO public."CheapHerder_product" (item_code, product_name, category, description, quantity, package_size, gross_weight, image_url) values ('391114287', ' 7.5*11.5cm Ziplock Packing Bags Herb Reclosable Bag Zip Lock Bag Poly Bag Baggies Plastic Zippy 100pcs/lot', 'Packing Bags', 'Randomly delivery 100 pcs/lot Great ziplock baggies to let people know u smoke that HERB. Perfect for ur tea, medicinal pills and ''herb''', '1 Lot  (100 Piece/Lot)', '13.0 * 3.0 * 17.0 ( cm )', '0.2 ( kg )', 'http://www.dhresource.com/0x0s/f2-albu-g5-M01-C9-55-rBVaJFiDLLGAWLLLAAG4kC7JJCo319.jpg/7-5-11-5cm-ziplock-packing-bags-herb-reclosable.jpg');
INSERT INTO public."CheapHerder_price" ( price_id, quantity, price ) values ( 472, 1, 9.31 );
INSERT INTO public."CheapHerder_product_price" ( item_code_id, price_id_id ) values ( '391114287', 472 );
INSERT INTO public."CheapHerder_price" ( price_id, quantity, price ) values ( 473, 5, 7.82 );
INSERT INTO public."CheapHerder_product_price" ( item_code_id, price_id_id ) values ( '391114287', 473 );
INSERT INTO public."CheapHerder_price" ( price_id, quantity, price ) values ( 474, 10, 6.19 );
INSERT INTO public."CheapHerder_product_price" ( item_code_id, price_id_id ) values ( '391114287', 474 );
INSERT INTO public."CheapHerder_price" ( price_id, quantity, price ) values ( 475, 51, 5.64 );
INSERT INTO public."CheapHerder_product_price" ( item_code_id, price_id_id ) values ( '391114287', 475 );
INSERT INTO public."CheapHerder_price" ( price_id, quantity, price ) values ( 476, 175, 5.44 );
INSERT INTO public."CheapHerder_product_price" ( item_code_id, price_id_id ) values ( '391114287', 476 );
INSERT INTO public."CheapHerder_product" (item_code, product_name, category, description, quantity, package_size, gross_weight, image_url) values ('375002037', ' 15*10.5/14*8cm Zipper Plastic Retail bag Package hang hole Poly packaging for USB cable poly opp packing bag', 'Packing Bags', '1000pcs good quality usb cable /earphone shopping packing white bag OPP with DHL fast FREE shipping and Quality assurance blue/Green/Orange/Red', '1  Piece', '20.0 * 20.0 * 20.0 ( cm )', '2.0 ( kg )', 'http://www.dhresource.com/0x0s/f2-albu-g3-M00-85-75-rBVaHVbWgnuALzdIAASCj7-09NU695.jpg/15-10-5-14-8cm-zipper-plastic-retail-bag.jpg');
INSERT INTO public."CheapHerder_price" ( price_id, quantity, price ) values ( 477, 1000, 0.05 );
INSERT INTO public."CheapHerder_product_price" ( item_code_id, price_id_id ) values ( '375002037', 477 );
INSERT INTO public."CheapHerder_price" ( price_id, quantity, price ) values ( 478, 5000, 0.04 );
INSERT INTO public."CheapHerder_product_price" ( item_code_id, price_id_id ) values ( '375002037', 478 );
INSERT INTO public."CheapHerder_price" ( price_id, quantity, price ) values ( 479, 8000, 0.04 );
INSERT INTO public."CheapHerder_product_price" ( item_code_id, price_id_id ) values ( '375002037', 479 );
INSERT INTO public."CheapHerder_price" ( price_id, quantity, price ) values ( 480, 9600, 0.04 );
INSERT INTO public."CheapHerder_product_price" ( item_code_id, price_id_id ) values ( '375002037', 480 );
INSERT INTO public."CheapHerder_price" ( price_id, quantity, price ) values ( 481, 10000, 0.04 );
INSERT INTO public."CheapHerder_product_price" ( item_code_id, price_id_id ) values ( '375002037', 481 );
INSERT INTO public."CheapHerder_price" ( price_id, quantity, price ) values ( 482, 33167, 0.04 );
INSERT INTO public."CheapHerder_product_price" ( item_code_id, price_id_id ) values ( '375002037', 482 );
INSERT INTO public."CheapHerder_product" (item_code, product_name, category, description, quantity, package_size, gross_weight, image_url) values ('392391301', ' Wholesale-50pcs/lot kraft bubble postal envelope poly mailer shipping Self-Seal mailing padded postage polymailer yellow bags 11*13cm', 'Mail Bags', 'Cheap bag sony, Buy Quality bag yellow directly from China bag pendant Suppliers: 50pcs/lot kraft bubble postal envelope poly mailer shipping Self-Seal mailing padded postage polymailer yellow bags 11*', '1 Lot  (100 Piece/Lot)', '20.0 * 20.0 * 20.0 ( cm )', '0.4 ( kg )', 'http://www.dhresource.com/0x0s/f2-albu-g4-M01-BA-D1-rBVaEVgW2GWAdKbBAACCZ8gl19k769.jpg/wholesale-50pcs-lot-kraft-bubble-postal-envelope.jpg');
INSERT INTO public."CheapHerder_price" ( price_id, quantity, price ) values ( 483, 1, 33.61 );
INSERT INTO public."CheapHerder_product_price" ( item_code_id, price_id_id ) values ( '392391301', 483 );
INSERT INTO public."CheapHerder_price" ( price_id, quantity, price ) values ( 484, 2, 32.60 );
INSERT INTO public."CheapHerder_product_price" ( item_code_id, price_id_id ) values ( '392391301', 484 );
INSERT INTO public."CheapHerder_price" ( price_id, quantity, price ) values ( 485, 7, 29.72 );
INSERT INTO public."CheapHerder_product_price" ( item_code_id, price_id_id ) values ( '392391301', 485 );
INSERT INTO public."CheapHerder_price" ( price_id, quantity, price ) values ( 486, 24, 28.67 );
INSERT INTO public."CheapHerder_product_price" ( item_code_id, price_id_id ) values ( '392391301', 486 );
INSERT INTO public."CheapHerder_product" (item_code, product_name, category, description, quantity, package_size, gross_weight, image_url) values ('251106672', ' Free shipping(DHL) - 5g high quality glass cream jar with aluminum lid,5ML wide mouth cosmetic container,eye cream cosmetic packaging', 'Packing Bottles', 'Good sealing performance,safety and quality standards Perfect for sampling or Cosmetics, Creams,Lotions,aromatherapy, essential oil remedies, body butter, sugar scrub & lip balm.', '1  Piece', '20.0 * 20.0 * 8.0 ( cm )', '0.045 ( kg )', 'http://www.dhresource.com/0x0s/f2-albu-g5-M00-D5-F8-rBVaI1nTONiAS49SAApY9Pw2Wlw370.jpg/dhl-5g-high-quality-glass-cream-jar-with.jpg');
INSERT INTO public."CheapHerder_price" ( price_id, quantity, price ) values ( 487, 40, 1.70 );
INSERT INTO public."CheapHerder_product_price" ( item_code_id, price_id_id ) values ( '251106672', 487 );
INSERT INTO public."CheapHerder_price" ( price_id, quantity, price ) values ( 488, 100, 1.41 );
INSERT INTO public."CheapHerder_product_price" ( item_code_id, price_id_id ) values ( '251106672', 488 );
INSERT INTO public."CheapHerder_price" ( price_id, quantity, price ) values ( 489, 235, 1.29 );
INSERT INTO public."CheapHerder_product_price" ( item_code_id, price_id_id ) values ( '251106672', 489 );
INSERT INTO public."CheapHerder_price" ( price_id, quantity, price ) values ( 490, 500, 0.86 );
INSERT INTO public."CheapHerder_product_price" ( item_code_id, price_id_id ) values ( '251106672', 490 );
INSERT INTO public."CheapHerder_price" ( price_id, quantity, price ) values ( 491, 1214, 0.83 );
INSERT INTO public."CheapHerder_product_price" ( item_code_id, price_id_id ) values ( '251106672', 491 );
INSERT INTO public."CheapHerder_product" (item_code, product_name, category, description, quantity, package_size, gross_weight, image_url) values ('396878055', ' Hanging Car Air Freshener Perfume Diffuser Fragrance Empty Refillable Bottle Home Car Air Purifier Hanging Ornament Decoration Random Color', 'Packing Bottles', '10-15ml Car hang decoration Ceramic essence oil Perfume bottle Hang rope empty bottle Many models random mix send', '1  Piece', '50.0 * 50.0 * 50.0 ( cm )', '2.5 ( kg )', 'http://www.dhresource.com/0x0s/f2-albu-g5-M00-89-C5-rBVaJFi_jaaAYOpaAAIziCA9UFc188.jpg/hanging-car-air-freshener-perfume-diffuser.jpg');
INSERT INTO public."CheapHerder_price" ( price_id, quantity, price ) values ( 492, 50, 1.40 );
INSERT INTO public."CheapHerder_product_price" ( item_code_id, price_id_id ) values ( '396878055', 492 );
INSERT INTO public."CheapHerder_price" ( price_id, quantity, price ) values ( 493, 100, 1.31 );
INSERT INTO public."CheapHerder_product_price" ( item_code_id, price_id_id ) values ( '396878055', 493 );
INSERT INTO public."CheapHerder_price" ( price_id, quantity, price ) values ( 494, 200, 1.10 );
INSERT INTO public."CheapHerder_product_price" ( item_code_id, price_id_id ) values ( '396878055', 494 );
INSERT INTO public."CheapHerder_price" ( price_id, quantity, price ) values ( 495, 300, 1.00 );
INSERT INTO public."CheapHerder_product_price" ( item_code_id, price_id_id ) values ( '396878055', 495 );
INSERT INTO public."CheapHerder_price" ( price_id, quantity, price ) values ( 496, 500, 0.70 );
INSERT INTO public."CheapHerder_product_price" ( item_code_id, price_id_id ) values ( '396878055', 496 );
INSERT INTO public."CheapHerder_price" ( price_id, quantity, price ) values ( 497, 1486, 0.68 );
INSERT INTO public."CheapHerder_product_price" ( item_code_id, price_id_id ) values ( '396878055', 497 );
INSERT INTO public."CheapHerder_product" (item_code, product_name, category, description, quantity, package_size, gross_weight, image_url) values ('248717900', ' 1000x USB Digital Microscope + holder(new), 8-LED Endoscope with Measurement Software usb microscope', 'Microscope And Accessories', 'Packing Gift Box Accessory 1000x USB Digital Microscope, Calibration Ruler, Quick Start Guide, CD Disk, Metal Pole, Foothold Panel, Adjustable Plastics Holder Box Dimension 208mm*150mm*60mm Weight 350g', '1  Piece', '20.0 * 20.0 * 10.0 ( cm )', '0.5 ( kg )', 'http://www.dhresource.com/0x0s/f2-albu-g3-M01-74-25-rBVaHVWzOmGATBRvAAUCMyhkiYw141.jpg/1000x-usb-digital-microscope-holder-new-8.jpg');
INSERT INTO public."CheapHerder_price" ( price_id, quantity, price ) values ( 498, 1, 26.29 );
INSERT INTO public."CheapHerder_product_price" ( item_code_id, price_id_id ) values ( '248717900', 498 );
INSERT INTO public."CheapHerder_price" ( price_id, quantity, price ) values ( 499, 10, 20.58 );
INSERT INTO public."CheapHerder_product_price" ( item_code_id, price_id_id ) values ( '248717900', 499 );
INSERT INTO public."CheapHerder_price" ( price_id, quantity, price ) values ( 500, 16, 18.75 );
INSERT INTO public."CheapHerder_product_price" ( item_code_id, price_id_id ) values ( '248717900', 500 );
INSERT INTO public."CheapHerder_price" ( price_id, quantity, price ) values ( 501, 56, 18.10 );
INSERT INTO public."CheapHerder_product_price" ( item_code_id, price_id_id ) values ( '248717900', 501 );
INSERT INTO public."CheapHerder_product" (item_code, product_name, category, description, quantity, package_size, gross_weight, image_url) values ('397151846', ' 2017 newest type rosin press machine PURE ELECTRIC Auto dual heat plates rosin heat press machine with LCD panel ,No air compressor needed', 'Other Industrial Equipment', 'Color :black Plate color:black or red or any other color you want. pacakging:Wooden case shipping way: by Fedex warranty:2 years OEM welcome', '1  Piece', '79.0 * 68.0 * 43.0 ( cm )', '45.0 ( kg )', 'http://www.dhresource.com/0x0s/f2-albu-g5-M01-ED-33-rBVaJFjHwEKAW--rAAPLdxxYK5A554.jpg/2017-newest-type-rosin-press-machine-pure.jpg');
INSERT INTO public."CheapHerder_price" ( price_id, quantity, price ) values ( 502, 1, 926.05 );
INSERT INTO public."CheapHerder_product_price" ( item_code_id, price_id_id ) values ( '397151846', 502 );
INSERT INTO public."CheapHerder_price" ( price_id, quantity, price ) values ( 503, 2, 893.47 );
INSERT INTO public."CheapHerder_product_price" ( item_code_id, price_id_id ) values ( '397151846', 503 );
INSERT INTO public."CheapHerder_price" ( price_id, quantity, price ) values ( 504, 3, 874.38 );
INSERT INTO public."CheapHerder_product_price" ( item_code_id, price_id_id ) values ( '397151846', 504 );
INSERT INTO public."CheapHerder_price" ( price_id, quantity, price ) values ( 505, 8, 854.28 );
INSERT INTO public."CheapHerder_product_price" ( item_code_id, price_id_id ) values ( '397151846', 505 );
INSERT INTO public."CheapHerder_price" ( price_id, quantity, price ) values ( 506, 20, 804.03 );
INSERT INTO public."CheapHerder_product_price" ( item_code_id, price_id_id ) values ( '397151846', 506 );
INSERT INTO public."CheapHerder_product" (item_code, product_name, category, description, quantity, package_size, gross_weight, image_url) values ('402454168', ' 80 Colors Artist Dual Head Sketch Copic Markers Set For School Drawing Sketch TD', 'Markers', 'If you are a wholeseller,need dropshipping price ,please contract us.we can negotiation and cooperation in Long-term.Love my shop,please add to my favorite stores.Before you place an order ,After paying,or received the parcel,If you have any question,please contract me.we will try my best to help you.', '1  Piece', '10.0 * 10.0 * 10.0 ( cm )', '0.2 ( kg )', 'http://www.dhresource.com/0x0s/f2-albu-g5-M00-DC-D8-rBVaI1lxnJ2AQsGCAAHvTYxlLaE667.jpg/80-colors-artist-dual-head-sketch-copic-markers.jpg');
INSERT INTO public."CheapHerder_price" ( price_id, quantity, price ) values ( 507, 1, 41.16 );
INSERT INTO public."CheapHerder_product_price" ( item_code_id, price_id_id ) values ( '402454168', 507 );
INSERT INTO public."CheapHerder_price" ( price_id, quantity, price ) values ( 508, 2, 39.10 );
INSERT INTO public."CheapHerder_product_price" ( item_code_id, price_id_id ) values ( '402454168', 508 );
INSERT INTO public."CheapHerder_price" ( price_id, quantity, price ) values ( 509, 5, 37.87 );
INSERT INTO public."CheapHerder_product_price" ( item_code_id, price_id_id ) values ( '402454168', 509 );
INSERT INTO public."CheapHerder_price" ( price_id, quantity, price ) values ( 510, 6, 34.52 );
INSERT INTO public."CheapHerder_product_price" ( item_code_id, price_id_id ) values ( '402454168', 510 );
INSERT INTO public."CheapHerder_price" ( price_id, quantity, price ) values ( 511, 10, 33.76 );
INSERT INTO public."CheapHerder_product_price" ( item_code_id, price_id_id ) values ( '402454168', 511 );
INSERT INTO public."CheapHerder_price" ( price_id, quantity, price ) values ( 512, 21, 32.57 );
INSERT INTO public."CheapHerder_product_price" ( item_code_id, price_id_id ) values ( '402454168', 512 );
INSERT INTO public."CheapHerder_product" (item_code, product_name, category, description, quantity, package_size, gross_weight, image_url) values ('400308736', ' Free Shipping Parker Ballpoint Pen School Office Supplies matte black parker pens office supplies Stationery Sonnet pen all metal material', 'Ballpoint Pens', 'Sales model: mix order. Material: High quality metal. Quantity: 1 pieces to 10000 pieces. Shipping method: free shipping for all the products.', '1  Piece', '10.0 * 7.0 * 6.0 ( cm )', '0.04 ( kg )', 'http://www.dhresource.com/0x0s/f2-albu-g5-M01-5C-33-rBVaI1kr9vKAIrp9AAGaveiVDBs213.jpg/parker-ballpoint-pen-school-office-supplies.jpg');
INSERT INTO public."CheapHerder_price" ( price_id, quantity, price ) values ( 513, 1, 3.50 );
INSERT INTO public."CheapHerder_product_price" ( item_code_id, price_id_id ) values ( '400308736', 513 );
INSERT INTO public."CheapHerder_price" ( price_id, quantity, price ) values ( 514, 5, 3.15 );
INSERT INTO public."CheapHerder_product_price" ( item_code_id, price_id_id ) values ( '400308736', 514 );
INSERT INTO public."CheapHerder_price" ( price_id, quantity, price ) values ( 515, 10, 2.80 );
INSERT INTO public."CheapHerder_product_price" ( item_code_id, price_id_id ) values ( '400308736', 515 );
INSERT INTO public."CheapHerder_price" ( price_id, quantity, price ) values ( 516, 50, 2.44 );
INSERT INTO public."CheapHerder_product_price" ( item_code_id, price_id_id ) values ( '400308736', 516 );
INSERT INTO public."CheapHerder_price" ( price_id, quantity, price ) values ( 517, 88, 2.23 );
INSERT INTO public."CheapHerder_product_price" ( item_code_id, price_id_id ) values ( '400308736', 517 );
INSERT INTO public."CheapHerder_price" ( price_id, quantity, price ) values ( 518, 303, 2.15 );
INSERT INTO public."CheapHerder_product_price" ( item_code_id, price_id_id ) values ( '400308736', 518 );
INSERT INTO public."CheapHerder_product" (item_code, product_name, category, description, quantity, package_size, gross_weight, image_url) values ('403079010', ' luxury 6 style resin Roller Ball Pen school office stationery fashion Magnetic closing cap birthday gift pen M8', 'Gel Pens', 'Pen Condition:100% New.writing: smooth. Length: 13.8cm approx.', '1  Piece', '20.0 * 10.0 * 3.0 ( cm )', '0.06 ( kg )', 'http://www.dhresource.com/0x0s/f2-albu-g5-M00-3C-D3-rBVaJFmENZqAPC3EAAi6hsyzqSo217.jpg/luxury-6-style-resin-roller-ball-pen-school.jpg');
INSERT INTO public."CheapHerder_price" ( price_id, quantity, price ) values ( 519, 1, 6.69 );
INSERT INTO public."CheapHerder_product_price" ( item_code_id, price_id_id ) values ( '403079010', 519 );
INSERT INTO public."CheapHerder_price" ( price_id, quantity, price ) values ( 520, 5, 6.49 );
INSERT INTO public."CheapHerder_product_price" ( item_code_id, price_id_id ) values ( '403079010', 520 );
INSERT INTO public."CheapHerder_price" ( price_id, quantity, price ) values ( 521, 10, 6.22 );
INSERT INTO public."CheapHerder_product_price" ( item_code_id, price_id_id ) values ( '403079010', 521 );
INSERT INTO public."CheapHerder_price" ( price_id, quantity, price ) values ( 522, 41, 5.67 );
INSERT INTO public."CheapHerder_product_price" ( item_code_id, price_id_id ) values ( '403079010', 522 );
INSERT INTO public."CheapHerder_price" ( price_id, quantity, price ) values ( 523, 139, 5.47 );
INSERT INTO public."CheapHerder_product_price" ( item_code_id, price_id_id ) values ( '403079010', 523 );
INSERT INTO public."CheapHerder_product" (item_code, product_name, category, description, quantity, package_size, gross_weight, image_url) values ('138520170', ' Free shipping 5kg 5000g/1g Digital Kitchen Food Diet Postal Scale', 'Weighing Scales', 'Free shipping 5kg 5000g/1g Digital Kitchen Food Diet Postal Scale', '1  Piece', '5.0 * 5.0 * 5.0 ( cm )', '0.2 ( kg )', 'http://www.dhresource.com/albu_247243685_00-1.0x0/5kg-5000g-1g-digital-kitchen-food-diet-postal.jpg');
INSERT INTO public."CheapHerder_price" ( price_id, quantity, price ) values ( 524, 1, 9.14 );
INSERT INTO public."CheapHerder_product_price" ( item_code_id, price_id_id ) values ( '138520170', 524 );
INSERT INTO public."CheapHerder_price" ( price_id, quantity, price ) values ( 525, 6, 8.58 );
INSERT INTO public."CheapHerder_product_price" ( item_code_id, price_id_id ) values ( '138520170', 525 );
INSERT INTO public."CheapHerder_price" ( price_id, quantity, price ) values ( 526, 39, 7.82 );
INSERT INTO public."CheapHerder_product_price" ( item_code_id, price_id_id ) values ( '138520170', 526 );
INSERT INTO public."CheapHerder_price" ( price_id, quantity, price ) values ( 527, 48, 7.30 );
INSERT INTO public."CheapHerder_product_price" ( item_code_id, price_id_id ) values ( '138520170', 527 );
INSERT INTO public."CheapHerder_price" ( price_id, quantity, price ) values ( 528, 143, 7.04 );
INSERT INTO public."CheapHerder_product_price" ( item_code_id, price_id_id ) values ( '138520170', 528 );
INSERT INTO public."CheapHerder_product" (item_code, product_name, category, description, quantity, package_size, gross_weight, image_url) values ('404640561', ' Dome Dummy IR Camera Home Security Fake Simulated video Surveillance indoor Outdoor Dummy Led Dome Camera Signal Generator Electrical SF66', 'Signal Generators', 'Product Name:Fake dome security cameras, Color:As picture, Material:As picture, High Quality With Reasonable Price.You can choose your like ,don''t hesitate and buy now !', '1  Piece', '30.0 * 30.0 * 30.0 ( cm )', '2.0 ( kg )', 'http://www.dhresource.com/0x0s/f2-albu-g4-M00-56-9B-rBVaEVm5WsKAWdCnAAEEbYzTu1E148.jpg/dome-dummy-ir-camera-home-security-fake-simulated.jpg');
INSERT INTO public."CheapHerder_price" ( price_id, quantity, price ) values ( 529, 10, 4.29 );
INSERT INTO public."CheapHerder_product_price" ( item_code_id, price_id_id ) values ( '404640561', 529 );
INSERT INTO public."CheapHerder_price" ( price_id, quantity, price ) values ( 530, 50, 3.39 );
INSERT INTO public."CheapHerder_product_price" ( item_code_id, price_id_id ) values ( '404640561', 530 );
INSERT INTO public."CheapHerder_price" ( price_id, quantity, price ) values ( 531, 98, 3.09 );
INSERT INTO public."CheapHerder_product_price" ( item_code_id, price_id_id ) values ( '404640561', 531 );
INSERT INTO public."CheapHerder_price" ( price_id, quantity, price ) values ( 532, 200, 2.16 );
INSERT INTO public."CheapHerder_product_price" ( item_code_id, price_id_id ) values ( '404640561', 532 );
INSERT INTO public."CheapHerder_price" ( price_id, quantity, price ) values ( 533, 481, 2.09 );
INSERT INTO public."CheapHerder_product_price" ( item_code_id, price_id_id ) values ( '404640561', 533 );
INSERT INTO public."CheapHerder_price" ( price_id, quantity, price ) values ( 534, 5000, 2.04 );
INSERT INTO public."CheapHerder_product_price" ( item_code_id, price_id_id ) values ( '404640561', 534 );
INSERT INTO public."CheapHerder_product" (item_code, product_name, category, description, quantity, package_size, gross_weight, image_url) values ('397386875', ' 100pcs 5ml amber roll on roller bottles for essential oils roll-on refillable perfume bottle deodorant containers with black lid', 'Packing Bottles', 'factory direct sale bottle, most products are in stock. fast shipping, best quality, can give more discount for big order. pls contact for more detail.', '1  Piece', '30.0 * 30.0 * 30.0 ( cm )', '0.2 ( kg )', 'http://www.dhresource.com/0x0s/f2-albu-g5-M01-82-B8-rBVaI1jPd0KAEBMKAAEer4BcThY821.jpg/100pcs-5ml-amber-roll-on-roller-bottles-for.jpg');
INSERT INTO public."CheapHerder_price" ( price_id, quantity, price ) values ( 535, 100, 0.37 );
INSERT INTO public."CheapHerder_product_price" ( item_code_id, price_id_id ) values ( '397386875', 535 );
INSERT INTO public."CheapHerder_price" ( price_id, quantity, price ) values ( 536, 500, 0.36 );
INSERT INTO public."CheapHerder_product_price" ( item_code_id, price_id_id ) values ( '397386875', 536 );
INSERT INTO public."CheapHerder_price" ( price_id, quantity, price ) values ( 537, 930, 0.33 );
INSERT INTO public."CheapHerder_product_price" ( item_code_id, price_id_id ) values ( '397386875', 537 );
INSERT INTO public."CheapHerder_price" ( price_id, quantity, price ) values ( 538, 3210, 0.32 );
INSERT INTO public."CheapHerder_product_price" ( item_code_id, price_id_id ) values ( '397386875', 538 );
INSERT INTO public."CheapHerder_product" (item_code, product_name, category, description, quantity, package_size, gross_weight, image_url) values ('396153075', ' 150 sheets printinng paper 75% cotton 25% linen pass pen test paper high quality with colored fiber A4 size', 'Paper Products', 'This waterproof paper belong to high quality fine business paper, we put it in water 24 hours , it still paper. We usually sale it to US, UK, Canada...', '1 Lot  (150 Piece/Lot)', '22.0 * 30.0 * 5.0 ( cm )', '1.0 ( kg )', 'http://www.dhresource.com/0x0s/f2-albu-g5-M01-91-19-rBVaJFmDNgCAEXHxAAUC8MMzgBU249.jpg/150-sheets-printinng-paper-75-cotton-25-linen.jpg');
INSERT INTO public."CheapHerder_price" ( price_id, quantity, price ) values ( 539, 1, 85.72 );
INSERT INTO public."CheapHerder_product_price" ( item_code_id, price_id_id ) values ( '396153075', 539 );
INSERT INTO public."CheapHerder_price" ( price_id, quantity, price ) values ( 540, 2, 83.43 );
INSERT INTO public."CheapHerder_product_price" ( item_code_id, price_id_id ) values ( '396153075', 540 );
INSERT INTO public."CheapHerder_price" ( price_id, quantity, price ) values ( 541, 4, 76.05 );
INSERT INTO public."CheapHerder_product_price" ( item_code_id, price_id_id ) values ( '396153075', 541 );
INSERT INTO public."CheapHerder_price" ( price_id, quantity, price ) values ( 542, 5, 62.50 );
INSERT INTO public."CheapHerder_product_price" ( item_code_id, price_id_id ) values ( '396153075', 542 );
INSERT INTO public."CheapHerder_price" ( price_id, quantity, price ) values ( 543, 17, 60.31 );
INSERT INTO public."CheapHerder_product_price" ( item_code_id, price_id_id ) values ( '396153075', 543 );
INSERT INTO public."CheapHerder_product" (item_code, product_name, category, description, quantity, package_size, gross_weight, image_url) values ('378108153', ' Factory direct (100pcs/lot) Round 3cm Kraft Seal Sticker, Thank you + Hand made with love + Especially for you design', 'Adhesive Stickers', 'Usage:For gift bag / box Seal Label. Size:3cm (1 Pcs Sticker). Material:Kraft Paper. Word color: black. Packing:100pcs/lot. Shipping: Free Shipping', '1 Lot  (100 Piece/Lot)', '15.0 * 12.0 * 2.0 ( cm )', '0.02 ( kg )', 'http://www.dhresource.com/0x0s/f2-albu-g4-M01-9A-C5-rBVaEVb_g0SAG7RAAANgvrarCTc715.jpg/factory-direct-100pcs-lot-round-3cm-kraft.jpg');
INSERT INTO public."CheapHerder_price" ( price_id, quantity, price ) values ( 544, 1, 2.86 );
INSERT INTO public."CheapHerder_product_price" ( item_code_id, price_id_id ) values ( '378108153', 544 );
INSERT INTO public."CheapHerder_price" ( price_id, quantity, price ) values ( 545, 5, 2.40 );
INSERT INTO public."CheapHerder_product_price" ( item_code_id, price_id_id ) values ( '378108153', 545 );
INSERT INTO public."CheapHerder_price" ( price_id, quantity, price ) values ( 546, 10, 1.72 );
INSERT INTO public."CheapHerder_product_price" ( item_code_id, price_id_id ) values ( '378108153', 546 );
INSERT INTO public."CheapHerder_price" ( price_id, quantity, price ) values ( 547, 20, 1.17 );
INSERT INTO public."CheapHerder_product_price" ( item_code_id, price_id_id ) values ( '378108153', 547 );
INSERT INTO public."CheapHerder_price" ( price_id, quantity, price ) values ( 548, 283, 1.07 );
INSERT INTO public."CheapHerder_product_price" ( item_code_id, price_id_id ) values ( '378108153', 548 );
INSERT INTO public."CheapHerder_price" ( price_id, quantity, price ) values ( 549, 976, 1.03 );
INSERT INTO public."CheapHerder_product_price" ( item_code_id, price_id_id ) values ( '378108153', 549 );
INSERT INTO public."CheapHerder_product" (item_code, product_name, category, description, quantity, package_size, gross_weight, image_url) values ('406359958', ' New Limited Edition M series matte black resin MB ballpoint pen with Magnetic closure cap luxury pens for writing with gift', 'Gel Pens', 'Pen is a powerful means of mankind for inheritance of civilizations, recordation of thoughts and communication of feelings. Nowadays the pen has exceeded the writing function itself. To possess a pen with integrity of quality and perfect design becomes a symbol of nobility. Unique design and 100% Brand New! All Products Are Supply from Factory Directly. Excellent Service and Fast Shipping', '1  Piece', '20.0 * 15.0 * 10.0 ( cm )', '0.08 ( kg )', 'http://www.dhresource.com/0x0s/f2-albu-g2-M01-38-9F-rBVaG1n96MmAZJU5AAMT7uQeD2M349.jpg/new-limited-edition-m-series-matte-black.jpg');
INSERT INTO public."CheapHerder_price" ( price_id, quantity, price ) values ( 550, 1, 7.49 );
INSERT INTO public."CheapHerder_product_price" ( item_code_id, price_id_id ) values ( '406359958', 550 );
INSERT INTO public."CheapHerder_price" ( price_id, quantity, price ) values ( 551, 2, 6.89 );
INSERT INTO public."CheapHerder_product_price" ( item_code_id, price_id_id ) values ( '406359958', 551 );
INSERT INTO public."CheapHerder_price" ( price_id, quantity, price ) values ( 552, 5, 6.60 );
INSERT INTO public."CheapHerder_product_price" ( item_code_id, price_id_id ) values ( '406359958', 552 );
INSERT INTO public."CheapHerder_price" ( price_id, quantity, price ) values ( 553, 35, 6.01 );
INSERT INTO public."CheapHerder_product_price" ( item_code_id, price_id_id ) values ( '406359958', 553 );
INSERT INTO public."CheapHerder_price" ( price_id, quantity, price ) values ( 554, 120, 5.80 );
INSERT INTO public."CheapHerder_product_price" ( item_code_id, price_id_id ) values ( '406359958', 554 );
INSERT INTO public."CheapHerder_product" (item_code, product_name, category, description, quantity, package_size, gross_weight, image_url) values ('380187253', ' Wholesale-5PC Vintage Nautical Applied Faux Leather Cover Journal Diary Blank String Notebook', 'Notes', 'Cheap diary planner, Buy Quality notebook diagnose directly from China notebook usb Suppliers:  Description: Material: Faux Leather,Paper Color: Green, Black gray,Brown,Red brown', '1 Lot  (5 Piece/Lot)', '34.0 * 26.0 * 100.0 ( cm )', '0.63 ( kg )', 'http://www.dhresource.com/0x0s/f2-albu-g4-M01-E5-14-rBVaEFdoloKAMYOGAAG2CcNablw267.jpg/wholesale-5pc-vintage-nautical-applied-faux.jpg');
INSERT INTO public."CheapHerder_price" ( price_id, quantity, price ) values ( 555, 1, 25.60 );
INSERT INTO public."CheapHerder_product_price" ( item_code_id, price_id_id ) values ( '380187253', 555 );
INSERT INTO public."CheapHerder_price" ( price_id, quantity, price ) values ( 556, 5, 24.83 );
INSERT INTO public."CheapHerder_product_price" ( item_code_id, price_id_id ) values ( '380187253', 556 );
INSERT INTO public."CheapHerder_price" ( price_id, quantity, price ) values ( 557, 9, 22.64 );
INSERT INTO public."CheapHerder_product_price" ( item_code_id, price_id_id ) values ( '380187253', 557 );
INSERT INTO public."CheapHerder_price" ( price_id, quantity, price ) values ( 558, 30, 21.84 );
INSERT INTO public."CheapHerder_product_price" ( item_code_id, price_id_id ) values ( '380187253', 558 );
INSERT INTO public."CheapHerder_product" (item_code, product_name, category, description, quantity, package_size, gross_weight, image_url) values ('398395559', ' Greta Garbo monte black resin Fountain Pen / roller ball pen with pearl silver clip office school stationery luxury mb brand pen', 'Fountain Pens', 'Pen is a powerful means of mankind for inheritance of civilizations, recordation of thoughts and communication of feelings. Nowadays the pen has exceeded the writing function itself. To possess a pen with integrity of quality and perfect design becomes a symbol of nobility. Unique design and 100% Brand New! CAUTION ! WE don''t PROVIDE THE GIFT BOX WITH THIS PRODUCT !', '1  Piece', '20.0 * 10.0 * 5.0 ( cm )', '0.08 ( kg )', 'http://www.dhresource.com/0x0s/f2-albu-g5-M01-72-41-rBVaI1jweOeAAfrNAAD0Kzy9um8439.jpg/greta-garbo-monte-black-resin-fountain-pen.jpg');
INSERT INTO public."CheapHerder_price" ( price_id, quantity, price ) values ( 559, 1, 11.13 );
INSERT INTO public."CheapHerder_product_price" ( item_code_id, price_id_id ) values ( '398395559', 559 );
INSERT INTO public."CheapHerder_price" ( price_id, quantity, price ) values ( 560, 5, 10.47 );
INSERT INTO public."CheapHerder_product_price" ( item_code_id, price_id_id ) values ( '398395559', 560 );
INSERT INTO public."CheapHerder_price" ( price_id, quantity, price ) values ( 561, 21, 9.54 );
INSERT INTO public."CheapHerder_product_price" ( item_code_id, price_id_id ) values ( '398395559', 561 );
INSERT INTO public."CheapHerder_price" ( price_id, quantity, price ) values ( 562, 71, 9.20 );
INSERT INTO public."CheapHerder_product_price" ( item_code_id, price_id_id ) values ( '398395559', 562 );
INSERT INTO public."CheapHerder_product" (item_code, product_name, category, description, quantity, package_size, gross_weight, image_url) values ('389807750', ' 2017 Special Offer Time-limited Digital Microscopes Eyepieces 85*105*86mm ABS High Quality 5 Mega Pixels Microscope Wifi Eyepiece DM500-W', 'Microscope And Accessories', 'DM500-W WiFi eyepiece adopts new CMOS which actually is 5 mega pixels. It has the particular wifi technology. This makes it release form cables, and it provides conveniences and new experiences to customers. It truly liberates our eyes and support people watch trhrough phones or pads simultanelously. It advances the pleasure of watching and provides the most relaxed photo save method. Another feature of DM500-W is that it can outfit jacket of different connetor for different product.', '1  Piece', '12.0 * 12.0 * 7.0 ( cm )', '0.5 ( kg )', 'http://www.dhresource.com/0x0s/f2-albu-g4-M01-2D-89-rBVaEFfG5bmAQg28AACeJuz6Iis134.jpg/2017-special-offer-time-limited-digital-microscopes.jpg');
INSERT INTO public."CheapHerder_price" ( price_id, quantity, price ) values ( 563, 1, 131.43 );
INSERT INTO public."CheapHerder_product_price" ( item_code_id, price_id_id ) values ( '389807750', 563 );
INSERT INTO public."CheapHerder_price" ( price_id, quantity, price ) values ( 564, 3, 119.80 );
INSERT INTO public."CheapHerder_product_price" ( item_code_id, price_id_id ) values ( '389807750', 564 );
INSERT INTO public."CheapHerder_price" ( price_id, quantity, price ) values ( 565, 9, 115.58 );
INSERT INTO public."CheapHerder_product_price" ( item_code_id, price_id_id ) values ( '389807750', 565 );
INSERT INTO public."CheapHerder_price" ( price_id, quantity, price ) values ( 566, 50, 110.56 );
INSERT INTO public."CheapHerder_product_price" ( item_code_id, price_id_id ) values ( '389807750', 566 );
INSERT INTO public."CheapHerder_price" ( price_id, quantity, price ) values ( 567, 100, 98.50 );
INSERT INTO public."CheapHerder_product_price" ( item_code_id, price_id_id ) values ( '389807750', 567 );
INSERT INTO public."CheapHerder_product" (item_code, product_name, category, description, quantity, package_size, gross_weight, image_url) values ('404365297', ' 2017 classic mb 163 black resin Mechanical Pencil school office stationery luxury Writing pens fit for birthday Gift', 'Pencils', 'Pen Condition:100% New.Writing Point:0.7mm. Length:13.5cm approx.writing: smooth', '1  Piece', '20.0 * 15.0 * 3.0 ( cm )', '0.08 ( kg )', 'http://www.dhresource.com/0x0s/f2-albu-g5-M01-31-81-rBVaI1mvramAGMEcAAbNYFWV5QA390.jpg/2017-classic-mb-163-black-resin-mechanical.jpg');
INSERT INTO public."CheapHerder_price" ( price_id, quantity, price ) values ( 568, 1, 7.46 );
INSERT INTO public."CheapHerder_product_price" ( item_code_id, price_id_id ) values ( '404365297', 568 );
INSERT INTO public."CheapHerder_price" ( price_id, quantity, price ) values ( 569, 5, 7.24 );
INSERT INTO public."CheapHerder_product_price" ( item_code_id, price_id_id ) values ( '404365297', 569 );
INSERT INTO public."CheapHerder_price" ( price_id, quantity, price ) values ( 570, 10, 6.94 );
INSERT INTO public."CheapHerder_product_price" ( item_code_id, price_id_id ) values ( '404365297', 570 );
INSERT INTO public."CheapHerder_price" ( price_id, quantity, price ) values ( 571, 36, 6.32 );
INSERT INTO public."CheapHerder_product_price" ( item_code_id, price_id_id ) values ( '404365297', 571 );
INSERT INTO public."CheapHerder_price" ( price_id, quantity, price ) values ( 572, 123, 6.11 );
INSERT INTO public."CheapHerder_product_price" ( item_code_id, price_id_id ) values ( '404365297', 572 );
INSERT INTO public."CheapHerder_product" (item_code, product_name, category, description, quantity, package_size, gross_weight, image_url) values ('393791669', ' 100X Brown Kraft Paper Tags Lace Scallop Head Label Luggage Wedding Note +String DIY Blank price Hang tag Kraft Gift Hang tag', 'Packaging Paper', 'Specifications: 9.5 * 4.5 cm Material: kraft paper Type: In-Mould Label Material: Cardboard Custom Order: Accept Feature: Heat Sensitive Usage: Kraft Paper Tags with String', '1 Lot  (100 Piece/Lot)', '20.0 * 15.0 * 15.0 ( cm )', '0.1 ( kg )', 'http://www.dhresource.com/0x0s/f2-albu-g5-M01-C1-B7-rBVaJFg9fuiAQGR6AAV0LxKFaAo020.jpg/100x-brown-kraft-paper-tags-lace-scallop.jpg');
INSERT INTO public."CheapHerder_price" ( price_id, quantity, price ) values ( 573, 10, 4.12 );
INSERT INTO public."CheapHerder_product_price" ( item_code_id, price_id_id ) values ( '393791669', 573 );
INSERT INTO public."CheapHerder_price" ( price_id, quantity, price ) values ( 574, 72, 3.75 );
INSERT INTO public."CheapHerder_product_price" ( item_code_id, price_id_id ) values ( '393791669', 574 );
INSERT INTO public."CheapHerder_price" ( price_id, quantity, price ) values ( 575, 249, 3.63 );
INSERT INTO public."CheapHerder_product_price" ( item_code_id, price_id_id ) values ( '393791669', 575 );
INSERT INTO public."CheapHerder_product" (item_code, product_name, category, description, quantity, package_size, gross_weight, image_url) values ('376509346', ' Wholesale-V3 Wireless module NodeMcu 4M bytes Lua WIFI Internet of Things development board based ESP8266 for arduino Compatible', 'Integrated Circuits', 'Cheap board file, Buy Quality board intelligence directly from China board tv Suppliers: Hot! Now LoLin(NodeMcu V3) can use in arduino IDE, more information: github.com/esp8266/Arduino with latest firmware o', '1 Lot  (3 Piece/Lot)', '10.0 * 10.0 * 4.0 ( cm )', '0.3 ( kg )', 'http://www.dhresource.com/0x0s/f2-albu-g3-M01-69-00-rBVaHVbrOgaASo1GAACpchyYWVk348.jpg/wholesale-v3-wireless-module-nodemcu-4m-bytes.jpg');
INSERT INTO public."CheapHerder_price" ( price_id, quantity, price ) values ( 576, 1, 19.90 );
INSERT INTO public."CheapHerder_product_price" ( item_code_id, price_id_id ) values ( '376509346', 576 );
INSERT INTO public."CheapHerder_price" ( price_id, quantity, price ) values ( 577, 2, 19.50 );
INSERT INTO public."CheapHerder_product_price" ( item_code_id, price_id_id ) values ( '376509346', 577 );
INSERT INTO public."CheapHerder_price" ( price_id, quantity, price ) values ( 578, 12, 17.77 );
INSERT INTO public."CheapHerder_product_price" ( item_code_id, price_id_id ) values ( '376509346', 578 );
INSERT INTO public."CheapHerder_price" ( price_id, quantity, price ) values ( 579, 39, 17.15 );
INSERT INTO public."CheapHerder_product_price" ( item_code_id, price_id_id ) values ( '376509346', 579 );
INSERT INTO public."CheapHerder_product" (item_code, product_name, category, description, quantity, package_size, gross_weight, image_url) values ('402784022', ' Group Counseling Strategies and Skills 8th Edition 978-1305087309 new book', 'Paper Products', 'Group Counseling Strategies and Skills 8th Edition 978-1305087309 new book', '1  Piece', '22.0 * 22.0 * 22.0 ( cm )', '2.0 ( kg )', 'http://www.dhresource.com/0x0s/f2-albu-g5-M00-A0-7F-rBVaJFl6-n2AI3npAAEuT6ViC6E566.jpg/group-counseling-strategies-and-skills-8th.jpg');
INSERT INTO public."CheapHerder_price" ( price_id, quantity, price ) values ( 580, 10, 15.95 );
INSERT INTO public."CheapHerder_product_price" ( item_code_id, price_id_id ) values ( '402784022', 580 );
INSERT INTO public."CheapHerder_price" ( price_id, quantity, price ) values ( 581, 19, 14.54 );
INSERT INTO public."CheapHerder_product_price" ( item_code_id, price_id_id ) values ( '402784022', 581 );
INSERT INTO public."CheapHerder_price" ( price_id, quantity, price ) values ( 582, 20, 14.07 );
INSERT INTO public."CheapHerder_product_price" ( item_code_id, price_id_id ) values ( '402784022', 582 );
INSERT INTO public."CheapHerder_price" ( price_id, quantity, price ) values ( 583, 50, 13.13 );
INSERT INTO public."CheapHerder_product_price" ( item_code_id, price_id_id ) values ( '402784022', 583 );
INSERT INTO public."CheapHerder_price" ( price_id, quantity, price ) values ( 584, 72, 12.67 );
INSERT INTO public."CheapHerder_product_price" ( item_code_id, price_id_id ) values ( '402784022', 584 );
INSERT INTO public."CheapHerder_price" ( price_id, quantity, price ) values ( 585, 100, 12.21 );
INSERT INTO public."CheapHerder_product_price" ( item_code_id, price_id_id ) values ( '402784022', 585 );
INSERT INTO public."CheapHerder_product" (item_code, product_name, category, description, quantity, package_size, gross_weight, image_url) values ('405476864', ' Mail Bags phone bag PE white transparent plastic plastic bags a variety of specifications free shipping', 'Mail Bags', '1. Plastic varieties: HDPE; 2. Packaging level: inner packaging; 3. Supply type: can be customized; 4. Print LOGO: Yes;5.thickness:Red edge 5mm;', '1  Piece', '40.0 * 60.0 * 1.0 ( cm )', '0.005 ( kg )', 'http://www.dhresource.com/0x0s/f2-albu-g4-M00-AA-F9-rBVaEFnd2TGAZhPcAAHbgigwsYI060.jpg/mail-bags-phone-bag-pe-white-transparent.jpg');
INSERT INTO public."CheapHerder_price" ( price_id, quantity, price ) values ( 586, 100, 0.16 );
INSERT INTO public."CheapHerder_product_price" ( item_code_id, price_id_id ) values ( '405476864', 586 );
INSERT INTO public."CheapHerder_price" ( price_id, quantity, price ) values ( 587, 2058, 0.15 );
INSERT INTO public."CheapHerder_product_price" ( item_code_id, price_id_id ) values ( '405476864', 587 );
INSERT INTO public."CheapHerder_price" ( price_id, quantity, price ) values ( 588, 7108, 0.15 );
INSERT INTO public."CheapHerder_product_price" ( item_code_id, price_id_id ) values ( '405476864', 588 );
INSERT INTO public."CheapHerder_product" (item_code, product_name, category, description, quantity, package_size, gross_weight, image_url) values ('394124708', ' Shoes original box Protect the shoes in transport , Not independent sales,this link for box postage', 'Packing Boxes', 'Please note: box in the transport of long, may be affected by extrusion, and appear damaged, we cannot responsible for it, please understand.', '1  Carton', '30.0 * 25.0 * 20.0 ( cm )', '0.5 ( kg )', 'http://www.dhresource.com/0x0s/f2-albu-g5-M01-3F-98-rBVaI1hJoRuAML9cAADjswYZxXM189.jpg/shoes-original-box-protect-the-shoes-in-transport.jpg');
INSERT INTO public."CheapHerder_price" ( price_id, quantity, price ) values ( 589, 1, 3.00 );
INSERT INTO public."CheapHerder_product_price" ( item_code_id, price_id_id ) values ( '394124708', 589 );
INSERT INTO public."CheapHerder_price" ( price_id, quantity, price ) values ( 590, 104, 2.74 );
INSERT INTO public."CheapHerder_product_price" ( item_code_id, price_id_id ) values ( '394124708', 590 );
INSERT INTO public."CheapHerder_price" ( price_id, quantity, price ) values ( 591, 357, 2.64 );
INSERT INTO public."CheapHerder_product_price" ( item_code_id, price_id_id ) values ( '394124708', 591 );
INSERT INTO public."CheapHerder_product" (item_code, product_name, category, description, quantity, package_size, gross_weight, image_url) values ('389745816', ' Wholesale-100mm LCD Electronic Digital Caliper Carbon Fiber Caliper Waterproof Digitale Messschieber Paquimetro Digital Vernier Caliper', 'Vernier Calipers', 'Cheap caliper rule, Buy Quality vernier caliper micrometer directly from China vernier micrometer Suppliers: Main Feature: Electronic Digital 100mm Caliper Made of carbon fiber Base measuring function: Inside, outside, depth and', '1 Lot  (3 Piece/Lot)', '24.0 * 9.0 * 9.0 ( cm )', '0.231 ( kg )', 'http://www.dhresource.com/0x0s/f2-albu-g4-M00-B6-90-rBVaEVfFTgaAKYTZAAENTd_2n5A925.jpg/wholesale-100mm-lcd-electronic-digital-caliper.jpg');
INSERT INTO public."CheapHerder_price" ( price_id, quantity, price ) values ( 592, 1, 20.71 );
INSERT INTO public."CheapHerder_product_price" ( item_code_id, price_id_id ) values ( '389745816', 592 );
INSERT INTO public."CheapHerder_price" ( price_id, quantity, price ) values ( 593, 2, 20.30 );
INSERT INTO public."CheapHerder_product_price" ( item_code_id, price_id_id ) values ( '389745816', 593 );
INSERT INTO public."CheapHerder_price" ( price_id, quantity, price ) values ( 594, 11, 18.50 );
INSERT INTO public."CheapHerder_product_price" ( item_code_id, price_id_id ) values ( '389745816', 594 );
INSERT INTO public."CheapHerder_price" ( price_id, quantity, price ) values ( 595, 37, 17.85 );
INSERT INTO public."CheapHerder_product_price" ( item_code_id, price_id_id ) values ( '389745816', 595 );
INSERT INTO public."CheapHerder_product" (item_code, product_name, category, description, quantity, package_size, gross_weight, image_url) values ('231778203', ' Portable Water Quality PH/CL2 Chlorine Tester Level Meter PH Tester for Swimming Pool Spa Free Shipping', 'PH Meters', 'Portable Water Quality PH/CL2 Chlorine Tester Level Meter PH Tester for Swimming Pool Spa Free Shipping', '1  Piece', '31.0 * 21.0 * 5.0 ( cm )', '0.6 ( kg )', 'http://www.dhresource.com/0x0s/f2-albu-g3-M01-1B-29-rBVaHFUH5-GAAMRRAAFj8BICt9I440.jpg/portable-water-quality-ph-cl2-chlorine-tester.jpg');
INSERT INTO public."CheapHerder_price" ( price_id, quantity, price ) values ( 596, 1, 19.58 );
INSERT INTO public."CheapHerder_product_price" ( item_code_id, price_id_id ) values ( '231778203', 596 );
INSERT INTO public."CheapHerder_price" ( price_id, quantity, price ) values ( 597, 5, 18.55 );
INSERT INTO public."CheapHerder_product_price" ( item_code_id, price_id_id ) values ( '231778203', 597 );
INSERT INTO public."CheapHerder_price" ( price_id, quantity, price ) values ( 598, 18, 16.91 );
INSERT INTO public."CheapHerder_product_price" ( item_code_id, price_id_id ) values ( '231778203', 598 );
INSERT INTO public."CheapHerder_price" ( price_id, quantity, price ) values ( 599, 20, 15.03 );
INSERT INTO public."CheapHerder_product_price" ( item_code_id, price_id_id ) values ( '231778203', 599 );
INSERT INTO public."CheapHerder_price" ( price_id, quantity, price ) values ( 600, 70, 14.50 );
INSERT INTO public."CheapHerder_product_price" ( item_code_id, price_id_id ) values ( '231778203', 600 );
INSERT INTO public."CheapHerder_product" (item_code, product_name, category, description, quantity, package_size, gross_weight, image_url) values ('194272535', ' MB-163 Meisterstuck AAA+ High Quality Best Design Pure Black Resin Silver-Clip Ballpoint Pen + 2 Additional Refills and 1 Velvet Pouch', 'Ballpoint Pens', 'CAUTION ! WE don''t PROVIDE THE GIFT BOX WITH THIS PRODUCT !', '1  Piece', '10.0 * 10.0 * 3.0 ( cm )', '0.1 ( kg )', 'http://www.dhresource.com/0x0s/f2-albu-g5-M00-0D-A9-rBVaJFkawoGAR5VrAAKGoVzbIv8770.jpg/mb-163-meisterstuck-aaa-high-quality-best.jpg');
INSERT INTO public."CheapHerder_price" ( price_id, quantity, price ) values ( 601, 1, 13.88 );
INSERT INTO public."CheapHerder_product_price" ( item_code_id, price_id_id ) values ( '194272535', 601 );
INSERT INTO public."CheapHerder_price" ( price_id, quantity, price ) values ( 602, 24, 12.65 );
INSERT INTO public."CheapHerder_product_price" ( item_code_id, price_id_id ) values ( '194272535', 602 );
INSERT INTO public."CheapHerder_price" ( price_id, quantity, price ) values ( 603, 82, 12.21 );
INSERT INTO public."CheapHerder_product_price" ( item_code_id, price_id_id ) values ( '194272535', 603 );
INSERT INTO public."CheapHerder_product" (item_code, product_name, category, description, quantity, package_size, gross_weight, image_url) values ('404430259', ' Promotion Clear + white pearl Plastic Poly OPP packing zipper Zip lock Retail Packages Jewelry food PVC plastic bag many size available', 'Packing Bags', '* Industrial Use: USB Cables, Battery , or Mobile Phone Bags & Cases * Plastic Type: PP * Color: Front is clear, Back is white * Status: In Stock *', '1  Piece', '5.0 * 5.0 * 5.0 ( cm )', '2.0 ( kg )', 'http://www.dhresource.com/0x0s/f2-albu-g4-M01-8F-4F-rBVaEVmyAR6AYUpDAAEKCazs3ns527.jpg/promotion-clear-white-pearl-plastic-poly.jpg');
INSERT INTO public."CheapHerder_price" ( price_id, quantity, price ) values ( 604, 1000, 0.05 );
INSERT INTO public."CheapHerder_product_price" ( item_code_id, price_id_id ) values ( '404430259', 604 );
INSERT INTO public."CheapHerder_price" ( price_id, quantity, price ) values ( 605, 5760, 0.05 );
INSERT INTO public."CheapHerder_product_price" ( item_code_id, price_id_id ) values ( '404430259', 605 );
INSERT INTO public."CheapHerder_price" ( price_id, quantity, price ) values ( 606, 10000, 0.05 );
INSERT INTO public."CheapHerder_product_price" ( item_code_id, price_id_id ) values ( '404430259', 606 );
INSERT INTO public."CheapHerder_price" ( price_id, quantity, price ) values ( 607, 19900, 0.05 );
INSERT INTO public."CheapHerder_product_price" ( item_code_id, price_id_id ) values ( '404430259', 607 );
INSERT INTO public."CheapHerder_product" (item_code, product_name, category, description, quantity, package_size, gross_weight, image_url) values ('403486845', ' Limited edition MB Inheritance series black classic Fountain pen with fashion snake clip school office supplies brand writing ink pen gifts', 'Fountain Pens', 'Best gift for your Friends or your family! Great for collection! Unique design and 100% Brand New! Features of exquisite workmanship, dignified style, smooth and comfortable writing, extraordinary design make Pen into an exquisite work of art. length: 13.5cm ,Free shipping', '1  Piece', '15.0 * 10.0 * 2.0 ( cm )', '0.1 ( kg )', 'http://www.dhresource.com/0x0s/f2-albu-g4-M01-BE-11-rBVaEVmRUFOAbnVwAAbsu-JAJmU114.jpg/limited-edition-mb-inheritance-series-black.jpg');
INSERT INTO public."CheapHerder_price" ( price_id, quantity, price ) values ( 608, 1, 21.83 );
INSERT INTO public."CheapHerder_product_price" ( item_code_id, price_id_id ) values ( '403486845', 608 );
INSERT INTO public."CheapHerder_price" ( price_id, quantity, price ) values ( 609, 5, 21.31 );
INSERT INTO public."CheapHerder_product_price" ( item_code_id, price_id_id ) values ( '403486845', 609 );
INSERT INTO public."CheapHerder_price" ( price_id, quantity, price ) values ( 610, 10, 20.95 );
INSERT INTO public."CheapHerder_product_price" ( item_code_id, price_id_id ) values ( '403486845', 610 );
INSERT INTO public."CheapHerder_price" ( price_id, quantity, price ) values ( 611, 13, 19.09 );
INSERT INTO public."CheapHerder_product_price" ( item_code_id, price_id_id ) values ( '403486845', 611 );
INSERT INTO public."CheapHerder_price" ( price_id, quantity, price ) values ( 612, 20, 18.61 );
INSERT INTO public."CheapHerder_product_price" ( item_code_id, price_id_id ) values ( '403486845', 612 );
INSERT INTO public."CheapHerder_price" ( price_id, quantity, price ) values ( 613, 44, 17.96 );
INSERT INTO public."CheapHerder_product_price" ( item_code_id, price_id_id ) values ( '403486845', 613 );
INSERT INTO public."CheapHerder_product" (item_code, product_name, category, description, quantity, package_size, gross_weight, image_url) values ('387809492', ' Wholesale-100% New the cheapest price 20pcs TEC1-12706 12v 6A TEC Thermoelectric Cooler Peltier (TEC1 12706)', 'Integrated Circuits', 'Cheap cooler plug, Buy Quality cooler china directly from China cooler aluminum Suppliers:', '1 Lot  (20 Piece/Lot)', '8.0 * 8.0 * 6.0 ( cm )', '1.95 ( kg )', 'http://www.dhresource.com/0x0s/f2-albu-g4-M00-ED-77-rBVaEVeHc4eAAXpmAAHP1Oge9so281.jpg/wholesale-100-new-the-cheapest-price-20pcs.jpg');
INSERT INTO public."CheapHerder_price" ( price_id, quantity, price ) values ( 614, 1, 39.53 );
INSERT INTO public."CheapHerder_product_price" ( item_code_id, price_id_id ) values ( '387809492', 614 );
INSERT INTO public."CheapHerder_price" ( price_id, quantity, price ) values ( 615, 2, 38.34 );
INSERT INTO public."CheapHerder_product_price" ( item_code_id, price_id_id ) values ( '387809492', 615 );
INSERT INTO public."CheapHerder_price" ( price_id, quantity, price ) values ( 616, 6, 34.95 );
INSERT INTO public."CheapHerder_product_price" ( item_code_id, price_id_id ) values ( '387809492', 616 );
INSERT INTO public."CheapHerder_price" ( price_id, quantity, price ) values ( 617, 19, 33.72 );
INSERT INTO public."CheapHerder_product_price" ( item_code_id, price_id_id ) values ( '387809492', 617 );
INSERT INTO public."CheapHerder_product" (item_code, product_name, category, description, quantity, package_size, gross_weight, image_url) values ('400549552', ' Free Shipping Parker Sonnet Gold Silver Ballpoint Pen Metal Stationery Gift Pens of Writing Office School Suppliers Top Quality Business Pen', 'Ballpoint Pens', 'Color: Metal God clip, Metal Silver clip, Free Shipping to 214 Countries Design: Parker Roller Pen Please contact us if you make the wholesale', '1  Piece', '20.0 * 10.0 * 10.0 ( cm )', '0.05 ( kg )', 'http://www.dhresource.com/0x0s/f2-albu-g5-M00-0D-3D-rBVaI1kyf3KAU7e8AAJ8RIlq7Vk161.jpg/parker-sonnet-gold-silver-ballpoint-pen-metal.jpg');
INSERT INTO public."CheapHerder_price" ( price_id, quantity, price ) values ( 618, 1, 5.71 );
INSERT INTO public."CheapHerder_product_price" ( item_code_id, price_id_id ) values ( '400549552', 618 );
INSERT INTO public."CheapHerder_price" ( price_id, quantity, price ) values ( 619, 10, 5.14 );
INSERT INTO public."CheapHerder_product_price" ( item_code_id, price_id_id ) values ( '400549552', 619 );
INSERT INTO public."CheapHerder_price" ( price_id, quantity, price ) values ( 620, 30, 4.56 );
INSERT INTO public."CheapHerder_product_price" ( item_code_id, price_id_id ) values ( '400549552', 620 );
INSERT INTO public."CheapHerder_price" ( price_id, quantity, price ) values ( 621, 50, 3.99 );
INSERT INTO public."CheapHerder_product_price" ( item_code_id, price_id_id ) values ( '400549552', 621 );
INSERT INTO public."CheapHerder_price" ( price_id, quantity, price ) values ( 622, 83, 3.64 );
INSERT INTO public."CheapHerder_product_price" ( item_code_id, price_id_id ) values ( '400549552', 622 );
INSERT INTO public."CheapHerder_price" ( price_id, quantity, price ) values ( 623, 286, 3.51 );
INSERT INTO public."CheapHerder_product_price" ( item_code_id, price_id_id ) values ( '400549552', 623 );
INSERT INTO public."CheapHerder_product" (item_code, product_name, category, description, quantity, package_size, gross_weight, image_url) values ('402843121', ' 10 Pcs/set Color Gel Pen Kawaii Stationery Korean Flower Canetas Escolar Papelaria Gift Office Material School Supplies G715', 'Gel Pens', 'we are offering great products with competitive price and great quality! May we have nice and long term cooperation, Welcome to wholesale and retail.', '1 Lot  (10 Set/Lot)', '35.0 * 35.0 * 30.0 ( cm )', '1.3 ( kg )', 'http://www.dhresource.com/albu_639356307_00-1.0x0/10-pcs-set-color-gel-pen-kawaii-stationery.jpg');
INSERT INTO public."CheapHerder_price" ( price_id, quantity, price ) values ( 624, 1, 44.58 );
INSERT INTO public."CheapHerder_product_price" ( item_code_id, price_id_id ) values ( '402843121', 624 );
INSERT INTO public."CheapHerder_price" ( price_id, quantity, price ) values ( 625, 5, 43.43 );
INSERT INTO public."CheapHerder_product_price" ( item_code_id, price_id_id ) values ( '402843121', 625 );
INSERT INTO public."CheapHerder_price" ( price_id, quantity, price ) values ( 626, 8, 39.59 );
INSERT INTO public."CheapHerder_product_price" ( item_code_id, price_id_id ) values ( '402843121', 626 );
INSERT INTO public."CheapHerder_price" ( price_id, quantity, price ) values ( 627, 11, 38.55 );
INSERT INTO public."CheapHerder_product_price" ( item_code_id, price_id_id ) values ( '402843121', 627 );
INSERT INTO public."CheapHerder_price" ( price_id, quantity, price ) values ( 628, 21, 37.50 );
INSERT INTO public."CheapHerder_product_price" ( item_code_id, price_id_id ) values ( '402843121', 628 );
INSERT INTO public."CheapHerder_price" ( price_id, quantity, price ) values ( 629, 28, 36.19 );
INSERT INTO public."CheapHerder_product_price" ( item_code_id, price_id_id ) values ( '402843121', 629 );
INSERT INTO public."CheapHerder_product" (item_code, product_name, category, description, quantity, package_size, gross_weight, image_url) values ('234086338', ' Clear + white pearl Plastic Poly OPP packing zipper Zip lock Retail Packages PVC bag for Case for iphone 6 6s plus Samsung Galaxy', 'Packing Bags', 'for cellphone Case for iphone 6 6+ 5.5 Samsung Galaxy S4 S5 S6 Note 3 4 HTC Nokia for pen for cable charger earphone etc', '1  Piece', '60.0 * 50.0 * 40.0 ( cm )', '0.5 ( kg )', 'http://www.dhresource.com/0x0s/f2-albu-g3-M00-25-43-rBVaHVaE2CCASSleAAGYGxMuZOY056.jpg/clear-white-pearl-plastic-poly-opp-packing.jpg');
INSERT INTO public."CheapHerder_price" ( price_id, quantity, price ) values ( 630, 1000, 0.05 );
INSERT INTO public."CheapHerder_product_price" ( item_code_id, price_id_id ) values ( '234086338', 630 );
INSERT INTO public."CheapHerder_price" ( price_id, quantity, price ) values ( 631, 2000, 0.05 );
INSERT INTO public."CheapHerder_product_price" ( item_code_id, price_id_id ) values ( '234086338', 631 );
INSERT INTO public."CheapHerder_price" ( price_id, quantity, price ) values ( 632, 5000, 0.05 );
INSERT INTO public."CheapHerder_product_price" ( item_code_id, price_id_id ) values ( '234086338', 632 );
INSERT INTO public."CheapHerder_price" ( price_id, quantity, price ) values ( 633, 7200, 0.05 );
INSERT INTO public."CheapHerder_product_price" ( item_code_id, price_id_id ) values ( '234086338', 633 );
INSERT INTO public."CheapHerder_price" ( price_id, quantity, price ) values ( 634, 10000, 0.05 );
INSERT INTO public."CheapHerder_product_price" ( item_code_id, price_id_id ) values ( '234086338', 634 );
INSERT INTO public."CheapHerder_price" ( price_id, quantity, price ) values ( 635, 24875, 0.05 );
INSERT INTO public."CheapHerder_product_price" ( item_code_id, price_id_id ) values ( '234086338', 635 );
INSERT INTO public."CheapHerder_product" (item_code, product_name, category, description, quantity, package_size, gross_weight, image_url) values ('400306839', ' 36 Rolls Box Carton Sealing Packing Packaging Tape 2"x110 Yards(330'' ft) Clear', 'Adhesive Tapes', 'Widely used in carton packing, warehouse storage of goods, container shipment, products sealing glue and fixed, sealing packing, carton binding. The tape rolls are a standard size and can be used with any 3" core tape dispenser. The leading edge features a small non-stick strip to make starting the tape simple and easy.', '1  Piece', '10.0 * 10.0 * 10.0 ( cm )', '5.0 ( kg )', 'http://www.dhresource.com/0x0s/f2-albu-g5-M00-7B-94-rBVaJFkr5GGAarBZAAHbSyxDTBI916.jpg/36-rolls-box-carton-sealing-packing-packaging.jpg');
INSERT INTO public."CheapHerder_price" ( price_id, quantity, price ) values ( 636, 1, 28.70 );
INSERT INTO public."CheapHerder_product_price" ( item_code_id, price_id_id ) values ( '400306839', 636 );
INSERT INTO public."CheapHerder_price" ( price_id, quantity, price ) values ( 637, 4, 27.60 );
INSERT INTO public."CheapHerder_product_price" ( item_code_id, price_id_id ) values ( '400306839', 637 );
INSERT INTO public."CheapHerder_price" ( price_id, quantity, price ) values ( 638, 11, 25.15 );
INSERT INTO public."CheapHerder_product_price" ( item_code_id, price_id_id ) values ( '400306839', 638 );
INSERT INTO public."CheapHerder_price" ( price_id, quantity, price ) values ( 639, 36, 24.26 );
INSERT INTO public."CheapHerder_product_price" ( item_code_id, price_id_id ) values ( '400306839', 639 );
INSERT INTO public."CheapHerder_product" (item_code, product_name, category, description, quantity, package_size, gross_weight, image_url) values ('192809459', ' 10*18cm White/Clear Self Seal Zipper Plastic Retail Packaging Poly Bag Zip Lock Bagl Package Hang Hole For iPhone 4S 5S 6S Samsung', 'Packing Bags', 'Performance: transparent, non-toxic, tasteless, suitable for food packaging. Sealing is good, not easy broken bag, can have very good moistureproof, antifouling effect.', '1 Lot  (100 Piece/Lot)', '21.0 * 15.0 * 9.0 ( cm )', '0.1 ( kg )', 'http://www.dhresource.com/albu_737635376_00-1.0x0/10-18cm-white-clear-self-seal-zipper-plastic.jpg');
INSERT INTO public."CheapHerder_price" ( price_id, quantity, price ) values ( 640, 1, 8.92 );
INSERT INTO public."CheapHerder_product_price" ( item_code_id, price_id_id ) values ( '192809459', 640 );
INSERT INTO public."CheapHerder_price" ( price_id, quantity, price ) values ( 641, 2, 8.75 );
INSERT INTO public."CheapHerder_product_price" ( item_code_id, price_id_id ) values ( '192809459', 641 );
INSERT INTO public."CheapHerder_price" ( price_id, quantity, price ) values ( 642, 10, 8.00 );
INSERT INTO public."CheapHerder_product_price" ( item_code_id, price_id_id ) values ( '192809459', 642 );
INSERT INTO public."CheapHerder_price" ( price_id, quantity, price ) values ( 643, 42, 7.30 );
INSERT INTO public."CheapHerder_product_price" ( item_code_id, price_id_id ) values ( '192809459', 643 );
INSERT INTO public."CheapHerder_price" ( price_id, quantity, price ) values ( 644, 143, 7.04 );
INSERT INTO public."CheapHerder_product_price" ( item_code_id, price_id_id ) values ( '192809459', 644 );
INSERT INTO public."CheapHerder_price" ( price_id, quantity, price ) values ( 645, 1000, 3.02 );
INSERT INTO public."CheapHerder_product_price" ( item_code_id, price_id_id ) values ( '192809459', 645 );
INSERT INTO public."CheapHerder_product" (item_code, product_name, category, description, quantity, package_size, gross_weight, image_url) values ('393165415', ' Household All In One Digital LED Thermometer Digital Day Date Alarm Clock Digital Thermometer and Digital Hygrometer', 'Temperature Instruments', 'This is an mitifactional temperature without battery .Free Shipping Digital Thermometer + hygrometer + Alarm clock luminous High Quality', '1  Piece', '14.0 * 10.0 * 2.0 ( cm )', '0.16 ( kg )', 'http://www.dhresource.com/0x0s/f2-albu-g5-M00-E0-95-rBVaI1gucT2AVdfrAAFicFxU6-A922.jpg/household-all-in-one-digital-led-thermometer.jpg');
INSERT INTO public."CheapHerder_price" ( price_id, quantity, price ) values ( 646, 20, 5.15 );
INSERT INTO public."CheapHerder_product_price" ( item_code_id, price_id_id ) values ( '393165415', 646 );
INSERT INTO public."CheapHerder_price" ( price_id, quantity, price ) values ( 647, 50, 4.58 );
INSERT INTO public."CheapHerder_product_price" ( item_code_id, price_id_id ) values ( '393165415', 647 );
INSERT INTO public."CheapHerder_price" ( price_id, quantity, price ) values ( 648, 72, 4.17 );
INSERT INTO public."CheapHerder_product_price" ( item_code_id, price_id_id ) values ( '393165415', 648 );
INSERT INTO public."CheapHerder_price" ( price_id, quantity, price ) values ( 649, 150, 3.58 );
INSERT INTO public."CheapHerder_product_price" ( item_code_id, price_id_id ) values ( '393165415', 649 );
INSERT INTO public."CheapHerder_price" ( price_id, quantity, price ) values ( 650, 291, 3.45 );
INSERT INTO public."CheapHerder_product_price" ( item_code_id, price_id_id ) values ( '393165415', 650 );
INSERT INTO public."CheapHerder_price" ( price_id, quantity, price ) values ( 651, 400, 3.32 );
INSERT INTO public."CheapHerder_product_price" ( item_code_id, price_id_id ) values ( '393165415', 651 );
INSERT INTO public."CheapHerder_product" (item_code, product_name, category, description, quantity, package_size, gross_weight, image_url) values ('388159905', ' Digital Chrome Hand Tally Clicker/Counter Metal Machanical 4 Digit Number Clicker Golf Digital Chrome Hand Tally Count', 'Counters', 'Specifications: Material: Stainless steel, Plastic Color: Silver Counts Range: 0000 to 9999 Counter size: Approx. 4.5*3cm', '1  Piece', '15.0 * 10.0 * 10.0 ( cm )', '0.06 ( kg )', 'http://www.dhresource.com/0x0s/f2-albu-g4-M00-E6-4D-rBVaEVeTJo-AXTzFAAGdSHznVHk407.jpg/digital-chrome-hand-tally-clicker-counter.jpg');
INSERT INTO public."CheapHerder_price" ( price_id, quantity, price ) values ( 652, 400, 0.98 );
INSERT INTO public."CheapHerder_product_price" ( item_code_id, price_id_id ) values ( '388159905', 652 );
INSERT INTO public."CheapHerder_price" ( price_id, quantity, price ) values ( 653, 1059, 0.95 );
INSERT INTO public."CheapHerder_product_price" ( item_code_id, price_id_id ) values ( '388159905', 653 );
INSERT INTO public."CheapHerder_product" (item_code, product_name, category, description, quantity, package_size, gross_weight, image_url) values ('401470717', ' 10pcs/lot Balloon Design Fashion Cute Cartoon Animal Characters Retractable Badge Reel For ID Business Work Card Badge Holder', 'Other Office & School Supplies', 'Retractable Reel to Conveniently Keep ID, Key and Cell phone Safe Secure metal clip for easy fasten to pocket, belt, waistband, lanyard and more.', '1 Lot  (10 Piece/Lot)', '10.0 * 10.0 * 10.0 ( cm )', '0.2 ( kg )', 'http://www.dhresource.com/0x0s/f2-albu-g5-M01-E2-C8-rBVaI1lQzuyAZziOAALMf0Bld6Q541.jpg/10pcs-lot-balloon-design-fashion-cute-cartoon.jpg');
INSERT INTO public."CheapHerder_price" ( price_id, quantity, price ) values ( 654, 1, 14.85 );
INSERT INTO public."CheapHerder_product_price" ( item_code_id, price_id_id ) values ( '401470717', 654 );
INSERT INTO public."CheapHerder_price" ( price_id, quantity, price ) values ( 655, 20, 11.88 );
INSERT INTO public."CheapHerder_product_price" ( item_code_id, price_id_id ) values ( '401470717', 655 );
INSERT INTO public."CheapHerder_price" ( price_id, quantity, price ) values ( 656, 28, 10.83 );
INSERT INTO public."CheapHerder_product_price" ( item_code_id, price_id_id ) values ( '401470717', 656 );
INSERT INTO public."CheapHerder_price" ( price_id, quantity, price ) values ( 657, 40, 8.12 );
INSERT INTO public."CheapHerder_product_price" ( item_code_id, price_id_id ) values ( '401470717', 657 );
INSERT INTO public."CheapHerder_price" ( price_id, quantity, price ) values ( 658, 60, 5.42 );
INSERT INTO public."CheapHerder_product_price" ( item_code_id, price_id_id ) values ( '401470717', 658 );
INSERT INTO public."CheapHerder_price" ( price_id, quantity, price ) values ( 659, 192, 5.23 );
INSERT INTO public."CheapHerder_product_price" ( item_code_id, price_id_id ) values ( '401470717', 659 );
INSERT INTO public."CheapHerder_product" (item_code, product_name, category, description, quantity, package_size, gross_weight, image_url) values ('402161691', ' 2Axis digital readout with high precision linear scale / linear encoder/ linear ruler for milling lathe machine', 'Level Measuring Instruments', 'Model Number: JCS-900AE Condition: New CNC or Not: Normal Type: mill lathe DRO Power supply: 85-250V Linear scale resolution: 5 micron Cable length : 3 meter Signal : TTL /RS422 application: milling lathe boring grinder machine etc Size: normal 21*33mm,slim avalible DRO power : 25W Linear scale reesolution: 5 micron Country of orginal : Guangdong China Warranty: 12 months', '1  Piece', '80.0 * 12.0 * 12.0 ( cm )', '7.0 ( kg )', 'http://www.dhresource.com/0x0s/f2-albu-g5-M00-4D-88-rBVaI1lnTueAZy02AAIy1vPtyio391.jpg/2axis-digital-readout-with-high-precision.jpg');
INSERT INTO public."CheapHerder_price" ( price_id, quantity, price ) values ( 660, 1, 217.15 );
INSERT INTO public."CheapHerder_product_price" ( item_code_id, price_id_id ) values ( '402161691', 660 );
INSERT INTO public."CheapHerder_price" ( price_id, quantity, price ) values ( 661, 2, 197.92 );
INSERT INTO public."CheapHerder_product_price" ( item_code_id, price_id_id ) values ( '402161691', 661 );
INSERT INTO public."CheapHerder_price" ( price_id, quantity, price ) values ( 662, 6, 190.96 );
INSERT INTO public."CheapHerder_product_price" ( item_code_id, price_id_id ) values ( '402161691', 662 );
INSERT INTO public."CheapHerder_product" (item_code, product_name, category, description, quantity, package_size, gross_weight, image_url) values ('397444208', ' 20ml perfume bottles atomization tube glass bottle with spray cover for Toilet water & essential oils and medicine made in china', 'Packing Bottles', 'Dear, we are manufacturer in China is the largest, there are a lot of inventory, and we can customize for your personal more sizes and styles.I wish you a happy shopping', '1 Lot  (200 Piece/Lot)', '45.0 * 35.0 * 40.0 ( cm )', '7.0 ( kg )', 'http://www.dhresource.com/0x0s/f2-albu-g5-M01-55-C9-rBVaJFjRANKAbENjAAIKqQbf1s4055.jpg/20ml-perfume-bottles-atomization-tube-glass.jpg');
INSERT INTO public."CheapHerder_price" ( price_id, quantity, price ) values ( 663, 1, 110.86 );
INSERT INTO public."CheapHerder_product_price" ( item_code_id, price_id_id ) values ( '397444208', 663 );
INSERT INTO public."CheapHerder_price" ( price_id, quantity, price ) values ( 664, 3, 101.05 );
INSERT INTO public."CheapHerder_product_price" ( item_code_id, price_id_id ) values ( '397444208', 664 );
INSERT INTO public."CheapHerder_price" ( price_id, quantity, price ) values ( 665, 5, 98.96 );
INSERT INTO public."CheapHerder_product_price" ( item_code_id, price_id_id ) values ( '397444208', 665 );
INSERT INTO public."CheapHerder_price" ( price_id, quantity, price ) values ( 666, 11, 95.48 );
INSERT INTO public."CheapHerder_product_price" ( item_code_id, price_id_id ) values ( '397444208', 666 );
INSERT INTO public."CheapHerder_price" ( price_id, quantity, price ) values ( 667, 15, 92.47 );
INSERT INTO public."CheapHerder_product_price" ( item_code_id, price_id_id ) values ( '397444208', 667 );
INSERT INTO public."CheapHerder_price" ( price_id, quantity, price ) values ( 668, 25, 88.45 );
INSERT INTO public."CheapHerder_product_price" ( item_code_id, price_id_id ) values ( '397444208', 668 );
INSERT INTO public."CheapHerder_product" (item_code, product_name, category, description, quantity, package_size, gross_weight, image_url) values ('399704174', ' Multi-Angle Measuring Ruler Angle Izer Tools Four Folding Plastic Ruler Measuring Instrument Great Template for All Surfaces OOA1681', 'Tape Measures', 'Product Name :Angle Ruler Color:as pic to choose Material: other Size:other you can choose your like Don`t hesitate and buy now !', '1  Piece', '45.0 * 35.0 * 25.0 ( cm )', '30.0 ( kg )', 'http://www.dhresource.com/0x0s/f2-albu-g5-M00-B3-23-rBVaI1kaaSmAF32OAAQ2MAlpJog131.jpg/multi-angle-measuring-ruler-angle-izer-tools.jpg');
INSERT INTO public."CheapHerder_price" ( price_id, quantity, price ) values ( 669, 100, 1.50 );
INSERT INTO public."CheapHerder_product_price" ( item_code_id, price_id_id ) values ( '399704174', 669 );
INSERT INTO public."CheapHerder_price" ( price_id, quantity, price ) values ( 670, 176, 1.37 );
INSERT INTO public."CheapHerder_product_price" ( item_code_id, price_id_id ) values ( '399704174', 670 );
INSERT INTO public."CheapHerder_price" ( price_id, quantity, price ) values ( 671, 300, 1.27 );
INSERT INTO public."CheapHerder_product_price" ( item_code_id, price_id_id ) values ( '399704174', 671 );
INSERT INTO public."CheapHerder_price" ( price_id, quantity, price ) values ( 672, 500, 1.26 );
INSERT INTO public."CheapHerder_product_price" ( item_code_id, price_id_id ) values ( '399704174', 672 );
INSERT INTO public."CheapHerder_price" ( price_id, quantity, price ) values ( 673, 664, 1.21 );
INSERT INTO public."CheapHerder_product_price" ( item_code_id, price_id_id ) values ( '399704174', 673 );
INSERT INTO public."CheapHerder_price" ( price_id, quantity, price ) values ( 674, 1000, 1.18 );
INSERT INTO public."CheapHerder_product_price" ( item_code_id, price_id_id ) values ( '399704174', 674 );
INSERT INTO public."CheapHerder_product" (item_code, product_name, category, description, quantity, package_size, gross_weight, image_url) values ('397149464', ' 2017 newest type rosin press machine PURE ELECTRIC Auto dual heat plates rosin heat press machine LCD panel ,No air compressor needed', 'Other Industrial Equipment', 'Color :black Plate color:black or red or any other color you want. pacakging:Wooden case shipping way: by Fedex', '1  Piece', '43.0 * 68.0 * 79.0 ( cm )', '45.0 ( kg )', 'http://www.dhresource.com/0x0s/f2-albu-g5-M00-F2-55-rBVaI1jHr6-ASkw7AAQL9Y8X-os991.jpg/2017-newest-type-rosin-press-machine-pure.jpg');
INSERT INTO public."CheapHerder_price" ( price_id, quantity, price ) values ( 675, 1, 926.05 );
INSERT INTO public."CheapHerder_product_price" ( item_code_id, price_id_id ) values ( '397149464', 675 );
INSERT INTO public."CheapHerder_price" ( price_id, quantity, price ) values ( 676, 2, 893.47 );
INSERT INTO public."CheapHerder_product_price" ( item_code_id, price_id_id ) values ( '397149464', 676 );
INSERT INTO public."CheapHerder_price" ( price_id, quantity, price ) values ( 677, 3, 854.28 );
INSERT INTO public."CheapHerder_product_price" ( item_code_id, price_id_id ) values ( '397149464', 677 );
INSERT INTO public."CheapHerder_price" ( price_id, quantity, price ) values ( 678, 8, 824.13 );
INSERT INTO public."CheapHerder_product_price" ( item_code_id, price_id_id ) values ( '397149464', 678 );
INSERT INTO public."CheapHerder_price" ( price_id, quantity, price ) values ( 679, 15, 804.03 );
INSERT INTO public."CheapHerder_product_price" ( item_code_id, price_id_id ) values ( '397149464', 679 );
INSERT INTO public."CheapHerder_product" (item_code, product_name, category, description, quantity, package_size, gross_weight, image_url) values ('396837936', ' Wholesale- Multi Color option Gradient Oil Based Ink pad Signet For Paper Wood Craft Rubber Stamp 1piece/lot 074004022', 'Stamps', 'Cheap lots to learn dvd, Buy Quality seal jar directly from China seal poem Suppliers: Please Note:If your order total amount reached $100.We will change the shipping from ChinaPost to Express we choose &n;', '1 Lot  (15 Piece/Lot)', '10.0 * 10.0 * 10.0 ( cm )', '0.12 ( kg )', 'http://www.dhresource.com/0x0s/f2-albu-g5-M01-D7-37-rBVaJFi-ZzOAak12AAG_Y_Q-8YE811.jpg/wholesale-multi-color-option-gradient-oil.jpg');
INSERT INTO public."CheapHerder_price" ( price_id, quantity, price ) values ( 680, 1, 13.67 );
INSERT INTO public."CheapHerder_product_price" ( item_code_id, price_id_id ) values ( '396837936', 680 );
INSERT INTO public."CheapHerder_price" ( price_id, quantity, price ) values ( 681, 2, 13.40 );
INSERT INTO public."CheapHerder_product_price" ( item_code_id, price_id_id ) values ( '396837936', 681 );
INSERT INTO public."CheapHerder_price" ( price_id, quantity, price ) values ( 682, 5, 13.26 );
INSERT INTO public."CheapHerder_product_price" ( item_code_id, price_id_id ) values ( '396837936', 682 );
INSERT INTO public."CheapHerder_price" ( price_id, quantity, price ) values ( 683, 16, 12.09 );
INSERT INTO public."CheapHerder_product_price" ( item_code_id, price_id_id ) values ( '396837936', 683 );
INSERT INTO public."CheapHerder_price" ( price_id, quantity, price ) values ( 684, 55, 11.67 );
INSERT INTO public."CheapHerder_product_price" ( item_code_id, price_id_id ) values ( '396837936', 684 );
INSERT INTO public."CheapHerder_product" (item_code, product_name, category, description, quantity, package_size, gross_weight, image_url) values ('400768133', ' 100Pcs/ Lot 10*15cm Zipper Top Aluminum Foil Resealable Valve Pack Package Pouches Zip Lock Ziplock Food Red Dates Storage Bags', 'Packing Bags', 'Type: Storage Bags. Shape: Square. Applicable Space: Kitchen. Model Number: 10*15cm. Capacity: 50ml. Thickness: 6 wire. Feature: Eco-Friendly.', '1 Lot  (100 Piece/Lot)', '17.0 * 15.0 * 5.0 ( cm )', '0.3 ( kg )', 'http://www.dhresource.com/0x0s/f2-albu-g5-M01-DF-B5-rBVaJFk6U4GAadruAATJbq-IkYs709.jpg/100pcs-lot-10-15cm-zipper-top-aluminum-foil.jpg');
INSERT INTO public."CheapHerder_price" ( price_id, quantity, price ) values ( 685, 1, 14.28 );
INSERT INTO public."CheapHerder_product_price" ( item_code_id, price_id_id ) values ( '400768133', 685 );
INSERT INTO public."CheapHerder_price" ( price_id, quantity, price ) values ( 686, 19, 13.02 );
INSERT INTO public."CheapHerder_product_price" ( item_code_id, price_id_id ) values ( '400768133', 686 );
INSERT INTO public."CheapHerder_price" ( price_id, quantity, price ) values ( 687, 66, 12.56 );
INSERT INTO public."CheapHerder_product_price" ( item_code_id, price_id_id ) values ( '400768133', 687 );
INSERT INTO public."CheapHerder_product" (item_code, product_name, category, description, quantity, package_size, gross_weight, image_url) values ('373164718', ' 200g x 0.01g Mini Electronic Digital Jewelry Scale Balance Pocket Gram LCD Display kitchen', 'Weighing Scales', 'Find More Weighing Scales Information about 200g x 0.01g Mini Electronic Digital Jewelry Scale Balance Pocket Gram LCD Display kitchen,High Quality scale laboratory,China scale set Suppliers, Cheap scales measure body fat from Sun Shine', '1  Piece', '15.0 * 10.0 * 5.0 ( cm )', '0.35 ( kg )', 'http://www.dhresource.com/0x0s/f2-albu-g3-M00-8A-13-rBVaHVal6caAIDjtAAFSoNLc-6Q452.jpg/200g-x-0-01g-mini-electronic-digital-jewelry.jpg');
INSERT INTO public."CheapHerder_price" ( price_id, quantity, price ) values ( 688, 1, 2.54 );
INSERT INTO public."CheapHerder_product_price" ( item_code_id, price_id_id ) values ( '373164718', 688 );
INSERT INTO public."CheapHerder_price" ( price_id, quantity, price ) values ( 689, 130, 2.32 );
INSERT INTO public."CheapHerder_product_price" ( item_code_id, price_id_id ) values ( '373164718', 689 );
INSERT INTO public."CheapHerder_price" ( price_id, quantity, price ) values ( 690, 449, 2.24 );
INSERT INTO public."CheapHerder_product_price" ( item_code_id, price_id_id ) values ( '373164718', 690 );
INSERT INTO public."CheapHerder_product" (item_code, product_name, category, description, quantity, package_size, gross_weight, image_url) values ('372179740', ' 50pcs xStrong Magnet Round Slice Disc 14mm X 1mm Rare Earth Neodymium N35', 'Magnets', '50pcs xStrong Magnet Round Slice Disc 14mm X 1mm Rare Earth Neodymium N35', '1 Lot  (50 Piece/Lot)', '13.0 * 13.0 * 13.0 ( cm )', '0.2 ( kg )', 'http://www.dhresource.com/0x0s/f2-albu-g3-M00-E1-17-rBVaHVaT0DGAR0teAABi5avkMcU763.jpg/50pcs-xstrong-magnet-round-slice-disc-14mm.jpg');
INSERT INTO public."CheapHerder_price" ( price_id, quantity, price ) values ( 691, 1, 10.05 );
INSERT INTO public."CheapHerder_product_price" ( item_code_id, price_id_id ) values ( '372179740', 691 );
INSERT INTO public."CheapHerder_price" ( price_id, quantity, price ) values ( 692, 33, 9.16 );
INSERT INTO public."CheapHerder_product_price" ( item_code_id, price_id_id ) values ( '372179740', 692 );
INSERT INTO public."CheapHerder_price" ( price_id, quantity, price ) values ( 693, 114, 8.84 );
INSERT INTO public."CheapHerder_product_price" ( item_code_id, price_id_id ) values ( '372179740', 693 );
INSERT INTO public."CheapHerder_product" (item_code, product_name, category, description, quantity, package_size, gross_weight, image_url) values ('405476864', ' Mail Bags phone bag PE white transparent plastic plastic bags a variety of specifications free shipping', 'Mail Bags', '1. Plastic varieties: HDPE; 2. Packaging level: inner packaging; 3. Supply type: can be customized; 4. Print LOGO: Yes;5.thickness:Red edge 5mm;', '1  Piece', '40.0 * 60.0 * 1.0 ( cm )', '0.005 ( kg )', 'http://www.dhresource.com/0x0s/f2-albu-g4-M00-AA-F9-rBVaEFnd2TGAZhPcAAHbgigwsYI060.jpg/mail-bags-phone-bag-pe-white-transparent.jpg');
INSERT INTO public."CheapHerder_price" ( price_id, quantity, price ) values ( 694, 100, 0.16 );
INSERT INTO public."CheapHerder_product_price" ( item_code_id, price_id_id ) values ( '405476864', 694 );
INSERT INTO public."CheapHerder_price" ( price_id, quantity, price ) values ( 695, 2058, 0.15 );
INSERT INTO public."CheapHerder_product_price" ( item_code_id, price_id_id ) values ( '405476864', 695 );
INSERT INTO public."CheapHerder_price" ( price_id, quantity, price ) values ( 696, 7108, 0.15 );
INSERT INTO public."CheapHerder_product_price" ( item_code_id, price_id_id ) values ( '405476864', 696 );
INSERT INTO public."CheapHerder_product" (item_code, product_name, category, description, quantity, package_size, gross_weight, image_url) values ('401613040', ' $1/2/5/10/20/50/100 Dollars Fake Paper Money Bank USA Training Collect Learning Banknotes 100Pcs/Set', 'Other Office & School Supplies', 'Purchasing tips: The training Banknote Not legal tender, This is not in circulation with Chinese warning specifications on surface Please don''t take this the wrong way!!!', '1  Set', '20.0 * 15.0 * 10.0 ( cm )', '0.2 ( kg )', 'http://www.dhresource.com/0x0s/f2-albu-g5-M00-AA-B8-rBVaJFi3c5iATbQUAAFnfocSiJM885.jpg/1-2-5-10-20-50-100-dollars-fake-paper-money.jpg');
INSERT INTO public."CheapHerder_price" ( price_id, quantity, price ) values ( 697, 1, 9.97 );
INSERT INTO public."CheapHerder_product_price" ( item_code_id, price_id_id ) values ( '401613040', 697 );
INSERT INTO public."CheapHerder_price" ( price_id, quantity, price ) values ( 698, 2, 9.10 );
INSERT INTO public."CheapHerder_product_price" ( item_code_id, price_id_id ) values ( '401613040', 698 );
INSERT INTO public."CheapHerder_price" ( price_id, quantity, price ) values ( 699, 20, 6.88 );
INSERT INTO public."CheapHerder_product_price" ( item_code_id, price_id_id ) values ( '401613040', 699 );
INSERT INTO public."CheapHerder_price" ( price_id, quantity, price ) values ( 700, 43, 6.27 );
INSERT INTO public."CheapHerder_product_price" ( item_code_id, price_id_id ) values ( '401613040', 700 );
INSERT INTO public."CheapHerder_price" ( price_id, quantity, price ) values ( 701, 148, 6.05 );
INSERT INTO public."CheapHerder_product_price" ( item_code_id, price_id_id ) values ( '401613040', 701 );
INSERT INTO public."CheapHerder_price" ( price_id, quantity, price ) values ( 702, 10000, 2.69 );
INSERT INTO public."CheapHerder_product_price" ( item_code_id, price_id_id ) values ( '401613040', 702 );
INSERT INTO public."CheapHerder_product" (item_code, product_name, category, description, quantity, package_size, gross_weight, image_url) values ('396961456', ' Brand New 3000g x 0.1g Digital Pocket Scale 2kg-0.1 3000g/0.1 Jewelry Scales Electronic Kitchen Weight Scale', 'Weighing Scales', 'Features: Two weighing tray, small scale of a tray protection during storage or transportation. LCD back light. Tare weight function to obtain net weight. Overload indicator. Automatic shutdown. Display: LCD with blue light Easy to use. Weight: g, designed.the gn, ct oz, ozt.DWT Power: 2 x AAA batteries (not included) Accuracy: 0.01 g Color: siliver Size: 10 cm x 12 cm x 2 cm, platform size: 10 * 10 centimeters Package includes: Range that choose to order 1 X big tray 1 X small tray', '1  Piece', '10.0 * 15.0 * 20.0 ( cm )', '0.3 ( kg )', 'http://www.dhresource.com/0x0s/f2-albu-g5-M00-80-A5-rBVaI1jCFXuAJHd-AAFVZ6dQAjk452.jpg/brand-new-3000g-x-0-1g-digital-pocket-scale.jpg');
INSERT INTO public."CheapHerder_price" ( price_id, quantity, price ) values ( 703, 1, 12.58 );
INSERT INTO public."CheapHerder_product_price" ( item_code_id, price_id_id ) values ( '396961456', 703 );
INSERT INTO public."CheapHerder_price" ( price_id, quantity, price ) values ( 704, 5, 11.43 );
INSERT INTO public."CheapHerder_product_price" ( item_code_id, price_id_id ) values ( '396961456', 704 );
INSERT INTO public."CheapHerder_price" ( price_id, quantity, price ) values ( 705, 10, 11.20 );
INSERT INTO public."CheapHerder_product_price" ( item_code_id, price_id_id ) values ( '396961456', 705 );
INSERT INTO public."CheapHerder_price" ( price_id, quantity, price ) values ( 706, 30, 10.21 );
INSERT INTO public."CheapHerder_product_price" ( item_code_id, price_id_id ) values ( '396961456', 706 );
INSERT INTO public."CheapHerder_price" ( price_id, quantity, price ) values ( 707, 102, 9.85 );
INSERT INTO public."CheapHerder_product_price" ( item_code_id, price_id_id ) values ( '396961456', 707 );
INSERT INTO public."CheapHerder_product" (item_code, product_name, category, description, quantity, package_size, gross_weight, image_url) values ('400499629', ' High Quality Money banknote USD100 50 20 10 5 for props and Education bank staff training paper fake money copy money children gift', 'Other Office & School Supplies', 'Our product and service features:1 in stock 2 Exquisite 3 Fast Shipping 4 hot Sale 5 High Quality But Low Price 6 Newest Type', '1  Set', '20.0 * 10.0 * 10.0 ( cm )', '0.2 ( kg )', 'http://www.dhresource.com/0x0s/f2-albu-g5-M00-23-6F-rBVaJFky2V-AAYWrAAGnR6_DL7I483.jpg/high-quality-money-banknote-usd100-50-20.jpg');
INSERT INTO public."CheapHerder_price" ( price_id, quantity, price ) values ( 708, 1, 10.00 );
INSERT INTO public."CheapHerder_product_price" ( item_code_id, price_id_id ) values ( '400499629', 708 );
INSERT INTO public."CheapHerder_price" ( price_id, quantity, price ) values ( 709, 2, 9.00 );
INSERT INTO public."CheapHerder_product_price" ( item_code_id, price_id_id ) values ( '400499629', 709 );
INSERT INTO public."CheapHerder_price" ( price_id, quantity, price ) values ( 710, 20, 6.80 );
INSERT INTO public."CheapHerder_product_price" ( item_code_id, price_id_id ) values ( '400499629', 710 );
INSERT INTO public."CheapHerder_price" ( price_id, quantity, price ) values ( 711, 43, 6.20 );
INSERT INTO public."CheapHerder_product_price" ( item_code_id, price_id_id ) values ( '400499629', 711 );
INSERT INTO public."CheapHerder_price" ( price_id, quantity, price ) values ( 712, 148, 5.98 );
INSERT INTO public."CheapHerder_product_price" ( item_code_id, price_id_id ) values ( '400499629', 712 );
INSERT INTO public."CheapHerder_price" ( price_id, quantity, price ) values ( 713, 10000, 2.66 );
INSERT INTO public."CheapHerder_product_price" ( item_code_id, price_id_id ) values ( '400499629', 713 );
INSERT INTO public."CheapHerder_product" (item_code, product_name, category, description, quantity, package_size, gross_weight, image_url) values ('399507902', ' Vintage Leather Travel Journal Notebook Anchor Rudder Decoration Notebook', 'Notepads', 'Vintage Leather Travel Journal Notebook Anchor Rudder Decoration Notebook', '1  Piece', '1.0 * 1.0 * 1.0 ( cm )', '0.1 ( kg )', 'http://www.dhresource.com/0x0s/f2-albu-g5-M00-AB-8B-rBVaJFkUJe6AUkP2AACoWPv6Dyo434.jpg/vintage-leather-travel-journal-notebook-anchor.jpg');
INSERT INTO public."CheapHerder_price" ( price_id, quantity, price ) values ( 714, 10, 3.68 );
INSERT INTO public."CheapHerder_product_price" ( item_code_id, price_id_id ) values ( '399507902', 714 );
INSERT INTO public."CheapHerder_price" ( price_id, quantity, price ) values ( 715, 60, 3.48 );
INSERT INTO public."CheapHerder_product_price" ( item_code_id, price_id_id ) values ( '399507902', 715 );
INSERT INTO public."CheapHerder_price" ( price_id, quantity, price ) values ( 716, 88, 3.16 );
INSERT INTO public."CheapHerder_product_price" ( item_code_id, price_id_id ) values ( '399507902', 716 );
INSERT INTO public."CheapHerder_price" ( price_id, quantity, price ) values ( 717, 200, 3.07 );
INSERT INTO public."CheapHerder_product_price" ( item_code_id, price_id_id ) values ( '399507902', 717 );
INSERT INTO public."CheapHerder_price" ( price_id, quantity, price ) values ( 718, 311, 2.96 );
INSERT INTO public."CheapHerder_product_price" ( item_code_id, price_id_id ) values ( '399507902', 718 );
INSERT INTO public."CheapHerder_price" ( price_id, quantity, price ) values ( 719, 500, 2.78 );
INSERT INTO public."CheapHerder_product_price" ( item_code_id, price_id_id ) values ( '399507902', 719 );
INSERT INTO public."CheapHerder_product" (item_code, product_name, category, description, quantity, package_size, gross_weight, image_url) values ('401096652', ' New Aluminium 3x5 Inch Rosin Press Machine Plates Include Heater Rod Dual Controller PID Fancier With Dual Heating Cord Quality Fancier', 'Other Industrial Equipment', 'We are professional Electric Nail & Dab Nail manufacturer, please feel free to ask us details, or check our store: http://www.DHgate.com/store/19918083', '1  Piece', '20.0 * 15.0 * 5.0 ( cm )', '6.0 ( kg )', 'http://www.dhresource.com/0x0s/f2-albu-g5-M01-6A-A1-rBVaJFlEJ_uAdjtpAANMg6U7OIs020.jpg/new-aluminium-3x5-inch-rosin-press-machine.jpg');
INSERT INTO public."CheapHerder_price" ( price_id, quantity, price ) values ( 720, 1, 223.88 );
INSERT INTO public."CheapHerder_product_price" ( item_code_id, price_id_id ) values ( '401096652', 720 );
INSERT INTO public."CheapHerder_price" ( price_id, quantity, price ) values ( 721, 2, 192.71 );
INSERT INTO public."CheapHerder_product_price" ( item_code_id, price_id_id ) values ( '401096652', 721 );
INSERT INTO public."CheapHerder_price" ( price_id, quantity, price ) values ( 722, 5, 182.30 );
INSERT INTO public."CheapHerder_product_price" ( item_code_id, price_id_id ) values ( '401096652', 722 );
INSERT INTO public."CheapHerder_price" ( price_id, quantity, price ) values ( 723, 6, 175.88 );
INSERT INTO public."CheapHerder_product_price" ( item_code_id, price_id_id ) values ( '401096652', 723 );
INSERT INTO public."CheapHerder_price" ( price_id, quantity, price ) values ( 724, 50, 165.83 );
INSERT INTO public."CheapHerder_product_price" ( item_code_id, price_id_id ) values ( '401096652', 724 );
INSERT INTO public."CheapHerder_product" (item_code, product_name, category, description, quantity, package_size, gross_weight, image_url) values ('400670526', ' Free Shipping - Luxury high quality MB Good Quality Pen pouch gift bag pen case suit for ballpoint pen/fountain pen for gifts', 'Pencil Bags', 'Please don''t hesitate to contact us if you have any questions or concerns before or after your purchase. We are committed to your 100% satisfaction', '1  Piece', '20.0 * 10.0 * 5.0 ( cm )', '0.1 ( kg )', 'http://www.dhresource.com/0x0s/f2-albu-g5-M01-44-15-rBVaJFk3zlGAOYM7AAB6_Flqsug270.jpg/luxury-high-quality-mb-good-quality-pen-pouch.jpg');
INSERT INTO public."CheapHerder_price" ( price_id, quantity, price ) values ( 725, 5, 6.40 );
INSERT INTO public."CheapHerder_product_price" ( item_code_id, price_id_id ) values ( '400670526', 725 );
INSERT INTO public."CheapHerder_price" ( price_id, quantity, price ) values ( 726, 10, 6.10 );
INSERT INTO public."CheapHerder_product_price" ( item_code_id, price_id_id ) values ( '400670526', 726 );
INSERT INTO public."CheapHerder_price" ( price_id, quantity, price ) values ( 727, 15, 5.69 );
INSERT INTO public."CheapHerder_product_price" ( item_code_id, price_id_id ) values ( '400670526', 727 );
INSERT INTO public."CheapHerder_price" ( price_id, quantity, price ) values ( 728, 47, 5.18 );
INSERT INTO public."CheapHerder_product_price" ( item_code_id, price_id_id ) values ( '400670526', 728 );
INSERT INTO public."CheapHerder_price" ( price_id, quantity, price ) values ( 729, 160, 5.01 );
INSERT INTO public."CheapHerder_product_price" ( item_code_id, price_id_id ) values ( '400670526', 729 );
INSERT INTO public."CheapHerder_price" ( price_id, quantity, price ) values ( 730, 200, 4.83 );
INSERT INTO public."CheapHerder_product_price" ( item_code_id, price_id_id ) values ( '400670526', 730 );
INSERT INTO public."CheapHerder_product" (item_code, product_name, category, description, quantity, package_size, gross_weight, image_url) values ('406046587', ' 216 pcs Diameter 5mm Multiple Color Magic Buckyballs Neodymium Toy Neocube Neo Cubes Magic Puzzles Toy Sphere Magnets Magnetic Bucky Balls', 'Magnets', 'Bucky Balls is one of the best toys for brain development and stress relief. A toy you can never put down once you picked it up.', '1 Lot  (216 Piece/Lot)', '15.0 * 10.0 * 10.0 ( cm )', '0.3 ( kg )', 'http://www.dhresource.com/0x0s/f2-albu-g5-M00-77-40-rBVaJFny71GAEtbOAAJb5PXI9iQ238.jpg/216-pcs-diameter-5mm-multiple-color-magic.jpg');
INSERT INTO public."CheapHerder_price" ( price_id, quantity, price ) values ( 731, 1, 20.88 );
INSERT INTO public."CheapHerder_product_price" ( item_code_id, price_id_id ) values ( '406046587', 731 );
INSERT INTO public."CheapHerder_price" ( price_id, quantity, price ) values ( 732, 2, 19.84 );
INSERT INTO public."CheapHerder_product_price" ( item_code_id, price_id_id ) values ( '406046587', 732 );
INSERT INTO public."CheapHerder_price" ( price_id, quantity, price ) values ( 733, 16, 18.09 );
INSERT INTO public."CheapHerder_product_price" ( item_code_id, price_id_id ) values ( '406046587', 733 );
INSERT INTO public."CheapHerder_price" ( price_id, quantity, price ) values ( 734, 55, 17.45 );
INSERT INTO public."CheapHerder_product_price" ( item_code_id, price_id_id ) values ( '406046587', 734 );
INSERT INTO public."CheapHerder_product" (item_code, product_name, category, description, quantity, package_size, gross_weight, image_url) values ('404909081', ' Kawaii Colorful Pearl metal Ball Pens Queen''s crutch BallPen Gift Ballpoit Pens School Supplies boligrafos G874', 'Ballpoint Pens', 'we are offering great products with competitive price and great quality! May we have nice and long term cooperation, Welcome to wholesale and retail.', '1 Lot  (20 Piece/Lot)', '35.0 * 35.0 * 30.0 ( cm )', '0.4 ( kg )', 'http://www.dhresource.com/0x0s/f2-albu-g4-M01-E7-A7-rBVaEFnDYs-AABt3AAEuVAJgW5g630.jpg/kawaii-colorful-pearl-metal-ball-pens-queen.jpg');
INSERT INTO public."CheapHerder_price" ( price_id, quantity, price ) values ( 735, 1, 26.29 );
INSERT INTO public."CheapHerder_product_price" ( item_code_id, price_id_id ) values ( '404909081', 735 );
INSERT INTO public."CheapHerder_price" ( price_id, quantity, price ) values ( 736, 5, 25.15 );
INSERT INTO public."CheapHerder_product_price" ( item_code_id, price_id_id ) values ( '404909081', 736 );
INSERT INTO public."CheapHerder_price" ( price_id, quantity, price ) values ( 737, 11, 24.00 );
INSERT INTO public."CheapHerder_product_price" ( item_code_id, price_id_id ) values ( '404909081', 737 );
INSERT INTO public."CheapHerder_price" ( price_id, quantity, price ) values ( 738, 14, 21.88 );
INSERT INTO public."CheapHerder_product_price" ( item_code_id, price_id_id ) values ( '404909081', 738 );
INSERT INTO public."CheapHerder_price" ( price_id, quantity, price ) values ( 739, 21, 20.84 );
INSERT INTO public."CheapHerder_product_price" ( item_code_id, price_id_id ) values ( '404909081', 739 );
INSERT INTO public."CheapHerder_price" ( price_id, quantity, price ) values ( 740, 50, 20.11 );
INSERT INTO public."CheapHerder_product_price" ( item_code_id, price_id_id ) values ( '404909081', 740 );
INSERT INTO public."CheapHerder_product" (item_code, product_name, category, description, quantity, package_size, gross_weight, image_url) values ('402286380', ' Promotion Pen Promotional Price MB Roller Pen School Office Suppliers Free Shipping High quality MT Nice pen', 'Ballpoint Pens', 'High precision Stainless Steel Writing Classic Design Highlight the Texture the Continuous Smooth lines Color lasting, Writing ink Smooth fluent, the Best Choice for Gifts', '1  Piece', '18.0 * 5.0 * 5.0 ( cm )', '0.04 ( kg )', 'http://www.dhresource.com/0x0s/f2-albu-g5-M00-34-03-rBVaJFnusruAW-WjAACQyiII6_o988.jpg/promotion-pen-promotional-price-mb-roller.jpg');
INSERT INTO public."CheapHerder_price" ( price_id, quantity, price ) values ( 741, 1, 6.01 );
INSERT INTO public."CheapHerder_product_price" ( item_code_id, price_id_id ) values ( '402286380', 741 );
INSERT INTO public."CheapHerder_price" ( price_id, quantity, price ) values ( 742, 2, 5.11 );
INSERT INTO public."CheapHerder_product_price" ( item_code_id, price_id_id ) values ( '402286380', 742 );
INSERT INTO public."CheapHerder_price" ( price_id, quantity, price ) values ( 743, 5, 4.80 );
INSERT INTO public."CheapHerder_product_price" ( item_code_id, price_id_id ) values ( '402286380', 743 );
INSERT INTO public."CheapHerder_price" ( price_id, quantity, price ) values ( 744, 10, 4.51 );
INSERT INTO public."CheapHerder_product_price" ( item_code_id, price_id_id ) values ( '402286380', 744 );
INSERT INTO public."CheapHerder_price" ( price_id, quantity, price ) values ( 745, 52, 4.11 );
INSERT INTO public."CheapHerder_product_price" ( item_code_id, price_id_id ) values ( '402286380', 745 );
INSERT INTO public."CheapHerder_price" ( price_id, quantity, price ) values ( 746, 177, 3.96 );
INSERT INTO public."CheapHerder_product_price" ( item_code_id, price_id_id ) values ( '402286380', 746 );
INSERT INTO public."CheapHerder_product" (item_code, product_name, category, description, quantity, package_size, gross_weight, image_url) values ('392513104', ' Earliest edition Money/banknote USD100 for props and Education/bank staff training paper/play money/Monopoly game not counterfeit currency', 'Other Office & School Supplies', 'Training Banknote Not legal tender!!! Purchasing tips: This is Bank Training Ornamental Learning Favorite Commemorate Appreciate supplies,Not legal tender, This is not in circulation. Please Read the description as good before buying. Lest some misunderstanding occured. Difference from real money: real money is three-dimensional printing, Training Banknotes is screen printing.', '1  Set', '15.8 * 6.6 * 1.2 ( cm )', '0.1 ( kg )', 'http://www.dhresource.com/0x0s/f2-albu-g5-M00-E9-19-rBVaJFiAI_aAf7UeAABmc9L5Jik468.jpg/earliest-edition-money-banknote-usd100-for.jpg');
INSERT INTO public."CheapHerder_price" ( price_id, quantity, price ) values ( 747, 1, 5.95 );
INSERT INTO public."CheapHerder_product_price" ( item_code_id, price_id_id ) values ( '392513104', 747 );
INSERT INTO public."CheapHerder_price" ( price_id, quantity, price ) values ( 748, 5, 5.89 );
INSERT INTO public."CheapHerder_product_price" ( item_code_id, price_id_id ) values ( '392513104', 748 );
INSERT INTO public."CheapHerder_price" ( price_id, quantity, price ) values ( 749, 10, 5.65 );
INSERT INTO public."CheapHerder_product_price" ( item_code_id, price_id_id ) values ( '392513104', 749 );
INSERT INTO public."CheapHerder_price" ( price_id, quantity, price ) values ( 750, 59, 5.15 );
INSERT INTO public."CheapHerder_product_price" ( item_code_id, price_id_id ) values ( '392513104', 750 );
INSERT INTO public."CheapHerder_price" ( price_id, quantity, price ) values ( 751, 100, 4.07 );
INSERT INTO public."CheapHerder_product_price" ( item_code_id, price_id_id ) values ( '392513104', 751 );
INSERT INTO public."CheapHerder_price" ( price_id, quantity, price ) values ( 752, 256, 3.92 );
INSERT INTO public."CheapHerder_product_price" ( item_code_id, price_id_id ) values ( '392513104', 752 );
INSERT INTO public."CheapHerder_product" (item_code, product_name, category, description, quantity, package_size, gross_weight, image_url) values ('387167564', ' Wholesale-Dry Utility Vacuum Pressure Gauge Blk Steel 1/4" NPT Lower Mount -30HG/0PSI Brand New', 'Pressure Gauges', 'Cheap gauges defi, Buy Quality mount plate directly from China mount desktop Suppliers:  Features: 100% brand new and high quality 1/4" NPT (for 2" dial) Vacuum Pressure Gauge Lower', '1 Lot  (3 Piece/Lot)', '10.0 * 8.0 * 25.0 ( cm )', '0.237 ( kg )', 'http://www.dhresource.com/0x0s/f2-albu-g4-M00-FB-11-rBVaEVd1YJmAE1E8AAHoHDN6be8834.jpg/wholesale-dry-utility-vacuum-pressure-gauge.jpg');
INSERT INTO public."CheapHerder_price" ( price_id, quantity, price ) values ( 753, 1, 14.86 );
INSERT INTO public."CheapHerder_product_price" ( item_code_id, price_id_id ) values ( '387167564', 753 );
INSERT INTO public."CheapHerder_price" ( price_id, quantity, price ) values ( 754, 2, 14.41 );
INSERT INTO public."CheapHerder_product_price" ( item_code_id, price_id_id ) values ( '387167564', 754 );
INSERT INTO public."CheapHerder_price" ( price_id, quantity, price ) values ( 755, 16, 13.14 );
INSERT INTO public."CheapHerder_product_price" ( item_code_id, price_id_id ) values ( '387167564', 755 );
INSERT INTO public."CheapHerder_price" ( price_id, quantity, price ) values ( 756, 53, 12.68 );
INSERT INTO public."CheapHerder_product_price" ( item_code_id, price_id_id ) values ( '387167564', 756 );
INSERT INTO public."CheapHerder_product" (item_code, product_name, category, description, quantity, package_size, gross_weight, image_url) values ('404312002', ' Pure Pearl RX Pen High Quality Office School Stationery Classical Model Pen & Cufflinks & Gift Box Luxury Gift Set', 'Ballpoint Pens', 'CAUTIONS ! WE WILL PROVIDE GIFT BOX WITH THIS PRODUCT ! PLEASE BE NOTICED !', '1  Piece', '25.0 * 12.0 * 8.0 ( cm )', '0.1 ( kg )', 'http://www.dhresource.com/0x0s/f2-albu-g5-M01-6A-B5-rBVaI1l25BGAew76AAKJDFb2XRQ019.jpg/pure-pearl-rx-pen-high-quality-office-school.jpg');
INSERT INTO public."CheapHerder_price" ( price_id, quantity, price ) values ( 757, 1, 29.76 );
INSERT INTO public."CheapHerder_product_price" ( item_code_id, price_id_id ) values ( '404312002', 757 );
INSERT INTO public."CheapHerder_price" ( price_id, quantity, price ) values ( 758, 10, 28.27 );
INSERT INTO public."CheapHerder_product_price" ( item_code_id, price_id_id ) values ( '404312002', 758 );
INSERT INTO public."CheapHerder_price" ( price_id, quantity, price ) values ( 759, 12, 25.77 );
INSERT INTO public."CheapHerder_product_price" ( item_code_id, price_id_id ) values ( '404312002', 759 );
INSERT INTO public."CheapHerder_price" ( price_id, quantity, price ) values ( 760, 30, 23.06 );
INSERT INTO public."CheapHerder_product_price" ( item_code_id, price_id_id ) values ( '404312002', 760 );
INSERT INTO public."CheapHerder_price" ( price_id, quantity, price ) values ( 761, 45, 22.25 );
INSERT INTO public."CheapHerder_product_price" ( item_code_id, price_id_id ) values ( '404312002', 761 );
INSERT INTO public."CheapHerder_price" ( price_id, quantity, price ) values ( 762, 100, 17.01 );
INSERT INTO public."CheapHerder_product_price" ( item_code_id, price_id_id ) values ( '404312002', 762 );
INSERT INTO public."CheapHerder_product" (item_code, product_name, category, description, quantity, package_size, gross_weight, image_url) values ('374707188', ' free shipping Vintage Harry Potter Hogwarts Stamp Wax Seal Stamp Set Gift Box with 3PCS Wax Stick+1 stamp', 'Stamps', 'Product Name: Hogwats stamp seal ,Material: rosewood handle+copper head. Size: dimater30mm*90mm. Use: Wedding ,Weight: 0.3kg/set. Packing: gift box.Quantity: 1set', '1  Set', '25.0 * 18.0 * 10.0 ( cm )', '0.4 ( kg )', 'http://www.dhresource.com/0x0s/f2-albu-g1-M01-E7-E8-rBVaGVbRjaaAY0fMAACyTntEMTw601.jpg/vintage-harry-potter-hogwarts-stamp-wax-seal.jpg');
INSERT INTO public."CheapHerder_price" ( price_id, quantity, price ) values ( 763, 1, 15.43 );
INSERT INTO public."CheapHerder_product_price" ( item_code_id, price_id_id ) values ( '374707188', 763 );
INSERT INTO public."CheapHerder_price" ( price_id, quantity, price ) values ( 764, 22, 14.07 );
INSERT INTO public."CheapHerder_product_price" ( item_code_id, price_id_id ) values ( '374707188', 764 );
INSERT INTO public."CheapHerder_price" ( price_id, quantity, price ) values ( 765, 50, 14.02 );
INSERT INTO public."CheapHerder_product_price" ( item_code_id, price_id_id ) values ( '374707188', 765 );
INSERT INTO public."CheapHerder_price" ( price_id, quantity, price ) values ( 766, 74, 13.52 );
INSERT INTO public."CheapHerder_product_price" ( item_code_id, price_id_id ) values ( '374707188', 766 );
INSERT INTO public."CheapHerder_price" ( price_id, quantity, price ) values ( 767, 500, 13.02 );
INSERT INTO public."CheapHerder_product_price" ( item_code_id, price_id_id ) values ( '374707188', 767 );
INSERT INTO public."CheapHerder_product" (item_code, product_name, category, description, quantity, package_size, gross_weight, image_url) values ('401799821', ' 29pcs/set Portable outdoor drawing art supplies Sketch Pencils case Charcoal Eraser Cutter Kit Bag Art Craft For Drawing Tools', 'Pencils', 'Pencil set: pencil, rubber, pencil sharpener, pencil extender', '1  Piece', '10.0 * 20.0 * 10.0 ( cm )', '0.7 ( kg )', 'http://www.dhresource.com/0x0s/f2-albu-g5-M00-EF-10-rBVaI1lcCe2AUQYCAARaamv5Eg4210.jpg/29pcs-set-portable-outdoor-drawing-art-supplies.jpg');
INSERT INTO public."CheapHerder_price" ( price_id, quantity, price ) values ( 768, 1, 14.86 );
INSERT INTO public."CheapHerder_product_price" ( item_code_id, price_id_id ) values ( '401799821', 768 );
INSERT INTO public."CheapHerder_price" ( price_id, quantity, price ) values ( 769, 23, 13.55 );
INSERT INTO public."CheapHerder_product_price" ( item_code_id, price_id_id ) values ( '401799821', 769 );
INSERT INTO public."CheapHerder_price" ( price_id, quantity, price ) values ( 770, 77, 13.07 );
INSERT INTO public."CheapHerder_product_price" ( item_code_id, price_id_id ) values ( '401799821', 770 );
INSERT INTO public."CheapHerder_product" (item_code, product_name, category, description, quantity, package_size, gross_weight, image_url) values ('393470658', ' Shoes original box Protect the shoes in transport , Not independent sales', 'Packing Boxes', 'shoes original box', '1  Carton', '30.0 * 25.0 * 25.0 ( cm )', '0.4 ( kg )', 'http://www.dhresource.com/0x0s/f2-albu-g5-M00-3F-89-rBVaJFg2TbSARQvNAABvgvk5uYs240.jpg/shoes-original-box-protect-the-shoes-in-transport.jpg');
INSERT INTO public."CheapHerder_price" ( price_id, quantity, price ) values ( 771, 1, 3.00 );
INSERT INTO public."CheapHerder_product_price" ( item_code_id, price_id_id ) values ( '393470658', 771 );
INSERT INTO public."CheapHerder_price" ( price_id, quantity, price ) values ( 772, 104, 2.74 );
INSERT INTO public."CheapHerder_product_price" ( item_code_id, price_id_id ) values ( '393470658', 772 );
INSERT INTO public."CheapHerder_price" ( price_id, quantity, price ) values ( 773, 357, 2.64 );
INSERT INTO public."CheapHerder_product_price" ( item_code_id, price_id_id ) values ( '393470658', 773 );
INSERT INTO public."CheapHerder_product" (item_code, product_name, category, description, quantity, package_size, gross_weight, image_url) values ('397017162', ' china factory 100kw diesel generator 125kva generator price with brushless alternator optional silent and ATS system', 'Generators', '100kw diesel generator,max 110kw. Three phase 50hz or 60hz Can be used as continuous work or back up use Opitonal Silent ,ATS/Trailer Spare parts available all times', '1  Piece', '240.0 * 72.0 * 150.0 ( cm )', '1700.0 ( kg )', 'http://www.dhresource.com/0x0s/f2-albu-g5-M00-D3-8B-rBVaJFjDqcmAFEQaAAZTEVoG27o264.jpg/china-factory-100kw-diesel-generator-125kva.jpg');
INSERT INTO public."CheapHerder_price" ( price_id, quantity, price ) values ( 774, 1, 3266.34 );
INSERT INTO public."CheapHerder_product_price" ( item_code_id, price_id_id ) values ( '397017162', 774 );
INSERT INTO public."CheapHerder_product" (item_code, product_name, category, description, quantity, package_size, gross_weight, image_url) values ('374988977', ' 12 pcs/lot DIY Cute Kawaii Wooden Colored Pencil 2B Wood Colorful Pencil for Drawing Painting Supplies Free shipping 01513', 'Painting Pens', '12 pcs/lot DIY Cute Kawaii Wooden Colored Pencil 2B Wood Colorful Pencil for Drawing Painting Supplies Free shipping 1513', '1  Set', '35.0 * 35.0 * 35.0 ( cm )', '0.06 ( kg )', 'http://www.dhresource.com/0x0s/f2-albu-g3-M00-F4-28-rBVaHFbWYa6AQLGyAAFmq7rpdMk982.jpg/12-pcs-lot-diy-cute-kawaii-wooden-colored.jpg');
INSERT INTO public."CheapHerder_price" ( price_id, quantity, price ) values ( 775, 100, 1.18 );
INSERT INTO public."CheapHerder_product_price" ( item_code_id, price_id_id ) values ( '374988977', 775 );
INSERT INTO public."CheapHerder_price" ( price_id, quantity, price ) values ( 776, 200, 1.11 );
INSERT INTO public."CheapHerder_product_price" ( item_code_id, price_id_id ) values ( '374988977', 776 );
INSERT INTO public."CheapHerder_price" ( price_id, quantity, price ) values ( 777, 283, 1.02 );
INSERT INTO public."CheapHerder_product_price" ( item_code_id, price_id_id ) values ( '374988977', 777 );
INSERT INTO public."CheapHerder_price" ( price_id, quantity, price ) values ( 778, 500, 0.97 );
INSERT INTO public."CheapHerder_product_price" ( item_code_id, price_id_id ) values ( '374988977', 778 );
INSERT INTO public."CheapHerder_price" ( price_id, quantity, price ) values ( 779, 1026, 0.93 );
INSERT INTO public."CheapHerder_product_price" ( item_code_id, price_id_id ) values ( '374988977', 779 );
INSERT INTO public."CheapHerder_product" (item_code, product_name, category, description, quantity, package_size, gross_weight, image_url) values ('180183187', ' Wholesale - Free shipping / New cute Lollipop shape eraser / phone eraser / gift eraser/children gift', 'Erasers', 'Cheap eraser, Buy Quality cartoon eraser directly from China fancy eraser Suppliers:1.Size: 5.2cm diameter2.Material: rubber3.Weight:20g/pcs4.Ramdon the color', '1 Lot  (24 Piece/Lot)', '30.0 * 20.0 * 20.0 ( cm )', '1.0 ( kg )', 'http://www.dhresource.com/albu_546649120_00-1.0x0/wholesale-new-cute-lollipop-shape-eraser.jpg');
INSERT INTO public."CheapHerder_price" ( price_id, quantity, price ) values ( 780, 1, 18.08 );
INSERT INTO public."CheapHerder_product_price" ( item_code_id, price_id_id ) values ( '180183187', 780 );
INSERT INTO public."CheapHerder_price" ( price_id, quantity, price ) values ( 781, 2, 17.18 );
INSERT INTO public."CheapHerder_product_price" ( item_code_id, price_id_id ) values ( '180183187', 781 );
INSERT INTO public."CheapHerder_price" ( price_id, quantity, price ) values ( 782, 5, 16.63 );
INSERT INTO public."CheapHerder_product_price" ( item_code_id, price_id_id ) values ( '180183187', 782 );
INSERT INTO public."CheapHerder_price" ( price_id, quantity, price ) values ( 783, 10, 16.28 );
INSERT INTO public."CheapHerder_product_price" ( item_code_id, price_id_id ) values ( '180183187', 783 );
INSERT INTO public."CheapHerder_price" ( price_id, quantity, price ) values ( 784, 14, 14.83 );
INSERT INTO public."CheapHerder_product_price" ( item_code_id, price_id_id ) values ( '180183187', 784 );
INSERT INTO public."CheapHerder_price" ( price_id, quantity, price ) values ( 785, 47, 14.31 );
INSERT INTO public."CheapHerder_product_price" ( item_code_id, price_id_id ) values ( '180183187', 785 );
INSERT INTO public."CheapHerder_product" (item_code, product_name, category, description, quantity, package_size, gross_weight, image_url) values ('402580914', ' Brass direct acting diaphragm G thread normally closed 1/2" 3/4" 1" AC220V 110V 24V water gas oil solenoid valve', 'Valves', '2 way Low pressure diaphragm type 1/2 ,3/4 ,1 inch 12v 24v dc water solenoid control valve for sale', '1  Piece', '14.0 * 9.0 * 8.0 ( cm )', '1.0 ( kg )', 'http://www.dhresource.com/0x0s/f2-albu-g5-M01-CC-83-rBVaJFl1jXmAb9VhAAUd1gZmJts718.jpg/brass-direct-acting-diaphragm-g-thread-normally.jpg');
INSERT INTO public."CheapHerder_price" ( price_id, quantity, price ) values ( 786, 1, 36.71 );
INSERT INTO public."CheapHerder_product_price" ( item_code_id, price_id_id ) values ( '402580914', 786 );
INSERT INTO public."CheapHerder_price" ( price_id, quantity, price ) values ( 787, 9, 33.46 );
INSERT INTO public."CheapHerder_product_price" ( item_code_id, price_id_id ) values ( '402580914', 787 );
INSERT INTO public."CheapHerder_price" ( price_id, quantity, price ) values ( 788, 31, 32.29 );
INSERT INTO public."CheapHerder_product_price" ( item_code_id, price_id_id ) values ( '402580914', 788 );
INSERT INTO public."CheapHerder_product" (item_code, product_name, category, description, quantity, package_size, gross_weight, image_url) values ('399468622', ' GBP 10 for props and Education/bank staff training paper/fake money/copy money/children gift collection', 'Other Office & School Supplies', 'Training Banknote Not legal tender!!! Purchasing tips: This is Bank Training Ornamental Learning Favorite Commemorate Appreciate supplies,Not legal tender, This is not in circulation. Please Read the description as good before buying. Lest some misunderstanding occured. Proportion:1:1 Difference from real money: real money is three-dimensional printing, Training Banknotes is screen printing.', '1  Set', '18.0 * 10.0 * 10.0 ( cm )', '0.1 ( kg )', 'http://www.dhresource.com/0x0s/f2-albu-g5-M01-15-74-rBVaJFkTQCiAZZCnAAB7deZRAMY681.jpg/gbp-10-for-props-and-education-bank-staff.jpg');
INSERT INTO public."CheapHerder_price" ( price_id, quantity, price ) values ( 789, 1, 9.98 );
INSERT INTO public."CheapHerder_product_price" ( item_code_id, price_id_id ) values ( '399468622', 789 );
INSERT INTO public."CheapHerder_price" ( price_id, quantity, price ) values ( 790, 20, 8.33 );
INSERT INTO public."CheapHerder_product_price" ( item_code_id, price_id_id ) values ( '399468622', 790 );
INSERT INTO public."CheapHerder_price" ( price_id, quantity, price ) values ( 791, 35, 7.59 );
INSERT INTO public."CheapHerder_product_price" ( item_code_id, price_id_id ) values ( '399468622', 791 );
INSERT INTO public."CheapHerder_price" ( price_id, quantity, price ) values ( 792, 50, 6.57 );
INSERT INTO public."CheapHerder_product_price" ( item_code_id, price_id_id ) values ( '399468622', 792 );
INSERT INTO public."CheapHerder_price" ( price_id, quantity, price ) values ( 793, 100, 6.18 );
INSERT INTO public."CheapHerder_product_price" ( item_code_id, price_id_id ) values ( '399468622', 793 );
INSERT INTO public."CheapHerder_price" ( price_id, quantity, price ) values ( 794, 148, 5.96 );
INSERT INTO public."CheapHerder_product_price" ( item_code_id, price_id_id ) values ( '399468622', 794 );
INSERT INTO public."CheapHerder_product" (item_code, product_name, category, description, quantity, package_size, gross_weight, image_url) values ('392932083', ' Herb 100 Pcs/Lot 2.5 * 3 cm 1010 Patterned Ziplock Bags Mini Baggies Plastic Resealable Seal Magic Bag', 'Packing Bags', 'Delivery 100 pcs/lot Great ziplock baggies HERB BAGS, Perfect for ur tea, medicinal pills and ''herb'', gifts, packaging Bags, Reclosable Candy Bags. Brand new and hight quality. It can be used for product packaging, storing herb, food, jewelry, cosmetics, small parts, instructions, clothes.etc Sealing is simple and easy with the single track zip closure strip.', '1 Lot  (100 Piece/Lot)', '13.0 * 13.0 * 20.0 ( cm )', '0.2 ( kg )', 'http://www.dhresource.com/0x0s/f2-albu-g5-M00-35-7D-rBVaI1iDK5KACq9AAAG2SlpnGvs931.jpg/herb-100-pcs-lot-2-5-3-cm-1010-patterned.jpg');
INSERT INTO public."CheapHerder_price" ( price_id, quantity, price ) values ( 795, 1, 5.22 );
INSERT INTO public."CheapHerder_product_price" ( item_code_id, price_id_id ) values ( '392932083', 795 );
INSERT INTO public."CheapHerder_price" ( price_id, quantity, price ) values ( 796, 5, 2.72 );
INSERT INTO public."CheapHerder_product_price" ( item_code_id, price_id_id ) values ( '392932083', 796 );
INSERT INTO public."CheapHerder_price" ( price_id, quantity, price ) values ( 797, 10, 2.46 );
INSERT INTO public."CheapHerder_product_price" ( item_code_id, price_id_id ) values ( '392932083', 797 );
INSERT INTO public."CheapHerder_price" ( price_id, quantity, price ) values ( 798, 128, 2.24 );
INSERT INTO public."CheapHerder_product_price" ( item_code_id, price_id_id ) values ( '392932083', 798 );
INSERT INTO public."CheapHerder_price" ( price_id, quantity, price ) values ( 799, 441, 2.17 );
INSERT INTO public."CheapHerder_product_price" ( item_code_id, price_id_id ) values ( '392932083', 799 );
INSERT INTO public."CheapHerder_product" (item_code, product_name, category, description, quantity, package_size, gross_weight, image_url) values ('212398484', ' pens Strong adhesive Pull rope Cartoon smiling face holder Bank supplies Free shipping', 'Multi Function Pens', 'pen, high quality , low price .', '1  Piece', '30.0 * 30.0 * 20.0 ( cm )', '1.0 ( kg )', 'http://www.dhresource.com/0x0s/f2-albu-g3-M01-A7-A7-rBVaHVRQoceAJN11AAIPefp-sj0190.jpg/pens-strong-adhesive-pull-rope-cartoon-smiling.jpg');
INSERT INTO public."CheapHerder_price" ( price_id, quantity, price ) values ( 800, 5, 3.50 );
INSERT INTO public."CheapHerder_product_price" ( item_code_id, price_id_id ) values ( '212398484', 800 );
INSERT INTO public."CheapHerder_price" ( price_id, quantity, price ) values ( 801, 10, 2.71 );
INSERT INTO public."CheapHerder_product_price" ( item_code_id, price_id_id ) values ( '212398484', 801 );
INSERT INTO public."CheapHerder_price" ( price_id, quantity, price ) values ( 802, 20, 2.42 );
INSERT INTO public."CheapHerder_product_price" ( item_code_id, price_id_id ) values ( '212398484', 802 );
INSERT INTO public."CheapHerder_price" ( price_id, quantity, price ) values ( 803, 130, 2.21 );
INSERT INTO public."CheapHerder_product_price" ( item_code_id, price_id_id ) values ( '212398484', 803 );
INSERT INTO public."CheapHerder_price" ( price_id, quantity, price ) values ( 804, 447, 2.14 );
INSERT INTO public."CheapHerder_product_price" ( item_code_id, price_id_id ) values ( '212398484', 804 );
INSERT INTO public."CheapHerder_product" (item_code, product_name, category, description, quantity, package_size, gross_weight, image_url) values ('182109190', ' 200-240V Digital LCD Thermostat Regulator Temperature Controller Thermocouple Free Shipping wu', 'Temperature Instruments', '200-240V Digital LCD Thermostat Regulator Temperature Controller Thermocouple Free Shipping', '1  Piece', '12.0 * 3.0 * 5.0 ( cm )', '0.2 ( kg )', 'http://www.dhresource.com/albu_567818325_00-1.0x0/200-240v-digital-lcd-thermostat-regulator.jpg');
INSERT INTO public."CheapHerder_price" ( price_id, quantity, price ) values ( 805, 5, 16.53 );
INSERT INTO public."CheapHerder_product_price" ( item_code_id, price_id_id ) values ( '182109190', 805 );
INSERT INTO public."CheapHerder_price" ( price_id, quantity, price ) values ( 806, 20, 15.07 );
INSERT INTO public."CheapHerder_product_price" ( item_code_id, price_id_id ) values ( '182109190', 806 );
INSERT INTO public."CheapHerder_price" ( price_id, quantity, price ) values ( 807, 30, 14.09 );
INSERT INTO public."CheapHerder_product_price" ( item_code_id, price_id_id ) values ( '182109190', 807 );
INSERT INTO public."CheapHerder_price" ( price_id, quantity, price ) values ( 808, 74, 13.59 );
INSERT INTO public."CheapHerder_product_price" ( item_code_id, price_id_id ) values ( '182109190', 808 );
INSERT INTO public."CheapHerder_product" (item_code, product_name, category, description, quantity, package_size, gross_weight, image_url) values ('405476864', ' Mail Bags phone bag PE white transparent plastic plastic bags a variety of specifications free shipping', 'Mail Bags', '1. Plastic varieties: HDPE; 2. Packaging level: inner packaging; 3. Supply type: can be customized; 4. Print LOGO: Yes;5.thickness:Red edge 5mm;', '1  Piece', '40.0 * 60.0 * 1.0 ( cm )', '0.005 ( kg )', 'http://www.dhresource.com/0x0s/f2-albu-g4-M00-AA-F9-rBVaEFnd2TGAZhPcAAHbgigwsYI060.jpg/mail-bags-phone-bag-pe-white-transparent.jpg');
INSERT INTO public."CheapHerder_price" ( price_id, quantity, price ) values ( 809, 100, 0.16 );
INSERT INTO public."CheapHerder_product_price" ( item_code_id, price_id_id ) values ( '405476864', 809 );
INSERT INTO public."CheapHerder_price" ( price_id, quantity, price ) values ( 810, 2058, 0.15 );
INSERT INTO public."CheapHerder_product_price" ( item_code_id, price_id_id ) values ( '405476864', 810 );
INSERT INTO public."CheapHerder_price" ( price_id, quantity, price ) values ( 811, 7108, 0.15 );
INSERT INTO public."CheapHerder_product_price" ( item_code_id, price_id_id ) values ( '405476864', 811 );
INSERT INTO public."CheapHerder_product" (item_code, product_name, category, description, quantity, package_size, gross_weight, image_url) values ('385522420', ' 1000pcs PET Empty Plastic Dropper Bottle 3ml 5ml 10ml 15ml 20ml 30ml 50ml professional eGo e cig cigs Electronic Cigarettes', 'Packing Bottles', 'E Liquid oil Bottle Dropper Empty EYE DROPS E-CIG OIL electronic cigarette liquid in bottles Needle Oil Bottles for e cig with Childproof Cap & long thin tips', '1  Piece', '18.0 * 15.0 * 10.0 ( cm )', '0.012 ( kg )', 'http://www.dhresource.com/0x0s/f2-albu-g4-M01-A8-84-rBVaEVdMRwWAWlZYAAFcJWQb5R0371.jpg/1000pcs-pet-empty-plastic-dropper-bottle.jpg');
INSERT INTO public."CheapHerder_price" ( price_id, quantity, price ) values ( 812, 1000, 0.12 );
INSERT INTO public."CheapHerder_product_price" ( item_code_id, price_id_id ) values ( '385522420', 812 );
INSERT INTO public."CheapHerder_price" ( price_id, quantity, price ) values ( 813, 2000, 0.11 );
INSERT INTO public."CheapHerder_product_price" ( item_code_id, price_id_id ) values ( '385522420', 813 );
INSERT INTO public."CheapHerder_price" ( price_id, quantity, price ) values ( 814, 2880, 0.10 );
INSERT INTO public."CheapHerder_product_price" ( item_code_id, price_id_id ) values ( '385522420', 814 );
INSERT INTO public."CheapHerder_price" ( price_id, quantity, price ) values ( 815, 3000, 0.10 );
INSERT INTO public."CheapHerder_product_price" ( item_code_id, price_id_id ) values ( '385522420', 815 );
INSERT INTO public."CheapHerder_price" ( price_id, quantity, price ) values ( 816, 5000, 0.09 );
INSERT INTO public."CheapHerder_product_price" ( item_code_id, price_id_id ) values ( '385522420', 816 );
INSERT INTO public."CheapHerder_price" ( price_id, quantity, price ) values ( 817, 11056, 0.09 );
INSERT INTO public."CheapHerder_product_price" ( item_code_id, price_id_id ) values ( '385522420', 817 );
INSERT INTO public."CheapHerder_product" (item_code, product_name, category, description, quantity, package_size, gross_weight, image_url) values ('401522411', ' Digital Diamond Scale Mini LCD Pocket Jewelry Gold Gram, 500g/0.1g 100g/0.01 200g/0.01 US STOCK Usually ships same day DHFTY-008', 'Weighing Scales', 'Digital Diamond Scale Mini LCD Pocket Jewelry Gold Gram, 500g/0.1g 100g/0.01 200g/0.01 US STOCK Usually ships same day DHFTY-008', '1  Piece', '10.0 * 10.0 * 10.0 ( cm )', '2.0 ( kg )', 'http://www.dhresource.com/0x0s/f2-albu-g5-M00-DA-DD-rBVaJFl-DeeAZ-OeAAIKvM12OMY537.jpg/digital-diamond-scale-mini-lcd-pocket-jewelry.jpg');
INSERT INTO public."CheapHerder_price" ( price_id, quantity, price ) values ( 818, 1, 6.17 );
INSERT INTO public."CheapHerder_product_price" ( item_code_id, price_id_id ) values ( '401522411', 818 );
INSERT INTO public."CheapHerder_price" ( price_id, quantity, price ) values ( 819, 10, 5.66 );
INSERT INTO public."CheapHerder_product_price" ( item_code_id, price_id_id ) values ( '401522411', 819 );
INSERT INTO public."CheapHerder_price" ( price_id, quantity, price ) values ( 820, 50, 4.00 );
INSERT INTO public."CheapHerder_product_price" ( item_code_id, price_id_id ) values ( '401522411', 820 );
INSERT INTO public."CheapHerder_price" ( price_id, quantity, price ) values ( 821, 75, 3.65 );
INSERT INTO public."CheapHerder_product_price" ( item_code_id, price_id_id ) values ( '401522411', 821 );
INSERT INTO public."CheapHerder_price" ( price_id, quantity, price ) values ( 822, 100, 3.40 );
INSERT INTO public."CheapHerder_product_price" ( item_code_id, price_id_id ) values ( '401522411', 822 );
INSERT INTO public."CheapHerder_price" ( price_id, quantity, price ) values ( 823, 275, 3.28 );
INSERT INTO public."CheapHerder_product_price" ( item_code_id, price_id_id ) values ( '401522411', 823 );
INSERT INTO public."CheapHerder_product" (item_code, product_name, category, description, quantity, package_size, gross_weight, image_url) values ('379493086', ' Portable Pen LED Digital PH ATC + TDS calibrate by hold TEMP botton Meter Measuring Water Quality Purity Tester', 'PH Meters', 'Portable Pen LED Digital PH ATC + TDS calibrate by hold TEMP botton Meter Measuring Water Quality Purity Tester', '1 Lot  (2 Piece/Lot)', '7.0 * 8.0 * 7.0 ( cm )', '0.15 ( kg )', 'http://www.dhresource.com/0x0s/f2-albu-g4-M00-93-4D-rBVaEFcQaxSAYRTNAAEWRzOMGn4507.jpg/portable-pen-led-digital-ph-atc-tds-calibrate.jpg');
INSERT INTO public."CheapHerder_price" ( price_id, quantity, price ) values ( 824, 1, 10.88 );
INSERT INTO public."CheapHerder_product_price" ( item_code_id, price_id_id ) values ( '379493086', 824 );
INSERT INTO public."CheapHerder_price" ( price_id, quantity, price ) values ( 825, 31, 9.92 );
INSERT INTO public."CheapHerder_product_price" ( item_code_id, price_id_id ) values ( '379493086', 825 );
INSERT INTO public."CheapHerder_price" ( price_id, quantity, price ) values ( 826, 105, 9.57 );
INSERT INTO public."CheapHerder_product_price" ( item_code_id, price_id_id ) values ( '379493086', 826 );
INSERT INTO public."CheapHerder_product" (item_code, product_name, category, description, quantity, package_size, gross_weight, image_url) values ('399267349', ' 2017 Hotsale MB High Quality Best Design Luxury mb Agate red bronze clips Fountain Pen Free Velvet Pouch', 'Fountain Pens', 'Cheap fountain pen, Buy Quality fountain pen stationery directly from China pen through paper magic trick Suppliers. Product Description is as below. Our product quality is high!', '1  Piece', '20.0 * 15.0 * 7.0 ( cm )', '0.1 ( kg )', 'http://www.dhresource.com/0x0s/f2-albu-g5-M00-D3-77-rBVaI1kNv4CAVYOaAADVgePIE8o674.jpg/2017-hotsale-mb-high-quality-best-design.jpg');
INSERT INTO public."CheapHerder_price" ( price_id, quantity, price ) values ( 827, 1, 19.38 );
INSERT INTO public."CheapHerder_product_price" ( item_code_id, price_id_id ) values ( '399267349', 827 );
INSERT INTO public."CheapHerder_price" ( price_id, quantity, price ) values ( 828, 10, 18.42 );
INSERT INTO public."CheapHerder_product_price" ( item_code_id, price_id_id ) values ( '399267349', 828 );
INSERT INTO public."CheapHerder_price" ( price_id, quantity, price ) values ( 829, 14, 16.78 );
INSERT INTO public."CheapHerder_product_price" ( item_code_id, price_id_id ) values ( '399267349', 829 );
INSERT INTO public."CheapHerder_price" ( price_id, quantity, price ) values ( 830, 46, 16.20 );
INSERT INTO public."CheapHerder_product_price" ( item_code_id, price_id_id ) values ( '399267349', 830 );
INSERT INTO public."CheapHerder_product" (item_code, product_name, category, description, quantity, package_size, gross_weight, image_url) values ('254261454', ' Wholesale-Pastoral thick straw tatami futon cushion cushion windows and pad cloth mat yoga meditation round trumpet', 'Cutting Mat', 'Cheap cushion gemstone, Buy Quality cushion purple directly from China trumpet elephant Suppliers: [About shipping??Two or more free shipping (with the exception of all goods and photographed).Xinjiang, Tibet, Guangxi,', '1  Piece', '21.0 * 31.0 * 11.0 ( cm )', '1.35 ( kg )', 'http://www.dhresource.com/albu_1113017734_00-1.0x0/wholesale-pastoral-thick-straw-tatami-futon.jpg');
INSERT INTO public."CheapHerder_price" ( price_id, quantity, price ) values ( 831, 1, 28.51 );
INSERT INTO public."CheapHerder_product_price" ( item_code_id, price_id_id ) values ( '254261454', 831 );
INSERT INTO public."CheapHerder_price" ( price_id, quantity, price ) values ( 832, 8, 25.99 );
INSERT INTO public."CheapHerder_product_price" ( item_code_id, price_id_id ) values ( '254261454', 832 );
INSERT INTO public."CheapHerder_price" ( price_id, quantity, price ) values ( 833, 27, 25.07 );
INSERT INTO public."CheapHerder_product_price" ( item_code_id, price_id_id ) values ( '254261454', 833 );
INSERT INTO public."CheapHerder_product" (item_code, product_name, category, description, quantity, package_size, gross_weight, image_url) values ('395721293', ' MB Free Shipping - Best Design Sliver Clip black gift Ballpoint Pen Without. The color of the diamond is random delivery', 'Ballpoint Pens', 'MB Free Shipping - Best Design Sliver Clip black gift Ballpoint Pen Without. The color of the diamond is random delivery', '1  Piece', '20.0 * 15.0 * 7.0 ( cm )', '0.1 ( kg )', 'http://www.dhresource.com/0x0s/f2-albu-g5-M00-4C-27-rBVaJFiz6W-ACR-cAABRYcwVMp0037.jpg/mb-best-design-sliver-clip-black-gift-ballpoint.jpg');
INSERT INTO public."CheapHerder_price" ( price_id, quantity, price ) values ( 834, 1, 15.76 );
INSERT INTO public."CheapHerder_product_price" ( item_code_id, price_id_id ) values ( '395721293', 834 );
INSERT INTO public."CheapHerder_price" ( price_id, quantity, price ) values ( 835, 16, 14.37 );
INSERT INTO public."CheapHerder_product_price" ( item_code_id, price_id_id ) values ( '395721293', 835 );
INSERT INTO public."CheapHerder_price" ( price_id, quantity, price ) values ( 836, 53, 13.86 );
INSERT INTO public."CheapHerder_product_price" ( item_code_id, price_id_id ) values ( '395721293', 836 );
INSERT INTO public."CheapHerder_product" (item_code, product_name, category, description, quantity, package_size, gross_weight, image_url) values ('192431970', ' Lovely Cartoon Animals Pencil Eraser Cute Rubber Correction Erasers Student Stationery School Supplies Kids Gift Promotion 23pcs/lot SH593', 'Erasers', '1, Material: Rubber 2, Reasonable Price 3, Free shipping and rush order 4, 100% Quality guarantee', '1 Lot  (23 Piece/Lot)', '20.0 * 15.0 * 15.0 ( cm )', '0.3 ( kg )', 'http://www.dhresource.com/albu_733463858_00-1.0x0/lovely-cartoon-animals-pencil-eraser-cute.jpg');
INSERT INTO public."CheapHerder_price" ( price_id, quantity, price ) values ( 837, 1, 15.43 );
INSERT INTO public."CheapHerder_product_price" ( item_code_id, price_id_id ) values ( '192431970', 837 );
INSERT INTO public."CheapHerder_price" ( price_id, quantity, price ) values ( 838, 11, 13.72 );
INSERT INTO public."CheapHerder_product_price" ( item_code_id, price_id_id ) values ( '192431970', 838 );
INSERT INTO public."CheapHerder_price" ( price_id, quantity, price ) values ( 839, 24, 12.50 );
INSERT INTO public."CheapHerder_product_price" ( item_code_id, price_id_id ) values ( '192431970', 839 );
INSERT INTO public."CheapHerder_price" ( price_id, quantity, price ) values ( 840, 31, 10.42 );
INSERT INTO public."CheapHerder_product_price" ( item_code_id, price_id_id ) values ( '192431970', 840 );
INSERT INTO public."CheapHerder_price" ( price_id, quantity, price ) values ( 841, 100, 10.06 );
INSERT INTO public."CheapHerder_product_price" ( item_code_id, price_id_id ) values ( '192431970', 841 );
INSERT INTO public."CheapHerder_product" (item_code, product_name, category, description, quantity, package_size, gross_weight, image_url) values ('214271466', ' 2015 new arrive Promotion Sale New Creative Simulation Banana Eraser/ Office Supply Rubber Eraser/ Stationery Gifts', 'Erasers', 'Promotion Sale New Creative Simulation Banana Eraser/ Office Supply Rubber Eraser/ Stationery Gifts', '1  Piece', '10.0 * 10.0 * 10.0 ( cm )', '0.1 ( kg )', 'http://www.dhresource.com/0x0s/f2-albu-g2-M00-FF-F5-rBVaGlR7OSOACDI3AAGA94oDhhg754.jpg/2015-new-arrive-promotion-sale-new-creative.jpg');
INSERT INTO public."CheapHerder_price" ( price_id, quantity, price ) values ( 842, 50, 0.33 );
INSERT INTO public."CheapHerder_product_price" ( item_code_id, price_id_id ) values ( '214271466', 842 );
INSERT INTO public."CheapHerder_price" ( price_id, quantity, price ) values ( 843, 100, 0.31 );
INSERT INTO public."CheapHerder_product_price" ( item_code_id, price_id_id ) values ( '214271466', 843 );
INSERT INTO public."CheapHerder_price" ( price_id, quantity, price ) values ( 844, 200, 0.27 );
INSERT INTO public."CheapHerder_product_price" ( item_code_id, price_id_id ) values ( '214271466', 844 );
INSERT INTO public."CheapHerder_price" ( price_id, quantity, price ) values ( 845, 500, 0.24 );
INSERT INTO public."CheapHerder_product_price" ( item_code_id, price_id_id ) values ( '214271466', 845 );
INSERT INTO public."CheapHerder_price" ( price_id, quantity, price ) values ( 846, 1253, 0.22 );
INSERT INTO public."CheapHerder_product_price" ( item_code_id, price_id_id ) values ( '214271466', 846 );
INSERT INTO public."CheapHerder_price" ( price_id, quantity, price ) values ( 847, 4327, 0.22 );
INSERT INTO public."CheapHerder_product_price" ( item_code_id, price_id_id ) values ( '214271466', 847 );
INSERT INTO public."CheapHerder_product" (item_code, product_name, category, description, quantity, package_size, gross_weight, image_url) values ('397449770', ' Newest 1PC 1mm 63/37 Tin/lead Rosin Core Soldering Wire Solder Welding FLUX 200G Electrolysis Solder Top Quality', 'Solders', 'Quality solder wire, good liquidity, good mechanical properties, full of bright solder joints, solder to ensure a very good quality.', '1  Piece', '6.0 * 6.0 * 6.0 ( cm )', '0.23 ( kg )', 'http://www.dhresource.com/0x0s/f2-albu-g5-M00-9A-B4-rBVaI1jRK2GAeGpnAAFRra4aNCM158.jpg/newest-1pc-1mm-63-37-tin-lead-rosin-core.jpg');
INSERT INTO public."CheapHerder_price" ( price_id, quantity, price ) values ( 848, 1, 6.61 );
INSERT INTO public."CheapHerder_product_price" ( item_code_id, price_id_id ) values ( '397449770', 848 );
INSERT INTO public."CheapHerder_price" ( price_id, quantity, price ) values ( 849, 10, 6.44 );
INSERT INTO public."CheapHerder_product_price" ( item_code_id, price_id_id ) values ( '397449770', 849 );
INSERT INTO public."CheapHerder_price" ( price_id, quantity, price ) values ( 850, 30, 6.32 );
INSERT INTO public."CheapHerder_product_price" ( item_code_id, price_id_id ) values ( '397449770', 850 );
INSERT INTO public."CheapHerder_price" ( price_id, quantity, price ) values ( 851, 49, 5.76 );
INSERT INTO public."CheapHerder_product_price" ( item_code_id, price_id_id ) values ( '397449770', 851 );
INSERT INTO public."CheapHerder_price" ( price_id, quantity, price ) values ( 852, 100, 5.55 );
INSERT INTO public."CheapHerder_product_price" ( item_code_id, price_id_id ) values ( '397449770', 852 );
INSERT INTO public."CheapHerder_price" ( price_id, quantity, price ) values ( 853, 176, 5.35 );
INSERT INTO public."CheapHerder_product_price" ( item_code_id, price_id_id ) values ( '397449770', 853 );
INSERT INTO public."CheapHerder_product" (item_code, product_name, category, description, quantity, package_size, gross_weight, image_url) values ('399704422', ' 10pcs/lot 5G 5ml Lip Balm Tube Packaging Carton Box 6 colors Lipstick Tube DIY Packing box 25*25*85mm', 'Packing Boxes', 'Free Shipping. Different Option for Choice to Show your individuality; Best Price; High Brand Quality; Fast Delivery; Good Service ; Large quantity with better price', '1 Lot  (10 Piece/Lot)', '20.0 * 10.0 * 5.0 ( cm )', '0.07 ( kg )', 'http://www.dhresource.com/0x0s/f2-albu-g5-M00-1E-85-rBVaI1kaaQeAAlAXAASyRRO3rAk297.jpg/10pcs-lot-5g-5ml-lip-balm-tube-packaging.jpg');
INSERT INTO public."CheapHerder_price" ( price_id, quantity, price ) values ( 854, 10, 1.95 );
INSERT INTO public."CheapHerder_product_price" ( item_code_id, price_id_id ) values ( '399704422', 854 );
INSERT INTO public."CheapHerder_price" ( price_id, quantity, price ) values ( 855, 30, 1.78 );
INSERT INTO public."CheapHerder_product_price" ( item_code_id, price_id_id ) values ( '399704422', 855 );
INSERT INTO public."CheapHerder_price" ( price_id, quantity, price ) values ( 856, 60, 1.68 );
INSERT INTO public."CheapHerder_product_price" ( item_code_id, price_id_id ) values ( '399704422', 856 );
INSERT INTO public."CheapHerder_price" ( price_id, quantity, price ) values ( 857, 98, 1.54 );
INSERT INTO public."CheapHerder_product_price" ( item_code_id, price_id_id ) values ( '399704422', 857 );
INSERT INTO public."CheapHerder_price" ( price_id, quantity, price ) values ( 858, 100, 1.53 );
INSERT INTO public."CheapHerder_product_price" ( item_code_id, price_id_id ) values ( '399704422', 858 );
INSERT INTO public."CheapHerder_price" ( price_id, quantity, price ) values ( 859, 108, 1.40 );
INSERT INTO public."CheapHerder_product_price" ( item_code_id, price_id_id ) values ( '399704422', 859 );
INSERT INTO public."CheapHerder_price" ( price_id, quantity, price ) values ( 860, 373, 1.35 );
INSERT INTO public."CheapHerder_product_price" ( item_code_id, price_id_id ) values ( '399704422', 860 );
INSERT INTO public."CheapHerder_product" (item_code, product_name, category, description, quantity, package_size, gross_weight, image_url) values ('252377027', ' FY-11 -50-70C 10%~ 99% RH Detecting Head RH Mini LCD Digital Thermometer Temperature Humidity Meter Aquarium Gauge Industry Hygrometer', 'Moisture Meters', 'Cheap lcd tv 60 inch, Buy Quality lcd touch panel monitor directly from China lcd power Suppliers: Description : &nb;,Description : Mini size and LCD display Compact and portable Temperature range: -50 ~ 70 Deg.C Humidity range: 10%~ 99% RH Temperature accuracy: /- 1 Deg.C Humidity accuracy: /- 5% RH Power supply: 2 x LR44 button cell Specially design for simultaneous measurement of mini hygrometer', '1  Piece', '5.0 * 5.0 * 5.0 ( cm )', '0.035 ( kg )', 'http://www.dhresource.com/0x0s/f2-albu-g3-M01-05-79-rBVaHVXZgniALxqbAAEp4jPZbZE779.jpg/fy-11-50-70c-10-99-rh-detecting-head-rh-mini.jpg');
INSERT INTO public."CheapHerder_price" ( price_id, quantity, price ) values ( 861, 100, 1.38 );
INSERT INTO public."CheapHerder_product_price" ( item_code_id, price_id_id ) values ( '252377027', 861 );
INSERT INTO public."CheapHerder_price" ( price_id, quantity, price ) values ( 862, 200, 1.28 );
INSERT INTO public."CheapHerder_product_price" ( item_code_id, price_id_id ) values ( '252377027', 862 );
INSERT INTO public."CheapHerder_price" ( price_id, quantity, price ) values ( 863, 258, 1.17 );
INSERT INTO public."CheapHerder_product_price" ( item_code_id, price_id_id ) values ( '252377027', 863 );
INSERT INTO public."CheapHerder_price" ( price_id, quantity, price ) values ( 864, 400, 1.15 );
INSERT INTO public."CheapHerder_product_price" ( item_code_id, price_id_id ) values ( '252377027', 864 );
INSERT INTO public."CheapHerder_price" ( price_id, quantity, price ) values ( 865, 905, 1.11 );
INSERT INTO public."CheapHerder_product_price" ( item_code_id, price_id_id ) values ( '252377027', 865 );
INSERT INTO public."CheapHerder_price" ( price_id, quantity, price ) values ( 866, 1000, 1.03 );
INSERT INTO public."CheapHerder_product_price" ( item_code_id, price_id_id ) values ( '252377027', 866 );
INSERT INTO public."CheapHerder_price" ( price_id, quantity, price ) values ( 867, 1016, 0.99 );
INSERT INTO public."CheapHerder_product_price" ( item_code_id, price_id_id ) values ( '252377027', 867 );
INSERT INTO public."CheapHerder_product" (item_code, product_name, category, description, quantity, package_size, gross_weight, image_url) values ('404010233', ' 100g 200g 300g 500g x 0.01g Mini Portable Digital Scale Jewelry Pocket Balance Weight Gram LCD Backlight Electronic Precise Kitchen Scale', 'Weighing Scales', 'This scale will help you accomplish a wide variety of weighing needs. Perfect for precious weighing on-the-go for all kind of items or objects such as food, tablets, gemstones, coins, jewelry, gold, or silver. It is designed to weigh up to 100/200/300/500 grams in 0.01 gram increments.', '1  Piece', '11.7 * 6.4 * 1.75 ( cm )', '0.25 ( kg )', 'http://www.dhresource.com/0x0s/f2-albu-g4-M01-B9-F1-rBVaEVmjGjyAG3cSAAHVcFaTbss014.jpg/100g-200g-300g-500g-x-0-01g-mini-portable.jpg');
INSERT INTO public."CheapHerder_price" ( price_id, quantity, price ) values ( 868, 1, 8.58 );
INSERT INTO public."CheapHerder_product_price" ( item_code_id, price_id_id ) values ( '404010233', 868 );
INSERT INTO public."CheapHerder_price" ( price_id, quantity, price ) values ( 869, 5, 8.23 );
INSERT INTO public."CheapHerder_product_price" ( item_code_id, price_id_id ) values ( '404010233', 869 );
INSERT INTO public."CheapHerder_price" ( price_id, quantity, price ) values ( 870, 10, 8.06 );
INSERT INTO public."CheapHerder_product_price" ( item_code_id, price_id_id ) values ( '404010233', 870 );
INSERT INTO public."CheapHerder_price" ( price_id, quantity, price ) values ( 871, 15, 7.89 );
INSERT INTO public."CheapHerder_product_price" ( item_code_id, price_id_id ) values ( '404010233', 871 );
INSERT INTO public."CheapHerder_price" ( price_id, quantity, price ) values ( 872, 42, 7.19 );
INSERT INTO public."CheapHerder_product_price" ( item_code_id, price_id_id ) values ( '404010233', 872 );
INSERT INTO public."CheapHerder_price" ( price_id, quantity, price ) values ( 873, 145, 6.94 );
INSERT INTO public."CheapHerder_product_price" ( item_code_id, price_id_id ) values ( '404010233', 873 );
INSERT INTO public."CheapHerder_product" (item_code, product_name, category, description, quantity, package_size, gross_weight, image_url) values ('247686294', ' Free Shipping - 40ml Mask Bath salt Test Tube With Aluminum Cap, 40cc Clear Plastic Cosmetic Tube, Candy Bottle,Cosmetic Packaging', 'Packing Bottles', 'Cheap Bottles, Buy Directly from China Suppliers: About us:specialized in exporting various kinds of glass and plastic bottles,plastic bag', '1 Lot  (200 Piece/Lot)', '25.0 * 20.0 * 12.0 ( cm )', '0.1 ( kg )', 'http://www.dhresource.com/0x0s/f2-albu-g5-M00-3B-70-rBVaJFiJ0kaAax0aAAJgZ9FxW1U199.jpg/40ml-mask-bath-salt-test-tube-with-aluminum.jpg');
INSERT INTO public."CheapHerder_price" ( price_id, quantity, price ) values ( 874, 1, 131.41 );
INSERT INTO public."CheapHerder_product_price" ( item_code_id, price_id_id ) values ( '247686294', 874 );
INSERT INTO public."CheapHerder_price" ( price_id, quantity, price ) values ( 875, 2, 111.95 );
INSERT INTO public."CheapHerder_product_price" ( item_code_id, price_id_id ) values ( '247686294', 875 );
INSERT INTO public."CheapHerder_price" ( price_id, quantity, price ) values ( 876, 3, 101.97 );
INSERT INTO public."CheapHerder_product_price" ( item_code_id, price_id_id ) values ( '247686294', 876 );
INSERT INTO public."CheapHerder_price" ( price_id, quantity, price ) values ( 877, 4, 92.94 );
INSERT INTO public."CheapHerder_product_price" ( item_code_id, price_id_id ) values ( '247686294', 877 );
INSERT INTO public."CheapHerder_price" ( price_id, quantity, price ) values ( 878, 5, 88.54 );
INSERT INTO public."CheapHerder_product_price" ( item_code_id, price_id_id ) values ( '247686294', 878 );
INSERT INTO public."CheapHerder_price" ( price_id, quantity, price ) values ( 879, 12, 85.42 );
INSERT INTO public."CheapHerder_product_price" ( item_code_id, price_id_id ) values ( '247686294', 879 );
INSERT INTO public."CheapHerder_product" (item_code, product_name, category, description, quantity, package_size, gross_weight, image_url) values ('402350946', ' EUR Training Money EURO 5 10 20 50 100 200 500 for props and Education bank staff training paper fake money Copy money Childen Gift', 'Other Office & School Supplies', 'Training Banknote Not legal tender!!! Purchasing tips: This is Bank Training Ornamental Learning Favorite Commemorate Appreciate supplies,Not legal tender, This is not in circulation. Please Read the description as good before buying. Lest some misunderstanding occured. Proportion:1:1 Difference from real money: real money is three-dimensional printing, Training Banknotes is screen printing.', '1  Piece', '30.0 * 15.0 * 15.0 ( cm )', '0.6 ( kg )', 'http://www.dhresource.com/0x0s/f2-albu-g5-M01-1C-93-rBVaI1luIjKAHauCAACcUPpBTtI603.jpg/eur-training-money-euro-5-10-20-50-100-200.jpg');
INSERT INTO public."CheapHerder_price" ( price_id, quantity, price ) values ( 880, 1, 11.32 );
INSERT INTO public."CheapHerder_product_price" ( item_code_id, price_id_id ) values ( '402350946', 880 );
INSERT INTO public."CheapHerder_price" ( price_id, quantity, price ) values ( 881, 5, 10.19 );
INSERT INTO public."CheapHerder_product_price" ( item_code_id, price_id_id ) values ( '402350946', 881 );
INSERT INTO public."CheapHerder_price" ( price_id, quantity, price ) values ( 882, 10, 8.96 );
INSERT INTO public."CheapHerder_product_price" ( item_code_id, price_id_id ) values ( '402350946', 882 );
INSERT INTO public."CheapHerder_price" ( price_id, quantity, price ) values ( 883, 34, 8.16 );
INSERT INTO public."CheapHerder_product_price" ( item_code_id, price_id_id ) values ( '402350946', 883 );
INSERT INTO public."CheapHerder_price" ( price_id, quantity, price ) values ( 884, 115, 7.88 );
INSERT INTO public."CheapHerder_product_price" ( item_code_id, price_id_id ) values ( '402350946', 884 );
INSERT INTO public."CheapHerder_price" ( price_id, quantity, price ) values ( 885, 10000, 6.34 );
INSERT INTO public."CheapHerder_product_price" ( item_code_id, price_id_id ) values ( '402350946', 885 );
INSERT INTO public."CheapHerder_product" (item_code, product_name, category, description, quantity, package_size, gross_weight, image_url) values ('385505179', ' Round LED Digital Battery gauge discharge Indicator hour meter state of charge forklift, EV, 12V 24V 36V 48V 60V up to 100V', 'Other Electrical Instruments', 'Battery charge status Indicator with hour meter - two LED screen showing battery charge status graph, voltage or power volume percent or running hour. It suits for lead acid battery, SAL battery and li-on battery in electric vehicle, boat, sweeper and forklift.', '1  Piece', '13.0 * 9.0 * 8.0 ( cm )', '0.12 ( kg )', 'http://www.dhresource.com/0x0s/f2-albu-g5-M00-49-77-rBVaJFh1n_KAKaoJAAD_0FuqlV0394.jpg/round-led-digital-battery-gauge-discharge.jpg');
INSERT INTO public."CheapHerder_price" ( price_id, quantity, price ) values ( 886, 1, 19.20 );
INSERT INTO public."CheapHerder_product_price" ( item_code_id, price_id_id ) values ( '385505179', 886 );
INSERT INTO public."CheapHerder_price" ( price_id, quantity, price ) values ( 887, 16, 17.15 );
INSERT INTO public."CheapHerder_product_price" ( item_code_id, price_id_id ) values ( '385505179', 887 );
INSERT INTO public."CheapHerder_price" ( price_id, quantity, price ) values ( 888, 20, 15.63 );
INSERT INTO public."CheapHerder_product_price" ( item_code_id, price_id_id ) values ( '385505179', 888 );
INSERT INTO public."CheapHerder_price" ( price_id, quantity, price ) values ( 889, 67, 15.08 );
INSERT INTO public."CheapHerder_product_price" ( item_code_id, price_id_id ) values ( '385505179', 889 );
INSERT INTO public."CheapHerder_price" ( price_id, quantity, price ) values ( 890, 100, 14.28 );
INSERT INTO public."CheapHerder_product_price" ( item_code_id, price_id_id ) values ( '385505179', 890 );
INSERT INTO public."CheapHerder_price" ( price_id, quantity, price ) values ( 891, 1000, 12.57 );
INSERT INTO public."CheapHerder_product_price" ( item_code_id, price_id_id ) values ( '385505179', 891 );
INSERT INTO public."CheapHerder_product" (item_code, product_name, category, description, quantity, package_size, gross_weight, image_url) values ('405234093', ' 10pcs Laser Diodes 5MW 650 nm Diodo RED Dot Laser Diod Circuit 5V 5MW 650nm Module Pointer Sight Copper Head', 'Diode', 'Cheap Diodes, Buy Directly from China Suppliers,100% Brand new and high quality, Description:Color Temperature:650kDiameter:6mm', '1 Lot  (100 Piece/Lot)', '12.0 * 9.0 * 6.0 ( cm )', '0.2 ( kg )', 'http://www.dhresource.com/0x0s/f2-albu-g5-M00-E2-53-rBVaJFnPqmCATVy0AAQADfMf9tU644.jpg/10pcs-laser-diodes-5mw-650-nm-diodo-red-dot.jpg');
INSERT INTO public."CheapHerder_price" ( price_id, quantity, price ) values ( 892, 1, 17.49 );
INSERT INTO public."CheapHerder_product_price" ( item_code_id, price_id_id ) values ( '405234093', 892 );
INSERT INTO public."CheapHerder_price" ( price_id, quantity, price ) values ( 893, 16, 15.94 );
INSERT INTO public."CheapHerder_product_price" ( item_code_id, price_id_id ) values ( '405234093', 893 );
INSERT INTO public."CheapHerder_price" ( price_id, quantity, price ) values ( 894, 56, 15.39 );
INSERT INTO public."CheapHerder_product_price" ( item_code_id, price_id_id ) values ( '405234093', 894 );
INSERT INTO public."CheapHerder_product" (item_code, product_name, category, description, quantity, package_size, gross_weight, image_url) values ('392901923', ' Newest 3.9*7.8 inch 100*200mm+40mm Kraft Bubble Mailers Envelopes Wrap Bags Padded Envelope Mail Packing Pouch Free Shipping', 'Mail Bags', 'Can be mixed batch, when the order is greater than 100$, will be through commercial express delivery of goods. Novel style, affordable, reliable quality', '1  Piece', '30.0 * 20.0 * 10.0 ( cm )', '1.0 ( kg )', 'http://www.dhresource.com/0x0s/f2-albu-g5-M01-E1-75-rBVaJFgnEqmARKGnAACuUOH1ZZE527.jpg/newest-3-9-7-8-inch-100-200mm-40mm-kraft.jpg');
INSERT INTO public."CheapHerder_price" ( price_id, quantity, price ) values ( 895, 100, 0.25 );
INSERT INTO public."CheapHerder_product_price" ( item_code_id, price_id_id ) values ( '392901923', 895 );
INSERT INTO public."CheapHerder_price" ( price_id, quantity, price ) values ( 896, 200, 0.24 );
INSERT INTO public."CheapHerder_product_price" ( item_code_id, price_id_id ) values ( '392901923', 896 );
INSERT INTO public."CheapHerder_price" ( price_id, quantity, price ) values ( 897, 300, 0.22 );
INSERT INTO public."CheapHerder_product_price" ( item_code_id, price_id_id ) values ( '392901923', 897 );
INSERT INTO public."CheapHerder_price" ( price_id, quantity, price ) values ( 898, 1067, 0.21 );
INSERT INTO public."CheapHerder_product_price" ( item_code_id, price_id_id ) values ( '392901923', 898 );
INSERT INTO public."CheapHerder_price" ( price_id, quantity, price ) values ( 899, 3686, 0.20 );
INSERT INTO public."CheapHerder_product_price" ( item_code_id, price_id_id ) values ( '392901923', 899 );
INSERT INTO public."CheapHerder_product" (item_code, product_name, category, description, quantity, package_size, gross_weight, image_url) values ('166228890', ' Free Shipping/Cute Animal sticker / mini note / Note memo /Notepad/Memo/Paper notebook/note book/Fashion Gift/Wholesale', 'Notes', 'Cheap memo, Buy Directly from China Suppliers', '1 Lot  (30 Piece/Lot)', '30.0 * 20.0 * 10.0 ( cm )', '0.4 ( kg )', 'http://www.dhresource.com/0x0s/f2-albu-g2-M01-2E-6D-rBVaG1REnr6AWU6jAAINv4B69Ps482.jpg/cute-animal-sticker-mini-note-note-memo-notepad.jpg');
INSERT INTO public."CheapHerder_price" ( price_id, quantity, price ) values ( 900, 1, 16.69 );
INSERT INTO public."CheapHerder_product_price" ( item_code_id, price_id_id ) values ( '166228890', 900 );
INSERT INTO public."CheapHerder_price" ( price_id, quantity, price ) values ( 901, 10, 15.35 );
INSERT INTO public."CheapHerder_product_price" ( item_code_id, price_id_id ) values ( '166228890', 901 );
INSERT INTO public."CheapHerder_price" ( price_id, quantity, price ) values ( 902, 20, 13.39 );
INSERT INTO public."CheapHerder_product_price" ( item_code_id, price_id_id ) values ( '166228890', 902 );
INSERT INTO public."CheapHerder_price" ( price_id, quantity, price ) values ( 903, 30, 12.93 );
INSERT INTO public."CheapHerder_product_price" ( item_code_id, price_id_id ) values ( '166228890', 903 );
INSERT INTO public."CheapHerder_price" ( price_id, quantity, price ) values ( 904, 72, 12.48 );
INSERT INTO public."CheapHerder_product_price" ( item_code_id, price_id_id ) values ( '166228890', 904 );
INSERT INTO public."CheapHerder_product" (item_code, product_name, category, description, quantity, package_size, gross_weight, image_url) values ('405038707', ' creative cactus Pencil Case Purse canvas Portable Pen Money Wallet stripe zipper Pouch Pocket Keyring Gift Kawaii pencil Bag cute design', 'Pencil Bags', 'Cactus pencil case, men and women stationery, fashion design', '1  Piece', '25.0 * 25.0 * 25.0 ( cm )', '0.4 ( kg )', 'http://www.dhresource.com/0x0s/f2-albu-g5-M01-DD-61-rBVaI1nIit-APyh3AACd--kBb-Y382.jpg/creative-cactus-pencil-case-purse-canvas.jpg');
INSERT INTO public."CheapHerder_price" ( price_id, quantity, price ) values ( 905, 10, 1.72 );
INSERT INTO public."CheapHerder_product_price" ( item_code_id, price_id_id ) values ( '405038707', 905 );
INSERT INTO public."CheapHerder_price" ( price_id, quantity, price ) values ( 906, 50, 1.60 );
INSERT INTO public."CheapHerder_product_price" ( item_code_id, price_id_id ) values ( '405038707', 906 );
INSERT INTO public."CheapHerder_price" ( price_id, quantity, price ) values ( 907, 100, 1.39 );
INSERT INTO public."CheapHerder_product_price" ( item_code_id, price_id_id ) values ( '405038707', 907 );
INSERT INTO public."CheapHerder_price" ( price_id, quantity, price ) values ( 908, 239, 1.27 );
INSERT INTO public."CheapHerder_product_price" ( item_code_id, price_id_id ) values ( '405038707', 908 );
INSERT INTO public."CheapHerder_price" ( price_id, quantity, price ) values ( 909, 823, 1.22 );
INSERT INTO public."CheapHerder_product_price" ( item_code_id, price_id_id ) values ( '405038707', 909 );
INSERT INTO public."CheapHerder_product" (item_code, product_name, category, description, quantity, package_size, gross_weight, image_url) values ('401524061', ' Wholesale- 6 pcs/set Mini Pill shaped highlighter pens for writing Cute face Graffiti marker pen Korean stationery school office supplies', 'Highlighters', 'Cheap highlighter pen, Buy Quality pen highlighter directly from China mini highlighter pen Suppliers: 6 pcs/set Mini Pill shaped highlighter pens for writing Cute face Graffiti marker pen Korean stationery school office supplies', '1 Lot  (66 Piece/Lot)', '22.0 * 11.0 * 11.0 ( cm )', '0.045 ( kg )', 'http://www.dhresource.com/0x0s/f2-albu-g5-M01-E0-40-rBVaJFlSXjGAUfFNAAKX9HC6nHg807.jpg/wholesale-6-pcs-set-mini-pill-shaped-highlighter.jpg');
INSERT INTO public."CheapHerder_price" ( price_id, quantity, price ) values ( 910, 1, 26.17 );
INSERT INTO public."CheapHerder_product_price" ( item_code_id, price_id_id ) values ( '401524061', 910 );
INSERT INTO public."CheapHerder_price" ( price_id, quantity, price ) values ( 911, 2, 25.65 );
INSERT INTO public."CheapHerder_product_price" ( item_code_id, price_id_id ) values ( '401524061', 911 );
INSERT INTO public."CheapHerder_price" ( price_id, quantity, price ) values ( 912, 5, 25.38 );
INSERT INTO public."CheapHerder_product_price" ( item_code_id, price_id_id ) values ( '401524061', 912 );
INSERT INTO public."CheapHerder_price" ( price_id, quantity, price ) values ( 913, 9, 23.14 );
INSERT INTO public."CheapHerder_product_price" ( item_code_id, price_id_id ) values ( '401524061', 913 );
INSERT INTO public."CheapHerder_price" ( price_id, quantity, price ) values ( 914, 30, 22.32 );
INSERT INTO public."CheapHerder_product_price" ( item_code_id, price_id_id ) values ( '401524061', 914 );
INSERT INTO public."CheapHerder_product" (item_code, product_name, category, description, quantity, package_size, gross_weight, image_url) values ('396722585', ' Clear White Plastic Liquid Dropper Pasteur Disposable Graduated Transfer Pipettes Pipetting for School Lab 1ml 2ml 3ml 5ml', 'Lab Supplies', 'Product Name: Transfer Pipettes; Material: Polyethylene ; Soft, pliable and easy to use, chemically inert and non-toxic; Size: 1ml, 2ml, 3ml, 5ml;', '1 Lot  (100 Piece/Lot)', '10.0 * 10.0 * 5.0 ( cm )', '0.1 ( kg )', 'http://www.dhresource.com/0x0s/f2-albu-g5-M01-EF-39-rBVaJFi5hm-AMhgeAAMjujmp33Q684.jpg/clear-white-plastic-liquid-dropper-pasteur.jpg');
INSERT INTO public."CheapHerder_price" ( price_id, quantity, price ) values ( 915, 2, 5.98 );
INSERT INTO public."CheapHerder_product_price" ( item_code_id, price_id_id ) values ( '396722585', 915 );
INSERT INTO public."CheapHerder_price" ( price_id, quantity, price ) values ( 916, 10, 5.80 );
INSERT INTO public."CheapHerder_product_price" ( item_code_id, price_id_id ) values ( '396722585', 916 );
INSERT INTO public."CheapHerder_price" ( price_id, quantity, price ) values ( 917, 30, 5.68 );
INSERT INTO public."CheapHerder_product_price" ( item_code_id, price_id_id ) values ( '396722585', 917 );
INSERT INTO public."CheapHerder_price" ( price_id, quantity, price ) values ( 918, 50, 5.50 );
INSERT INTO public."CheapHerder_product_price" ( item_code_id, price_id_id ) values ( '396722585', 918 );
INSERT INTO public."CheapHerder_price" ( price_id, quantity, price ) values ( 919, 60, 5.02 );
INSERT INTO public."CheapHerder_product_price" ( item_code_id, price_id_id ) values ( '396722585', 919 );
INSERT INTO public."CheapHerder_price" ( price_id, quantity, price ) values ( 920, 207, 4.84 );
INSERT INTO public."CheapHerder_product_price" ( item_code_id, price_id_id ) values ( '396722585', 920 );
INSERT INTO public."CheapHerder_product" (item_code, product_name, category, description, quantity, package_size, gross_weight, image_url) values ('387174992', ' Standing Silver Aluminium Foil ZipLock Bag, Reusable Mylar Pouches, Zipper Grip Seal Package', 'Packing Bags', 'This product uses pure aluminum composite processing. Daily life by virtue of its good barrier properties, heat sealing, high temperature, low temperature resistance, oil resistance, aroma retention, non-toxic and tasteless, softness and other characteristics, can foil bags as all kinds of circuit boards, electronic products, precision machinery parts, consumer goods, food, industrial products, such as bags. Aluminum foil bags used in food packaging, usually used for packaging meat products', '1  Piece', '21.0 * 20.0 * 20.0 ( cm )', '0.4 ( kg )', 'http://www.dhresource.com/0x0s/f2-albu-g5-M00-6D-C9-rBVaI1k_XmOAQpnhAACPslumpsY841.jpg/standing-silver-aluminium-foil-ziplock-bag.jpg');
INSERT INTO public."CheapHerder_price" ( price_id, quantity, price ) values ( 921, 1, 10.68 );
INSERT INTO public."CheapHerder_product_price" ( item_code_id, price_id_id ) values ( '387174992', 921 );
INSERT INTO public."CheapHerder_price" ( price_id, quantity, price ) values ( 922, 2, 10.25 );
INSERT INTO public."CheapHerder_product_price" ( item_code_id, price_id_id ) values ( '387174992', 922 );
INSERT INTO public."CheapHerder_price" ( price_id, quantity, price ) values ( 923, 5, 9.61 );
INSERT INTO public."CheapHerder_product_price" ( item_code_id, price_id_id ) values ( '387174992', 923 );
INSERT INTO public."CheapHerder_price" ( price_id, quantity, price ) values ( 924, 10, 9.09 );
INSERT INTO public."CheapHerder_product_price" ( item_code_id, price_id_id ) values ( '387174992', 924 );
INSERT INTO public."CheapHerder_price" ( price_id, quantity, price ) values ( 925, 33, 8.29 );
INSERT INTO public."CheapHerder_product_price" ( item_code_id, price_id_id ) values ( '387174992', 925 );
INSERT INTO public."CheapHerder_price" ( price_id, quantity, price ) values ( 926, 112, 7.99 );
INSERT INTO public."CheapHerder_product_price" ( item_code_id, price_id_id ) values ( '387174992', 926 );
INSERT INTO public."CheapHerder_product" (item_code, product_name, category, description, quantity, package_size, gross_weight, image_url) values ('395747110', ' Zotek vc17b+automatic range digital multimeter for large screen LCD display, true RMS, frequency, duty cycle, 6000 word display', 'Multimeters', 'When our electronic products are sent abroad, the logistics is not allowed to put in the battery, please forgive me. The price we quoted is our cooperation logistics. If you want to give other logistics, you need extra money', '1  Piece', '18.0 * 9.05 * 4.5 ( cm )', '0.42 ( kg )', 'http://www.dhresource.com/0x0s/f2-albu-g5-M01-BB-17-rBVaI1kInZSATAd2AAH4dVnJNeY267.jpg/zotek-vc17b-automatic-range-digital-multimeter.jpg');
INSERT INTO public."CheapHerder_price" ( price_id, quantity, price ) values ( 927, 1, 26.29 );
INSERT INTO public."CheapHerder_product_price" ( item_code_id, price_id_id ) values ( '395747110', 927 );
INSERT INTO public."CheapHerder_price" ( price_id, quantity, price ) values ( 928, 10, 21.72 );
INSERT INTO public."CheapHerder_product_price" ( item_code_id, price_id_id ) values ( '395747110', 928 );
INSERT INTO public."CheapHerder_price" ( price_id, quantity, price ) values ( 929, 16, 19.80 );
INSERT INTO public."CheapHerder_product_price" ( item_code_id, price_id_id ) values ( '395747110', 929 );
INSERT INTO public."CheapHerder_price" ( price_id, quantity, price ) values ( 930, 53, 19.10 );
INSERT INTO public."CheapHerder_product_price" ( item_code_id, price_id_id ) values ( '395747110', 930 );
INSERT INTO public."CheapHerder_product" (item_code, product_name, category, description, quantity, package_size, gross_weight, image_url) values ('405476864', ' Mail Bags phone bag PE white transparent plastic plastic bags a variety of specifications free shipping', 'Mail Bags', '1. Plastic varieties: HDPE; 2. Packaging level: inner packaging; 3. Supply type: can be customized; 4. Print LOGO: Yes;5.thickness:Red edge 5mm;', '1  Piece', '40.0 * 60.0 * 1.0 ( cm )', '0.005 ( kg )', 'http://www.dhresource.com/0x0s/f2-albu-g4-M00-AA-F9-rBVaEFnd2TGAZhPcAAHbgigwsYI060.jpg/mail-bags-phone-bag-pe-white-transparent.jpg');
INSERT INTO public."CheapHerder_price" ( price_id, quantity, price ) values ( 931, 100, 0.16 );
INSERT INTO public."CheapHerder_product_price" ( item_code_id, price_id_id ) values ( '405476864', 931 );
INSERT INTO public."CheapHerder_price" ( price_id, quantity, price ) values ( 932, 2058, 0.15 );
INSERT INTO public."CheapHerder_product_price" ( item_code_id, price_id_id ) values ( '405476864', 932 );
INSERT INTO public."CheapHerder_price" ( price_id, quantity, price ) values ( 933, 7108, 0.15 );
INSERT INTO public."CheapHerder_product_price" ( item_code_id, price_id_id ) values ( '405476864', 933 );
INSERT INTO public."CheapHerder_product" (item_code, product_name, category, description, quantity, package_size, gross_weight, image_url) values ('401164300', ' Wholesale- 2016 2017 Mini Double Sided Adhesive Roller Tape Japan Glue Dot Liner Petit Disposable 8m for Dokibook Planner Accessories DIY', 'Adhesive Tapes', 'Cheap japan tape, Buy Quality tape tape directly from China adhesive tape Suppliers: 2017 Mini Double Sided Adhesive Roller Tape Japan Glue Dot Liner Petit Disposable 8m for Dokibook Planner Accessories DIY Tool', '1 Lot  (12 Piece/Lot)', '10.0 * 10.0 * 5.0 ( cm )', '0.1 ( kg )', 'http://www.dhresource.com/0x0s/f2-albu-g5-M01-BF-41-rBVaJFlHZ0uAfcg6AAP1HurExOc303.jpg/wholesale-2016-2017-mini-double-sided-adhesive.jpg');
INSERT INTO public."CheapHerder_price" ( price_id, quantity, price ) values ( 934, 1, 25.19 );
INSERT INTO public."CheapHerder_product_price" ( item_code_id, price_id_id ) values ( '401164300', 934 );
INSERT INTO public."CheapHerder_price" ( price_id, quantity, price ) values ( 935, 2, 24.69 );
INSERT INTO public."CheapHerder_product_price" ( item_code_id, price_id_id ) values ( '401164300', 935 );
INSERT INTO public."CheapHerder_price" ( price_id, quantity, price ) values ( 936, 5, 24.44 );
INSERT INTO public."CheapHerder_product_price" ( item_code_id, price_id_id ) values ( '401164300', 936 );
INSERT INTO public."CheapHerder_price" ( price_id, quantity, price ) values ( 937, 9, 22.28 );
INSERT INTO public."CheapHerder_product_price" ( item_code_id, price_id_id ) values ( '401164300', 937 );
INSERT INTO public."CheapHerder_price" ( price_id, quantity, price ) values ( 938, 30, 21.49 );
INSERT INTO public."CheapHerder_product_price" ( item_code_id, price_id_id ) values ( '401164300', 938 );
INSERT INTO public."CheapHerder_product" (item_code, product_name, category, description, quantity, package_size, gross_weight, image_url) values ('394310639', ' PCB and pcb assembly Prototype 2 layers -24layers PCB Board Manufacturer Supplier Sample fast run service', 'PCB & PCBA', 'PCB,PCBA,we can do the pcb (from1-24layrers) and can do assembly for you ,you just need give us the BOM list . we also can provide the solution for you if you need .', '1  Piece', '5.0 * 5.0 * 5.0 ( cm )', '0.5 ( kg )', 'http://www.dhresource.com/0x0s/f2-albu-g5-M01-7B-37-rBVaJFhPuuuARlJwAAIWT5Higo8056.jpg/pcb-and-pcb-assembly-prototype-2-layers-24layers.jpg');
INSERT INTO public."CheapHerder_price" ( price_id, quantity, price ) values ( 939, 1, 1.15 );
INSERT INTO public."CheapHerder_product_price" ( item_code_id, price_id_id ) values ( '394310639', 939 );
INSERT INTO public."CheapHerder_price" ( price_id, quantity, price ) values ( 940, 288, 1.05 );
INSERT INTO public."CheapHerder_product_price" ( item_code_id, price_id_id ) values ( '394310639', 940 );
INSERT INTO public."CheapHerder_price" ( price_id, quantity, price ) values ( 941, 995, 1.01 );
INSERT INTO public."CheapHerder_product_price" ( item_code_id, price_id_id ) values ( '394310639', 941 );
INSERT INTO public."CheapHerder_product" (item_code, product_name, category, description, quantity, package_size, gross_weight, image_url) values ('404030115', ' Monte black and gold stripes roller ball pen / ballpoint luxury mon pen with mb bag free gift', 'Ballpoint Pens', 'we are China factory that supply all kind of brand pen,Mb pen,welcome to visit and shipping,support wholesale,best price with high quality', '1  Piece', '20.0 * 10.0 * 5.0 ( cm )', '0.2 ( kg )', 'http://www.dhresource.com/0x0s/f2-albu-g4-M00-6F-33-rBVaEFmj2duAPeXNAAC4UkbrO30949.jpg/monte-black-and-gold-stripes-roller-ball.jpg');
INSERT INTO public."CheapHerder_price" ( price_id, quantity, price ) values ( 942, 1, 14.72 );
INSERT INTO public."CheapHerder_product_price" ( item_code_id, price_id_id ) values ( '404030115', 942 );
INSERT INTO public."CheapHerder_price" ( price_id, quantity, price ) values ( 943, 2, 13.67 );
INSERT INTO public."CheapHerder_product_price" ( item_code_id, price_id_id ) values ( '404030115', 943 );
INSERT INTO public."CheapHerder_price" ( price_id, quantity, price ) values ( 944, 5, 12.62 );
INSERT INTO public."CheapHerder_product_price" ( item_code_id, price_id_id ) values ( '404030115', 944 );
INSERT INTO public."CheapHerder_price" ( price_id, quantity, price ) values ( 945, 10, 12.10 );
INSERT INTO public."CheapHerder_product_price" ( item_code_id, price_id_id ) values ( '404030115', 945 );
INSERT INTO public."CheapHerder_price" ( price_id, quantity, price ) values ( 946, 26, 11.02 );
INSERT INTO public."CheapHerder_product_price" ( item_code_id, price_id_id ) values ( '404030115', 946 );
INSERT INTO public."CheapHerder_price" ( price_id, quantity, price ) values ( 947, 87, 10.64 );
INSERT INTO public."CheapHerder_product_price" ( item_code_id, price_id_id ) values ( '404030115', 947 );
INSERT INTO public."CheapHerder_product" (item_code, product_name, category, description, quantity, package_size, gross_weight, image_url) values ('235940808', ' Luxury New Mobile Phone Cases Retail Packaging Box Bag Package For iPhone 6s Plus Case Wholesale 100pcs KJ-301', 'Packing Boxes', 'Free DHL Shipping 24 hours to deliver Luxury Phone Case Retail Packaging Box Package For iPhone 7 4.7 5.5 inch 164*94*15mm 8 Colours', '1 Lot  (100 Piece/Lot)', '20.0 * 20.0 * 15.0 ( cm )', '3.0 ( kg )', 'http://www.dhresource.com/0x0s/f2-albu-g5-M00-A5-08-rBVaJFhVFsGAHBUPAAHHUbop44U615.jpg/luxury-new-mobile-phone-cases-retail-packaging.jpg');
INSERT INTO public."CheapHerder_price" ( price_id, quantity, price ) values ( 948, 1, 98.29 );
INSERT INTO public."CheapHerder_product_price" ( item_code_id, price_id_id ) values ( '235940808', 948 );
INSERT INTO public."CheapHerder_price" ( price_id, quantity, price ) values ( 949, 4, 89.59 );
INSERT INTO public."CheapHerder_product_price" ( item_code_id, price_id_id ) values ( '235940808', 949 );
INSERT INTO public."CheapHerder_price" ( price_id, quantity, price ) values ( 950, 5, 85.11 );
INSERT INTO public."CheapHerder_product_price" ( item_code_id, price_id_id ) values ( '235940808', 950 );
INSERT INTO public."CheapHerder_price" ( price_id, quantity, price ) values ( 951, 10, 82.42 );
INSERT INTO public."CheapHerder_product_price" ( item_code_id, price_id_id ) values ( '235940808', 951 );
INSERT INTO public."CheapHerder_price" ( price_id, quantity, price ) values ( 952, 13, 79.52 );
INSERT INTO public."CheapHerder_product_price" ( item_code_id, price_id_id ) values ( '235940808', 952 );
INSERT INTO public."CheapHerder_price" ( price_id, quantity, price ) values ( 953, 100, 73.47 );
INSERT INTO public."CheapHerder_product_price" ( item_code_id, price_id_id ) values ( '235940808', 953 );
INSERT INTO public."CheapHerder_product" (item_code, product_name, category, description, quantity, package_size, gross_weight, image_url) values ('396159457', ' Harry Potter Retro Magic Diary Book Notepads Magnet Notebook Fans Collection Best Gift for Children Students in Stock', 'Notepads', 'goods from China factory directly,with good quality and competitive price,retail and wholesale available,fast shipping,mix colors,drop shipping acceptable', '1  Piece', '10.0 * 8.0 * 6.0 ( cm )', '0.3 ( kg )', 'http://www.dhresource.com/0x0s/f2-albu-g5-M01-E2-A9-rBVaJFikAjCAOlJOAAHqQfCKIoE644.jpg/harry-potter-retro-magic-diary-book-notepads.jpg');
INSERT INTO public."CheapHerder_price" ( price_id, quantity, price ) values ( 954, 30, 5.12 );
INSERT INTO public."CheapHerder_product_price" ( item_code_id, price_id_id ) values ( '396159457', 954 );
INSERT INTO public."CheapHerder_price" ( price_id, quantity, price ) values ( 955, 50, 4.90 );
INSERT INTO public."CheapHerder_product_price" ( item_code_id, price_id_id ) values ( '396159457', 955 );
INSERT INTO public."CheapHerder_price" ( price_id, quantity, price ) values ( 956, 64, 4.47 );
INSERT INTO public."CheapHerder_product_price" ( item_code_id, price_id_id ) values ( '396159457', 956 );
INSERT INTO public."CheapHerder_price" ( price_id, quantity, price ) values ( 957, 221, 4.31 );
INSERT INTO public."CheapHerder_product_price" ( item_code_id, price_id_id ) values ( '396159457', 957 );
INSERT INTO public."CheapHerder_product" (item_code, product_name, category, description, quantity, package_size, gross_weight, image_url) values ('391796005', ' nice quality Moisture-proof Bags,Kraft Paper with three layer white color, Ziplock Packaging Bag for Snack Candy Cookie baking free shipping', 'Packing Bags', 'name: food packing bag;fuction: package for food like nuts, rice, candy, cooky etc.; material; kraft paper; seal; ziplock: character: moistureproof and visual window; color: white.', '1  Piece', '25.0 * 15.0 * 15.0 ( cm )', '0.2 ( kg )', 'http://www.dhresource.com/0x0s/f2-albu-g4-M00-31-C3-rBVaEFgEh2iAattzAAHZbaR8tC0518.jpg/nice-quality-moisture-proof-bags-kraft-paper.jpg');
INSERT INTO public."CheapHerder_price" ( price_id, quantity, price ) values ( 958, 100, 0.18 );
INSERT INTO public."CheapHerder_product_price" ( item_code_id, price_id_id ) values ( '391796005', 958 );
INSERT INTO public."CheapHerder_price" ( price_id, quantity, price ) values ( 959, 1920, 0.16 );
INSERT INTO public."CheapHerder_product_price" ( item_code_id, price_id_id ) values ( '391796005', 959 );
INSERT INTO public."CheapHerder_price" ( price_id, quantity, price ) values ( 960, 6634, 0.16 );
INSERT INTO public."CheapHerder_product_price" ( item_code_id, price_id_id ) values ( '391796005', 960 );
INSERT INTO public."CheapHerder_product" (item_code, product_name, category, description, quantity, package_size, gross_weight, image_url) values ('190193967', ' Heat transfer sublimation paper SALES/ A4 TRANSFER PAPER,SUBLIMATION PAPER FOR HEAT PRESS MACHINE(A GRADE)+FREE SHIPPING,heat pr', 'Heat Transfer Machines', 'Business & Industrial > Industrial Supplies & MRO > Industrial Equipment > Heat Transfer Machines', '1 Lot  (100 Piece/Lot)', '32.0 * 32.0 * 10.0 ( cm )', '1.0 ( kg )', 'http://www.dhresource.com/albu_708049938_00-1.0x0/heat-transfer-sublimation-paper-sales-a4.jpg');
INSERT INTO public."CheapHerder_price" ( price_id, quantity, price ) values ( 961, 1, 33.60 );
INSERT INTO public."CheapHerder_product_price" ( item_code_id, price_id_id ) values ( '190193967', 961 );
INSERT INTO public."CheapHerder_price" ( price_id, quantity, price ) values ( 962, 8, 30.63 );
INSERT INTO public."CheapHerder_product_price" ( item_code_id, price_id_id ) values ( '190193967', 962 );
INSERT INTO public."CheapHerder_price" ( price_id, quantity, price ) values ( 963, 26, 29.55 );
INSERT INTO public."CheapHerder_product_price" ( item_code_id, price_id_id ) values ( '190193967', 963 );
INSERT INTO public."CheapHerder_product" (item_code, product_name, category, description, quantity, package_size, gross_weight, image_url) values ('377693624', ' Cute Colorful Mini Smile Leather Notebook 7.5*.12.5 CM 192 Sheets Wire Bound 90g/pc Fashion Diary for Business and Students', 'Notepads', 'Dear Buyers, if you are satisfied with our products, please help to give us a Positive feedback. Any problems will be solved after active cooperation and good communication!', '1  Piece', '7.5 * 12.5 * 2.0 ( cm )', '0.8 ( kg )', 'http://www.dhresource.com/0x0s/f2-albu-g4-M00-56-11-rBVaEVb58PCALxlrAAGNa7ASrHw917.jpg/cute-colorful-mini-smile-leather-notebook.jpg');
INSERT INTO public."CheapHerder_price" ( price_id, quantity, price ) values ( 964, 20, 3.12 );
INSERT INTO public."CheapHerder_product_price" ( item_code_id, price_id_id ) values ( '377693624', 964 );
INSERT INTO public."CheapHerder_price" ( price_id, quantity, price ) values ( 965, 50, 2.36 );
INSERT INTO public."CheapHerder_product_price" ( item_code_id, price_id_id ) values ( '377693624', 965 );
INSERT INTO public."CheapHerder_price" ( price_id, quantity, price ) values ( 966, 100, 2.13 );
INSERT INTO public."CheapHerder_product_price" ( item_code_id, price_id_id ) values ( '377693624', 966 );
INSERT INTO public."CheapHerder_price" ( price_id, quantity, price ) values ( 967, 146, 1.95 );
INSERT INTO public."CheapHerder_product_price" ( item_code_id, price_id_id ) values ( '377693624', 967 );
INSERT INTO public."CheapHerder_price" ( price_id, quantity, price ) values ( 968, 500, 1.69 );
INSERT INTO public."CheapHerder_product_price" ( item_code_id, price_id_id ) values ( '377693624', 968 );
INSERT INTO public."CheapHerder_price" ( price_id, quantity, price ) values ( 969, 579, 1.63 );
INSERT INTO public."CheapHerder_product_price" ( item_code_id, price_id_id ) values ( '377693624', 969 );
INSERT INTO public."CheapHerder_product" (item_code, product_name, category, description, quantity, package_size, gross_weight, image_url) values ('397421992', ' Magic 2 in 1 UV Light Combo Creative Stationery Invisible Ink Pen Popular Random Color', 'Multi Function Pens', 'Material: Plastic Color:At random send Structure: The shell ,Small batteries, The sponge. Style: Practical , Creative Stationery. Battery:3 Button Batterys (included)', '1  Piece', '14.0 * 3.0 * 3.0 ( cm )', '0.018 ( kg )', 'http://www.dhresource.com/0x0s/f2-albu-g5-M00-5F-01-rBVaJFjQoiGASvY1AAFLTf0JPms568.jpg/magic-2-in-1-uv-light-combo-creative-stationery.jpg');
INSERT INTO public."CheapHerder_price" ( price_id, quantity, price ) values ( 970, 100, 0.76 );
INSERT INTO public."CheapHerder_product_price" ( item_code_id, price_id_id ) values ( '397421992', 970 );
INSERT INTO public."CheapHerder_price" ( price_id, quantity, price ) values ( 971, 200, 0.52 );
INSERT INTO public."CheapHerder_product_price" ( item_code_id, price_id_id ) values ( '397421992', 971 );
INSERT INTO public."CheapHerder_price" ( price_id, quantity, price ) values ( 972, 500, 0.48 );
INSERT INTO public."CheapHerder_product_price" ( item_code_id, price_id_id ) values ( '397421992', 972 );
INSERT INTO public."CheapHerder_price" ( price_id, quantity, price ) values ( 973, 670, 0.43 );
INSERT INTO public."CheapHerder_product_price" ( item_code_id, price_id_id ) values ( '397421992', 973 );
INSERT INTO public."CheapHerder_price" ( price_id, quantity, price ) values ( 974, 1000, 0.33 );
INSERT INTO public."CheapHerder_product_price" ( item_code_id, price_id_id ) values ( '397421992', 974 );
INSERT INTO public."CheapHerder_price" ( price_id, quantity, price ) values ( 975, 3016, 0.32 );
INSERT INTO public."CheapHerder_product_price" ( item_code_id, price_id_id ) values ( '397421992', 975 );
INSERT INTO public."CheapHerder_product" (item_code, product_name, category, description, quantity, package_size, gross_weight, image_url) values ('196549139', ' Free shipping! 2014 new Free shipping/ korean Stationery New vintage style paint pattern Notebook/ Paper Notepad', 'Notepads', 'Free shipping/ korean Stationery New vintage style paint pattern Notebook/ Paper Notepad', '1  Piece', '10.0 * 10.0 * 10.0 ( cm )', '0.02 ( kg )', 'http://www.dhresource.com/albu_778555209_00-1.0x0/2014-new-korean-stationery-new-vintage-style.jpg');
INSERT INTO public."CheapHerder_price" ( price_id, quantity, price ) values ( 976, 24, 0.87 );
INSERT INTO public."CheapHerder_product_price" ( item_code_id, price_id_id ) values ( '196549139', 976 );
INSERT INTO public."CheapHerder_price" ( price_id, quantity, price ) values ( 977, 180, 0.83 );
INSERT INTO public."CheapHerder_product_price" ( item_code_id, price_id_id ) values ( '196549139', 977 );
INSERT INTO public."CheapHerder_price" ( price_id, quantity, price ) values ( 978, 240, 0.80 );
INSERT INTO public."CheapHerder_product_price" ( item_code_id, price_id_id ) values ( '196549139', 978 );
INSERT INTO public."CheapHerder_price" ( price_id, quantity, price ) values ( 979, 360, 0.69 );
INSERT INTO public."CheapHerder_product_price" ( item_code_id, price_id_id ) values ( '196549139', 979 );
INSERT INTO public."CheapHerder_price" ( price_id, quantity, price ) values ( 980, 480, 0.63 );
INSERT INTO public."CheapHerder_product_price" ( item_code_id, price_id_id ) values ( '196549139', 980 );
INSERT INTO public."CheapHerder_price" ( price_id, quantity, price ) values ( 981, 1659, 0.61 );
INSERT INTO public."CheapHerder_product_price" ( item_code_id, price_id_id ) values ( '196549139', 981 );
INSERT INTO public."CheapHerder_product" (item_code, product_name, category, description, quantity, package_size, gross_weight, image_url) values ('379232224', ' 3PCS Wholesale price MB Good Quality Pen pouch mon gift pen bag suit for two pens', 'Pencil Bags', 'Find More Pencil Bags Information about 3PCS Wholesale price MB Good Quality Pen pouch mon gift pen bag suit for two pens,High Quality bag pen,China bagged cadillac Suppliers,', '1 Lot  (3 Piece/Lot)', '15.0 * 15.0 * 6.0 ( cm )', '0.13 ( kg )', 'http://www.dhresource.com/0x0s/f2-albu-g4-M00-E9-A3-rBVaEFcNO_uAN4MLAAFZtQpkTxA146.jpg/3pcs-wholesale-price-mb-good-quality-pen.jpg');
INSERT INTO public."CheapHerder_price" ( price_id, quantity, price ) values ( 982, 1, 24.00 );
INSERT INTO public."CheapHerder_product_price" ( item_code_id, price_id_id ) values ( '379232224', 982 );
INSERT INTO public."CheapHerder_price" ( price_id, quantity, price ) values ( 983, 14, 21.88 );
INSERT INTO public."CheapHerder_product_price" ( item_code_id, price_id_id ) values ( '379232224', 983 );
INSERT INTO public."CheapHerder_price" ( price_id, quantity, price ) values ( 984, 48, 21.11 );
INSERT INTO public."CheapHerder_product_price" ( item_code_id, price_id_id ) values ( '379232224', 984 );
INSERT INTO public."CheapHerder_product" (item_code, product_name, category, description, quantity, package_size, gross_weight, image_url) values ('405724287', ' Hot sale - Luxury star walker series MB Black Resin Roller ball pen with stationery school office supplies writing smooth brand gift pens', 'Ballpoint Pens', 'Best gift for your Friends or your family! Great for collection! Unique design and 100% Brand New!', '1  Piece', '15.0 * 10.0 * 3.0 ( cm )', '0.1 ( kg )', 'http://www.dhresource.com/0x0s/f2-albu-g5-M00-BD-07-rBVaI1nnaRWAXgWJAASOCJ2gRmg943.jpg/hot-sale-luxury-star-walker-series-mb-black.jpg');
INSERT INTO public."CheapHerder_price" ( price_id, quantity, price ) values ( 985, 1, 11.51 );
INSERT INTO public."CheapHerder_product_price" ( item_code_id, price_id_id ) values ( '405724287', 985 );
INSERT INTO public."CheapHerder_price" ( price_id, quantity, price ) values ( 986, 5, 11.27 );
INSERT INTO public."CheapHerder_product_price" ( item_code_id, price_id_id ) values ( '405724287', 986 );
INSERT INTO public."CheapHerder_price" ( price_id, quantity, price ) values ( 987, 15, 11.04 );
INSERT INTO public."CheapHerder_product_price" ( item_code_id, price_id_id ) values ( '405724287', 987 );
INSERT INTO public."CheapHerder_price" ( price_id, quantity, price ) values ( 988, 24, 10.06 );
INSERT INTO public."CheapHerder_product_price" ( item_code_id, price_id_id ) values ( '405724287', 988 );
INSERT INTO public."CheapHerder_price" ( price_id, quantity, price ) values ( 989, 30, 9.86 );
INSERT INTO public."CheapHerder_product_price" ( item_code_id, price_id_id ) values ( '405724287', 989 );
INSERT INTO public."CheapHerder_price" ( price_id, quantity, price ) values ( 990, 83, 9.52 );
INSERT INTO public."CheapHerder_product_price" ( item_code_id, price_id_id ) values ( '405724287', 990 );
INSERT INTO public."CheapHerder_product" (item_code, product_name, category, description, quantity, package_size, gross_weight, image_url) values ('133499899', ' Battery Tester Universal Handheld battery Volt checker tester AA C D 1.5V 9V Button BT-168 black', 'Voltage Meters', 'Used To Test The Following Sizes: 1.5V HP16, MN2400, R03 AA: HP7, MN1500, UM3 C: HP11, MN1400, SP11, LR14, UM2 D: HP2, MN1300, SP2, R20, UM1 9V: PP3, MN1604, 6F22, 006P All kinds of button cell. Color: black Dimension: 108*60*26mm Weight: 47g Package dimension: 174*98*34mm Package weight: 50g Battery Not included', '1  Piece', '10.0 * 10.0 * 5.0 ( cm )', '0.2 ( kg )', 'http://www.dhresource.com/albu_228281835_00-1.0x0/battery-tester-universal-handheld-battery.jpg');
INSERT INTO public."CheapHerder_price" ( price_id, quantity, price ) values ( 991, 1, 5.26 );
INSERT INTO public."CheapHerder_product_price" ( item_code_id, price_id_id ) values ( '133499899', 991 );
INSERT INTO public."CheapHerder_price" ( price_id, quantity, price ) values ( 992, 6, 4.68 );
INSERT INTO public."CheapHerder_product_price" ( item_code_id, price_id_id ) values ( '133499899', 992 );
INSERT INTO public."CheapHerder_price" ( price_id, quantity, price ) values ( 993, 10, 4.37 );
INSERT INTO public."CheapHerder_product_price" ( item_code_id, price_id_id ) values ( '133499899', 993 );
INSERT INTO public."CheapHerder_price" ( price_id, quantity, price ) values ( 994, 20, 4.00 );
INSERT INTO public."CheapHerder_product_price" ( item_code_id, price_id_id ) values ( '133499899', 994 );
INSERT INTO public."CheapHerder_price" ( price_id, quantity, price ) values ( 995, 83, 3.65 );
INSERT INTO public."CheapHerder_product_price" ( item_code_id, price_id_id ) values ( '133499899', 995 );
INSERT INTO public."CheapHerder_price" ( price_id, quantity, price ) values ( 996, 285, 3.52 );
INSERT INTO public."CheapHerder_product_price" ( item_code_id, price_id_id ) values ( '133499899', 996 );
INSERT INTO public."CheapHerder_product" (item_code, product_name, category, description, quantity, package_size, gross_weight, image_url) values ('371186272', ' Top Head Big Diamond Swarovski Crystal Pen Students Crystalline Lady Ballpoint Pen stationery 25 kinds Design', 'Ballpoint Pens', 'Style Name:Crystal Diamond Ballpoint Pens Color:Colorful Material:PC Size:Ahout 13cm Quantity:5pcs/lot Style:25Kinds (Send by random.) Shipment:Free Shipping', '1 Lot  (5 Piece/Lot)', '15.0 * 5.0 * 5.0 ( cm )', '0.2 ( kg )', 'http://www.dhresource.com/0x0s/f2-albu-g3-M01-E6-35-rBVaHVaDWWSAEIQvAAFP3noLxTw040.jpg/top-head-big-diamond-swarovski-crystal-pen.jpg');
INSERT INTO public."CheapHerder_price" ( price_id, quantity, price ) values ( 997, 2, 8.46 );
INSERT INTO public."CheapHerder_product_price" ( item_code_id, price_id_id ) values ( '371186272', 997 );
INSERT INTO public."CheapHerder_price" ( price_id, quantity, price ) values ( 998, 7, 6.75 );
INSERT INTO public."CheapHerder_product_price" ( item_code_id, price_id_id ) values ( '371186272', 998 );
INSERT INTO public."CheapHerder_price" ( price_id, quantity, price ) values ( 999, 26, 6.58 );
INSERT INTO public."CheapHerder_product_price" ( item_code_id, price_id_id ) values ( '371186272', 999 );
INSERT INTO public."CheapHerder_price" ( price_id, quantity, price ) values ( 1000, 51, 5.99 );
INSERT INTO public."CheapHerder_product_price" ( item_code_id, price_id_id ) values ( '371186272', 1000 );
INSERT INTO public."CheapHerder_price" ( price_id, quantity, price ) values ( 1001, 133, 4.36 );
INSERT INTO public."CheapHerder_product_price" ( item_code_id, price_id_id ) values ( '371186272', 1001 );
INSERT INTO public."CheapHerder_price" ( price_id, quantity, price ) values ( 1002, 239, 4.21 );
INSERT INTO public."CheapHerder_product_price" ( item_code_id, price_id_id ) values ( '371186272', 1002 );
INSERT INTO public."CheapHerder_product" (item_code, product_name, category, description, quantity, package_size, gross_weight, image_url) values ('373715288', ' 6m Advertising Inflatable Giant Moon for Outdoor with LED Light', 'Advertising Inflatables', 'Product: inflatable moon, Material: Printing cloth, Size: 6m, pattern and size can be customized, Accessories: Multi colors LED light, one blower', '1  Piece', '50.0 * 45.0 * 50.0 ( cm )', '32.0 ( kg )', 'http://www.dhresource.com/0x0s/f2-albu-g5-M01-78-95-rBVaI1lTBV-AEGyJAAFYH5nS9rg800.jpg/6m-advertising-inflatable-giant-moon-for.jpg');
INSERT INTO public."CheapHerder_price" ( price_id, quantity, price ) values ( 1003, 1, 480.00 );
INSERT INTO public."CheapHerder_product_price" ( item_code_id, price_id_id ) values ( '373715288', 1003 );
INSERT INTO public."CheapHerder_price" ( price_id, quantity, price ) values ( 1004, 2, 456.00 );
INSERT INTO public."CheapHerder_product_price" ( item_code_id, price_id_id ) values ( '373715288', 1004 );
INSERT INTO public."CheapHerder_price" ( price_id, quantity, price ) values ( 1005, 3, 439.96 );
INSERT INTO public."CheapHerder_product_price" ( item_code_id, price_id_id ) values ( '373715288', 1005 );
INSERT INTO public."CheapHerder_price" ( price_id, quantity, price ) values ( 1006, 5, 426.08 );
INSERT INTO public."CheapHerder_product_price" ( item_code_id, price_id_id ) values ( '373715288', 1006 );
INSERT INTO public."CheapHerder_product" (item_code, product_name, category, description, quantity, package_size, gross_weight, image_url) values ('391689958', ' Lovely smiling face Emoji Eraser Cute Rubber Correction Pencil Erasers Student Stationery School Supplies Kids Gift Promotion', 'Erasers', 'Lovely smiling face Emoji Eraser Cute Rubber Correction Pencil Erasers Student Stationery School Supplies Kids Gift Promotion', '1  Piece', '10.0 * 10.0 * 10.0 ( cm )', '0.2 ( kg )', 'http://www.dhresource.com/0x0s/f2-albu-g4-M01-FC-68-rBVaEVgAyMeAPIgKAAJnt5Z0FrY797.jpg/lovely-smiling-face-emoji-eraser-cute-rubber.jpg');
INSERT INTO public."CheapHerder_price" ( price_id, quantity, price ) values ( 1007, 144, 0.19 );
INSERT INTO public."CheapHerder_product_price" ( item_code_id, price_id_id ) values ( '391689958', 1007 );
INSERT INTO public."CheapHerder_price" ( price_id, quantity, price ) values ( 1008, 500, 0.15 );
INSERT INTO public."CheapHerder_product_price" ( item_code_id, price_id_id ) values ( '391689958', 1008 );
INSERT INTO public."CheapHerder_price" ( price_id, quantity, price ) values ( 1009, 1000, 0.13 );
INSERT INTO public."CheapHerder_product_price" ( item_code_id, price_id_id ) values ( '391689958', 1009 );
INSERT INTO public."CheapHerder_price" ( price_id, quantity, price ) values ( 1010, 2000, 0.12 );
INSERT INTO public."CheapHerder_product_price" ( item_code_id, price_id_id ) values ( '391689958', 1010 );
INSERT INTO public."CheapHerder_price" ( price_id, quantity, price ) values ( 1011, 2880, 0.11 );
INSERT INTO public."CheapHerder_product_price" ( item_code_id, price_id_id ) values ( '391689958', 1011 );
INSERT INTO public."CheapHerder_price" ( price_id, quantity, price ) values ( 1012, 9950, 0.11 );
INSERT INTO public."CheapHerder_product_price" ( item_code_id, price_id_id ) values ( '391689958', 1012 );
INSERT INTO public."CheapHerder_product" (item_code, product_name, category, description, quantity, package_size, gross_weight, image_url) values ('404028018', ' Wholesale 7.5*10cm Aluminum Foil Clear Packaging Bag Self Seal Zip Lock Mylar Food Storage Pouch For Candy Nuts', 'Packing Bags', '200pcs/Lot 7.5*10cm Aluminum Foil Clear Zip Lock Self Seal Food Storage Packaging Bag Translucent Plastic Bags For Nut Snack', '1 Lot  (200 Piece/Lot)', '15.0 * 16.0 * 8.0 ( cm )', '0.36 ( kg )', 'http://www.dhresource.com/0x0s/f2-albu-g5-M01-BD-83-rBVaJFmjz4mABMmNAAT0cyxMFC8802.jpg/wholesale-7-5-10cm-aluminum-foil-clear-packaging.jpg');
INSERT INTO public."CheapHerder_price" ( price_id, quantity, price ) values ( 1013, 1, 24.00 );
INSERT INTO public."CheapHerder_product_price" ( item_code_id, price_id_id ) values ( '404028018', 1013 );
INSERT INTO public."CheapHerder_price" ( price_id, quantity, price ) values ( 1014, 3, 21.60 );
INSERT INTO public."CheapHerder_product_price" ( item_code_id, price_id_id ) values ( '404028018', 1014 );
INSERT INTO public."CheapHerder_price" ( price_id, quantity, price ) values ( 1015, 10, 19.20 );
INSERT INTO public."CheapHerder_product_price" ( item_code_id, price_id_id ) values ( '404028018', 1015 );
INSERT INTO public."CheapHerder_price" ( price_id, quantity, price ) values ( 1016, 18, 17.50 );
INSERT INTO public."CheapHerder_product_price" ( item_code_id, price_id_id ) values ( '404028018', 1016 );
INSERT INTO public."CheapHerder_price" ( price_id, quantity, price ) values ( 1017, 60, 16.89 );
INSERT INTO public."CheapHerder_product_price" ( item_code_id, price_id_id ) values ( '404028018', 1017 );
INSERT INTO public."CheapHerder_product" (item_code, product_name, category, description, quantity, package_size, gross_weight, image_url) values ('398616776', ' C/F Multifunctional LCD Digital Temperature Humidity Meter Clock Thermometer Hygrometer Calendar Temperature Trend Alarm Weather Forecast', 'Temperature Instruments', 'Multifunctional temperature and humidity clock with weather forecast function brings much convenience for your daily life. With voice-activated backlight, it is energy-saving and convenient to use.', '1  Piece', '15.0 * 11.0 * 3.0 ( cm )', '0.2 ( kg )', 'http://www.dhresource.com/0x0s/f2-albu-g5-M00-9F-D5-rBVaJFj3aHGAW3bkAAHGsDY0P8o695.jpg/c-f-multifunctional-lcd-digital-temperature.jpg');
INSERT INTO public."CheapHerder_price" ( price_id, quantity, price ) values ( 1018, 1, 8.99 );
INSERT INTO public."CheapHerder_product_price" ( item_code_id, price_id_id ) values ( '398616776', 1018 );
INSERT INTO public."CheapHerder_price" ( price_id, quantity, price ) values ( 1019, 37, 8.19 );
INSERT INTO public."CheapHerder_product_price" ( item_code_id, price_id_id ) values ( '398616776', 1019 );
INSERT INTO public."CheapHerder_price" ( price_id, quantity, price ) values ( 1020, 127, 7.90 );
INSERT INTO public."CheapHerder_product_price" ( item_code_id, price_id_id ) values ( '398616776', 1020 );
INSERT INTO public."CheapHerder_product" (item_code, product_name, category, description, quantity, package_size, gross_weight, image_url) values ('402239651', ' Luxury Mb pencil with Meisterstcks 163 black resin mechanical pencil 0.7mm Office school supplies writing smooth Special pencils as gifts', 'Pencils', 'Best gift for your Friends or your family! Great for collection! Unique design and 100% Brand New! Features of exquisite workmanship, dignified style, smooth and comfortable writing, extraordinary design make Pen into an exquisite work of art. length: 13.5cm, Ink: black,Free shipping', '1  Piece', '12.0 * 10.0 * 2.0 ( cm )', '0.1 ( kg )', 'http://www.dhresource.com/0x0s/f2-albu-g5-M00-E7-67-rBVaI1lqE8iAEwOfAAtdZAvG5eY771.jpg/luxury-mb-pencil-with-meisterstcks-163-black.jpg');
INSERT INTO public."CheapHerder_price" ( price_id, quantity, price ) values ( 1021, 1, 13.20 );
INSERT INTO public."CheapHerder_product_price" ( item_code_id, price_id_id ) values ( '402239651', 1021 );
INSERT INTO public."CheapHerder_price" ( price_id, quantity, price ) values ( 1022, 5, 12.93 );
INSERT INTO public."CheapHerder_product_price" ( item_code_id, price_id_id ) values ( '402239651', 1022 );
INSERT INTO public."CheapHerder_price" ( price_id, quantity, price ) values ( 1023, 10, 12.67 );
INSERT INTO public."CheapHerder_product_price" ( item_code_id, price_id_id ) values ( '402239651', 1023 );
INSERT INTO public."CheapHerder_price" ( price_id, quantity, price ) values ( 1024, 20, 12.40 );
INSERT INTO public."CheapHerder_product_price" ( item_code_id, price_id_id ) values ( '402239651', 1024 );
INSERT INTO public."CheapHerder_price" ( price_id, quantity, price ) values ( 1025, 21, 11.30 );
INSERT INTO public."CheapHerder_product_price" ( item_code_id, price_id_id ) values ( '402239651', 1025 );
INSERT INTO public."CheapHerder_price" ( price_id, quantity, price ) values ( 1026, 72, 10.90 );
INSERT INTO public."CheapHerder_product_price" ( item_code_id, price_id_id ) values ( '402239651', 1026 );
INSERT INTO public."CheapHerder_product" (item_code, product_name, category, description, quantity, package_size, gross_weight, image_url) values ('260447682', ' 200pc/lot Neodymium Disc Magnets 3x1 mm N52 Grade warhammer craft magic 3mm dia x 1mm Free Shipping order<$18no track', 'Magnets', 'Cheap magnet mask, Buy Quality magnet element directly from China magnet flower Suppliers: Item Description:200 Pieces N52 Neodymium Disc Magnets 3x1 mmNeodymium&nb;', '1 Lot  (200 Piece/Lot)', '15.0 * 8.0 * 5.0 ( cm )', '0.02 ( kg )', 'http://www.dhresource.com/0x0s/f2-albu-g3-M01-C6-D8-rBVaHFYkbS6ASLKnAAHDX8grHzs710.jpg/200pc-lot-neodymium-disc-magnets-3x1-mm-n52.jpg');
INSERT INTO public."CheapHerder_price" ( price_id, quantity, price ) values ( 1027, 1, 11.61 );
INSERT INTO public."CheapHerder_product_price" ( item_code_id, price_id_id ) values ( '260447682', 1027 );
INSERT INTO public."CheapHerder_price" ( price_id, quantity, price ) values ( 1028, 25, 10.58 );
INSERT INTO public."CheapHerder_product_price" ( item_code_id, price_id_id ) values ( '260447682', 1028 );
INSERT INTO public."CheapHerder_price" ( price_id, quantity, price ) values ( 1029, 84, 10.22 );
INSERT INTO public."CheapHerder_product_price" ( item_code_id, price_id_id ) values ( '260447682', 1029 );
INSERT INTO public."CheapHerder_product" (item_code, product_name, category, description, quantity, package_size, gross_weight, image_url) values ('387724535', ' 100 PCS All Sizes Air Bubble Envelopes Wrap Bags Self Sealing Clear Plastic Packing Pouches Width 2.5" to 6.7" Length 3" to 8.7"', 'Bubble Cushioning Wrap', 'High Quality Clear Self Sealing Bubble Bags good for packing small items.', '1 Lot  (100 Piece/Lot)', '23.0 * 13.0 * 6.0 ( cm )', '0.25 ( kg )', 'http://www.dhresource.com/0x0s/f2-albu-g4-M00-5D-C8-rBVaEFeFv-OAfAnsAAbbXs0B4lA704.jpg/100-pcs-all-sizes-air-bubble-envelopes-wrap.jpg');
INSERT INTO public."CheapHerder_price" ( price_id, quantity, price ) values ( 1030, 1, 7.43 );
INSERT INTO public."CheapHerder_product_price" ( item_code_id, price_id_id ) values ( '387724535', 1030 );
INSERT INTO public."CheapHerder_price" ( price_id, quantity, price ) values ( 1031, 2, 6.69 );
INSERT INTO public."CheapHerder_product_price" ( item_code_id, price_id_id ) values ( '387724535', 1031 );
INSERT INTO public."CheapHerder_price" ( price_id, quantity, price ) values ( 1032, 50, 6.10 );
INSERT INTO public."CheapHerder_product_price" ( item_code_id, price_id_id ) values ( '387724535', 1032 );
INSERT INTO public."CheapHerder_price" ( price_id, quantity, price ) values ( 1033, 171, 5.88 );
INSERT INTO public."CheapHerder_product_price" ( item_code_id, price_id_id ) values ( '387724535', 1033 );
INSERT INTO public."CheapHerder_product" (item_code, product_name, category, description, quantity, package_size, gross_weight, image_url) values ('389245461', ' Cute 20 sets/lot Sticker Bookmark Tab Flags Memo Book Marker Sticky Notes School Office Paper Stationery New Kid Prize Gift', 'Notes', 'Feature: Cute lovely style, fashion new Convenient to use. Gift prize. Portable and durable It is Sticky Stickers size: 85mm X 80mm Material: Paper 1 set= 20 sheets sticky paper Shape and color: random send.', '1 Lot  (20 Piece/Lot)', '2.0 * 2.0 * 2.0 ( cm )', '0.2 ( kg )', 'http://www.dhresource.com/0x0s/f2-albu-g4-M01-A8-CD-rBVaEVe2f2CAfMG0AAFLgssxi9I928.jpg/cute-20-sets-lot-sticker-bookmark-tab-flags.jpg');
INSERT INTO public."CheapHerder_price" ( price_id, quantity, price ) values ( 1034, 1, 10.38 );
INSERT INTO public."CheapHerder_product_price" ( item_code_id, price_id_id ) values ( '389245461', 1034 );
INSERT INTO public."CheapHerder_price" ( price_id, quantity, price ) values ( 1035, 27, 9.46 );
INSERT INTO public."CheapHerder_product_price" ( item_code_id, price_id_id ) values ( '389245461', 1035 );
INSERT INTO public."CheapHerder_price" ( price_id, quantity, price ) values ( 1036, 94, 9.13 );
INSERT INTO public."CheapHerder_product_price" ( item_code_id, price_id_id ) values ( '389245461', 1036 );
INSERT INTO public."CheapHerder_product" (item_code, product_name, category, description, quantity, package_size, gross_weight, image_url) values ('403117430', ' hot sell various styles Mini ballpoint pen school office stationery luxury Writing birthday Gift refill pens M8', 'Ballpoint Pens', 'Pen Condition:100% New.writing: smooth. Length: 11cm approx.', '1  Piece', '20.0 * 10.0 * 3.0 ( cm )', '0.06 ( kg )', 'http://www.dhresource.com/0x0s/f2-albu-g5-M01-A1-87-rBVaI1mFbJqAJI6hAADPMelMRGc692.jpg/hot-sell-various-styles-mini-ballpoint-pen.jpg');
INSERT INTO public."CheapHerder_price" ( price_id, quantity, price ) values ( 1037, 1, 7.18 );
INSERT INTO public."CheapHerder_product_price" ( item_code_id, price_id_id ) values ( '403117430', 1037 );
INSERT INTO public."CheapHerder_price" ( price_id, quantity, price ) values ( 1038, 3, 6.96 );
INSERT INTO public."CheapHerder_product_price" ( item_code_id, price_id_id ) values ( '403117430', 1038 );
INSERT INTO public."CheapHerder_price" ( price_id, quantity, price ) values ( 1039, 5, 6.75 );
INSERT INTO public."CheapHerder_product_price" ( item_code_id, price_id_id ) values ( '403117430', 1039 );
INSERT INTO public."CheapHerder_price" ( price_id, quantity, price ) values ( 1040, 36, 6.15 );
INSERT INTO public."CheapHerder_product_price" ( item_code_id, price_id_id ) values ( '403117430', 1040 );
INSERT INTO public."CheapHerder_price" ( price_id, quantity, price ) values ( 1041, 124, 5.93 );
INSERT INTO public."CheapHerder_product_price" ( item_code_id, price_id_id ) values ( '403117430', 1041 );
INSERT INTO public."CheapHerder_product" (item_code, product_name, category, description, quantity, package_size, gross_weight, image_url) values ('386446336', ' 13pcs blade grinder whe saw kit renovator tools solid durable good quality for multimaster oscillating power tools parts', 'Tool Box', 'Mini Woodworking saw consumables, woodworking saw blade, good quality, affordable, good service!', '1 Lot  (13 Piece/Lot)', '15.0 * 5.0 * 5.0 ( cm )', '0.2 ( kg )', 'http://www.dhresource.com/0x0s/f2-albu-g4-M00-39-87-rBVaEVdg576AAxvlAAUjsfuzcCI587.jpg/13pcs-blade-grinder-whe-saw-kit-renovator.jpg');
INSERT INTO public."CheapHerder_price" ( price_id, quantity, price ) values ( 1042, 1, 19.11 );
INSERT INTO public."CheapHerder_product_price" ( item_code_id, price_id_id ) values ( '386446336', 1042 );
INSERT INTO public."CheapHerder_price" ( price_id, quantity, price ) values ( 1043, 17, 17.42 );
INSERT INTO public."CheapHerder_product_price" ( item_code_id, price_id_id ) values ( '386446336', 1043 );
INSERT INTO public."CheapHerder_price" ( price_id, quantity, price ) values ( 1044, 56, 16.81 );
INSERT INTO public."CheapHerder_product_price" ( item_code_id, price_id_id ) values ( '386446336', 1044 );
INSERT INTO public."CheapHerder_product" (item_code, product_name, category, description, quantity, package_size, gross_weight, image_url) values ('238989165', ' Cheapest Useful Banknotes Detector Tester Pens Money Counterfeit Marker Fake Detector Security Bank Notes Checker D-etector Pen', 'Card Encoders & Readers', 'Cheap pen ideas, Buy Quality pen painting directly from China pen penguin Suppliers: Item Description:These items are convenient for your bank note checking, which are widely applied in office, home, s', '1  Piece', '15.0 * 4.0 * 4.0 ( cm )', '0.03 ( kg )', 'http://www.dhresource.com/0x0s/f2-albu-g3-M01-0A-6B-rBVaHFVPjIWAcbLlAADB8bMXoL0232.jpg/cheapest-useful-banknotes-detector-tester.jpg');
INSERT INTO public."CheapHerder_price" ( price_id, quantity, price ) values ( 1045, 1, 2.86 );
INSERT INTO public."CheapHerder_product_price" ( item_code_id, price_id_id ) values ( '238989165', 1045 );
INSERT INTO public."CheapHerder_price" ( price_id, quantity, price ) values ( 1046, 116, 2.61 );
INSERT INTO public."CheapHerder_product_price" ( item_code_id, price_id_id ) values ( '238989165', 1046 );
INSERT INTO public."CheapHerder_price" ( price_id, quantity, price ) values ( 1047, 398, 2.52 );
INSERT INTO public."CheapHerder_product_price" ( item_code_id, price_id_id ) values ( '238989165', 1047 );
INSERT INTO public."CheapHerder_product" (item_code, product_name, category, description, quantity, package_size, gross_weight, image_url) values ('399313540', ' 12 Colors MB High Quality Stationery Collection Princesse Grace de Monaco Ballpoint Pen + 3 Additional Refills', 'Ballpoint Pens', 'CAUTION ! WE don''t PROVIDE THE GIFT BOX WITH THIS PRODUCT !', '1  Piece', '17.0 * 11.0 * 3.0 ( cm )', '0.1 ( kg )', 'http://www.dhresource.com/0x0s/f2-albu-g5-M01-F9-E9-rBVaJFkPt0iAXg66AADvSvSsqwY408.jpg/12-colors-mb-high-quality-stationery-collection.jpg');
INSERT INTO public."CheapHerder_price" ( price_id, quantity, price ) values ( 1048, 1, 26.11 );
INSERT INTO public."CheapHerder_product_price" ( item_code_id, price_id_id ) values ( '399313540', 1048 );
INSERT INTO public."CheapHerder_price" ( price_id, quantity, price ) values ( 1049, 11, 23.80 );
INSERT INTO public."CheapHerder_product_price" ( item_code_id, price_id_id ) values ( '399313540', 1049 );
INSERT INTO public."CheapHerder_price" ( price_id, quantity, price ) values ( 1050, 38, 22.97 );
INSERT INTO public."CheapHerder_product_price" ( item_code_id, price_id_id ) values ( '399313540', 1050 );
INSERT INTO public."CheapHerder_product" (item_code, product_name, category, description, quantity, package_size, gross_weight, image_url) values ('265627293', ' Wholesale-New 150x200 mm Bubble Envelopes Wrap Bags Pouches packaging PE Mailer Packing package Free Shipping', 'Protective Packaging', 'Cheap envelope mailing, Buy Quality package paper directly from China envelope services Suppliers: Size:15x20cm', '1 Lot  (200 Piece/Lot)', '30.0 * 20.0 * 225.0 ( cm )', '0.4 ( kg )', 'http://www.dhresource.com/0x0s/f2-albu-g1-M01-4C-41-rBVaGVZIFjGAOTl6AAKnbskbo1s432.jpg/wholesale-new-150x200-mm-bubble-envelopes.jpg');
INSERT INTO public."CheapHerder_price" ( price_id, quantity, price ) values ( 1051, 1, 16.33 );
INSERT INTO public."CheapHerder_product_price" ( item_code_id, price_id_id ) values ( '265627293', 1051 );
INSERT INTO public."CheapHerder_price" ( price_id, quantity, price ) values ( 1052, 2, 15.83 );
INSERT INTO public."CheapHerder_product_price" ( item_code_id, price_id_id ) values ( '265627293', 1052 );
INSERT INTO public."CheapHerder_price" ( price_id, quantity, price ) values ( 1053, 14, 14.43 );
INSERT INTO public."CheapHerder_product_price" ( item_code_id, price_id_id ) values ( '265627293', 1053 );
INSERT INTO public."CheapHerder_price" ( price_id, quantity, price ) values ( 1054, 48, 13.93 );
INSERT INTO public."CheapHerder_product_price" ( item_code_id, price_id_id ) values ( '265627293', 1054 );
INSERT INTO public."CheapHerder_product" (item_code, product_name, category, description, quantity, package_size, gross_weight, image_url) values ('264649403', ' Dispensing-Syringes-Barrels-Tips-Caps-3ml-5ml-10ml-20ml-30ml', 'Other Electronic Components', 'This 3 ml 5 ml 10 ml 20 ml 30 ml size is great distribution adhesives, glue, grease, oil, paste, all kinds of plastic. Also ideal for mixing liquid fertilizer hydroponic setup. Can be used to fill an inkjet printer cartridges. The syringe can be used directly, or can be screwed into it comprises prompting. Luer lock tips to taper wedge slide and skid prompted the syringe. Luer lock syringe cap is screwed onto the tip provides a seal to prevent the contents from leaking or drying.', '1  Set', '10.0 * 6.0 * 6.0 ( cm )', '0.15 ( kg )', 'http://www.dhresource.com/0x0s/f2-albu-g3-M00-3D-95-rBVaHVZBgGiAfEtNAAHYrchfUNA539.jpg/dispensing-syringes-barrels-tips-caps-3ml.jpg');
INSERT INTO public."CheapHerder_price" ( price_id, quantity, price ) values ( 1055, 1, 9.67 );
INSERT INTO public."CheapHerder_product_price" ( item_code_id, price_id_id ) values ( '264649403', 1055 );
INSERT INTO public."CheapHerder_price" ( price_id, quantity, price ) values ( 1056, 10, 7.52 );
INSERT INTO public."CheapHerder_product_price" ( item_code_id, price_id_id ) values ( '264649403', 1056 );
INSERT INTO public."CheapHerder_price" ( price_id, quantity, price ) values ( 1057, 20, 5.38 );
INSERT INTO public."CheapHerder_product_price" ( item_code_id, price_id_id ) values ( '264649403', 1057 );
INSERT INTO public."CheapHerder_price" ( price_id, quantity, price ) values ( 1058, 50, 4.31 );
INSERT INTO public."CheapHerder_product_price" ( item_code_id, price_id_id ) values ( '264649403', 1058 );
INSERT INTO public."CheapHerder_price" ( price_id, quantity, price ) values ( 1059, 72, 3.92 );
INSERT INTO public."CheapHerder_product_price" ( item_code_id, price_id_id ) values ( '264649403', 1059 );
INSERT INTO public."CheapHerder_price" ( price_id, quantity, price ) values ( 1060, 249, 3.79 );
INSERT INTO public."CheapHerder_product_price" ( item_code_id, price_id_id ) values ( '264649403', 1060 );
INSERT INTO public."CheapHerder_product" (item_code, product_name, category, description, quantity, package_size, gross_weight, image_url) values ('387251328', ' Wholesale-NEWEST RFID Starter Kit for Arduino UNO R3 Upgraded version Learning Suite With Retail Box', 'Electronic Accessories Supplies', 'Cheap kit cylinder, Buy Quality kit directly from China kit car electrical supplies Suppliers: UpgradedVersionofStarterKitRFIDStepperMotorLearningKit', '1  Set', '21.0 * 16.0 * 6.0 ( cm )', '0.65 ( kg )', 'http://www.dhresource.com/0x0s/f2-albu-g4-M01-76-A7-rBVaEVd33s2AHZ2EAAGIpWcgaxU784.jpg/wholesale-newest-rfid-starter-kit-for-arduino.jpg');
INSERT INTO public."CheapHerder_price" ( price_id, quantity, price ) values ( 1061, 1, 33.16 );
INSERT INTO public."CheapHerder_product_price" ( item_code_id, price_id_id ) values ( '387251328', 1061 );
INSERT INTO public."CheapHerder_price" ( price_id, quantity, price ) values ( 1062, 2, 32.17 );
INSERT INTO public."CheapHerder_product_price" ( item_code_id, price_id_id ) values ( '387251328', 1062 );
INSERT INTO public."CheapHerder_price" ( price_id, quantity, price ) values ( 1063, 7, 29.32 );
INSERT INTO public."CheapHerder_product_price" ( item_code_id, price_id_id ) values ( '387251328', 1063 );
INSERT INTO public."CheapHerder_price" ( price_id, quantity, price ) values ( 1064, 24, 28.29 );
INSERT INTO public."CheapHerder_product_price" ( item_code_id, price_id_id ) values ( '387251328', 1064 );
INSERT INTO public."CheapHerder_product" (item_code, product_name, category, description, quantity, package_size, gross_weight, image_url) values ('269367355', ' 100pcs/lot Hot sale Super Strong Round Disc Cylinder 12 x 1.5mm Magnets Rare Earth Neodymium Free Shipping', 'Magnets', 'Ages:7+ ages, both for kids and adults. Magnetic Size: D12mm x 1.5mm Quantity: 100pcs Rating: N35 Material: NdFeB ( Neodymium ) Magnets Type: Neodymium', '1 Lot  (100 Piece/Lot)', '2.0 * 2.0 * 2.0 ( cm )', '0.5 ( kg )', 'http://www.dhresource.com/0x0s/f2-albu-g3-M01-06-D8-rBVaHFZk-jKAN9iHAACtCoHvoy8815.jpg/100pcs-lot-hot-sale-super-strong-round-disc.jpg');
INSERT INTO public."CheapHerder_price" ( price_id, quantity, price ) values ( 1065, 1, 10.86 );
INSERT INTO public."CheapHerder_product_price" ( item_code_id, price_id_id ) values ( '269367355', 1065 );
INSERT INTO public."CheapHerder_price" ( price_id, quantity, price ) values ( 1066, 10, 10.21 );
INSERT INTO public."CheapHerder_product_price" ( item_code_id, price_id_id ) values ( '269367355', 1066 );
INSERT INTO public."CheapHerder_price" ( price_id, quantity, price ) values ( 1067, 30, 9.45 );
INSERT INTO public."CheapHerder_product_price" ( item_code_id, price_id_id ) values ( '269367355', 1067 );
INSERT INTO public."CheapHerder_price" ( price_id, quantity, price ) values ( 1068, 34, 8.62 );
INSERT INTO public."CheapHerder_product_price" ( item_code_id, price_id_id ) values ( '269367355', 1068 );
INSERT INTO public."CheapHerder_price" ( price_id, quantity, price ) values ( 1069, 115, 8.31 );
INSERT INTO public."CheapHerder_product_price" ( item_code_id, price_id_id ) values ( '269367355', 1069 );
INSERT INTO public."CheapHerder_product" (item_code, product_name, category, description, quantity, package_size, gross_weight, image_url) values ('380055284', ' Big Mouth Toys Mini Curbside Trash Pencil holder Recycle Can Case Table Pen Holder Storage Stationery Office Organizer Tools', 'Business Card Files', 'description: material:plastic color:red/green/blue/purple(send mix colors) size:approach 14*61*68mm function:table holder', '1  Piece', '15.0 * 20.0 * 10.0 ( cm )', '0.2 ( kg )', 'http://www.dhresource.com/0x0s/f2-albu-g4-M01-14-84-rBVaEFcXfGiAALk3AAIwS4S4aVQ985.jpg/big-mouth-toys-mini-curbside-trash-pencil.jpg');
INSERT INTO public."CheapHerder_price" ( price_id, quantity, price ) values ( 1070, 2, 5.11 );
INSERT INTO public."CheapHerder_product_price" ( item_code_id, price_id_id ) values ( '380055284', 1070 );
INSERT INTO public."CheapHerder_price" ( price_id, quantity, price ) values ( 1071, 20, 4.35 );
INSERT INTO public."CheapHerder_product_price" ( item_code_id, price_id_id ) values ( '380055284', 1071 );
INSERT INTO public."CheapHerder_price" ( price_id, quantity, price ) values ( 1072, 72, 3.96 );
INSERT INTO public."CheapHerder_product_price" ( item_code_id, price_id_id ) values ( '380055284', 1072 );
INSERT INTO public."CheapHerder_price" ( price_id, quantity, price ) values ( 1073, 120, 3.56 );
INSERT INTO public."CheapHerder_product_price" ( item_code_id, price_id_id ) values ( '380055284', 1073 );
INSERT INTO public."CheapHerder_price" ( price_id, quantity, price ) values ( 1074, 277, 3.44 );
INSERT INTO public."CheapHerder_product_price" ( item_code_id, price_id_id ) values ( '380055284', 1074 );
INSERT INTO public."CheapHerder_price" ( price_id, quantity, price ) values ( 1075, 600, 2.68 );
INSERT INTO public."CheapHerder_product_price" ( item_code_id, price_id_id ) values ( '380055284', 1075 );
INSERT INTO public."CheapHerder_product" (item_code, product_name, category, description, quantity, package_size, gross_weight, image_url) values ('398005359', ' HSU-07 HDK Humidity module Humidity sensor module HSU-07A1-N', 'Other Electronic Components', 'Humidity sensors can be used for refrigerators, air conditioners, dehumidifiers, humidifiers, temperature / hygrometers, various electronic perpetrators, etc., on electronic products. Humidity sensing module HSU-07', '1  Piece', '10.0 * 5.0 * 5.0 ( cm )', '0.1 ( kg )', 'http://www.dhresource.com/0x0s/f2-albu-g5-M01-15-01-rBVaJFjk-NyAb_RBAANvCbRzPVY343.jpg/hsu-07-hdk-humidity-module-humidity-sensor.jpg');
INSERT INTO public."CheapHerder_price" ( price_id, quantity, price ) values ( 1076, 1, 12.00 );
INSERT INTO public."CheapHerder_product_price" ( item_code_id, price_id_id ) values ( '398005359', 1076 );
INSERT INTO public."CheapHerder_price" ( price_id, quantity, price ) values ( 1077, 2, 11.20 );
INSERT INTO public."CheapHerder_product_price" ( item_code_id, price_id_id ) values ( '398005359', 1077 );
INSERT INTO public."CheapHerder_price" ( price_id, quantity, price ) values ( 1078, 30, 10.21 );
INSERT INTO public."CheapHerder_product_price" ( item_code_id, price_id_id ) values ( '398005359', 1078 );
INSERT INTO public."CheapHerder_price" ( price_id, quantity, price ) values ( 1079, 102, 9.85 );
INSERT INTO public."CheapHerder_product_price" ( item_code_id, price_id_id ) values ( '398005359', 1079 );
INSERT INTO public."CheapHerder_product" (item_code, product_name, category, description, quantity, package_size, gross_weight, image_url) values ('208357039', ' Bubble Wrap Protects odd-shaped or long items Bubble Tubing Roll - 16 x 100', 'Bubble Cushioning Wrap', 'Bubble Wrap Protects odd-shaped or long items Bubble Tubing Roll - 16 x 100', '1  Piece', '16.0 * 50.0 * 50.0 ( cm )', '5.0 ( kg )', 'http://www.dhresource.com/albu_902706348_00-1.0x0/bubble-wrap-protects-odd-shaped-or-long-items.jpg');
INSERT INTO public."CheapHerder_price" ( price_id, quantity, price ) values ( 1080, 10, 49.74 );
INSERT INTO public."CheapHerder_product_price" ( item_code_id, price_id_id ) values ( '208357039', 1080 );
INSERT INTO public."CheapHerder_price" ( price_id, quantity, price ) values ( 1081, 21, 47.99 );
INSERT INTO public."CheapHerder_product_price" ( item_code_id, price_id_id ) values ( '208357039', 1081 );
INSERT INTO public."CheapHerder_product" (item_code, product_name, category, description, quantity, package_size, gross_weight, image_url) values ('403552957', ' luxury MB black resin M nib Fountain pen school office stationery hot sell brand Magnetic closing cap business gift ink pens', 'Fountain Pens', 'Pen Condition:100% New. Writing Point:0.7mm. Length:13.5cm approx. Wight:38g approx. pen color:black', '1  Piece', '20.0 * 15.0 * 3.0 ( cm )', '0.08 ( kg )', 'http://www.dhresource.com/0x0s/f2-albu-g5-M01-D2-13-rBVaI1mSwkWAFV2RAAHIQMjtoQE429.jpg/luxury-mb-black-resin-m-nib-fountain-pen.jpg');
INSERT INTO public."CheapHerder_price" ( price_id, quantity, price ) values ( 1082, 1, 21.26 );
INSERT INTO public."CheapHerder_product_price" ( item_code_id, price_id_id ) values ( '403552957', 1082 );
INSERT INTO public."CheapHerder_price" ( price_id, quantity, price ) values ( 1083, 5, 20.63 );
INSERT INTO public."CheapHerder_product_price" ( item_code_id, price_id_id ) values ( '403552957', 1083 );
INSERT INTO public."CheapHerder_price" ( price_id, quantity, price ) values ( 1084, 10, 19.98 );
INSERT INTO public."CheapHerder_product_price" ( item_code_id, price_id_id ) values ( '403552957', 1084 );
INSERT INTO public."CheapHerder_price" ( price_id, quantity, price ) values ( 1085, 13, 18.22 );
INSERT INTO public."CheapHerder_product_price" ( item_code_id, price_id_id ) values ( '403552957', 1085 );
INSERT INTO public."CheapHerder_price" ( price_id, quantity, price ) values ( 1086, 43, 17.57 );
INSERT INTO public."CheapHerder_product_price" ( item_code_id, price_id_id ) values ( '403552957', 1086 );
INSERT INTO public."CheapHerder_product" (item_code, product_name, category, description, quantity, package_size, gross_weight, image_url) values ('401015262', ' Children Pencil Case Cartoon Bus Car Stationery Bag Cute Animals Canvas Pencil Bags For Boys Girls School Supplies Toys Gifts Free DHL 208', 'Pencil Bags', 'Best quality and competitive price. Have many colors to choose. With opp bag package. Free shipping. Factory cheap wholesale. For children stationery bag.', '1  Piece', '30.0 * 30.0 * 30.0 ( cm )', '0.1 ( kg )', 'http://www.dhresource.com/0x0s/f2-albu-g5-M00-A3-C7-rBVaI1lB6deARdzkAAh6tSv5km4680.jpg/children-pencil-case-cartoon-bus-car-stationery.jpg');
INSERT INTO public."CheapHerder_price" ( price_id, quantity, price ) values ( 1087, 30, 2.01 );
INSERT INTO public."CheapHerder_product_price" ( item_code_id, price_id_id ) values ( '401015262', 1087 );
INSERT INTO public."CheapHerder_price" ( price_id, quantity, price ) values ( 1088, 50, 1.68 );
INSERT INTO public."CheapHerder_product_price" ( item_code_id, price_id_id ) values ( '401015262', 1088 );
INSERT INTO public."CheapHerder_price" ( price_id, quantity, price ) values ( 1089, 80, 1.58 );
INSERT INTO public."CheapHerder_product_price" ( item_code_id, price_id_id ) values ( '401015262', 1089 );
INSERT INTO public."CheapHerder_price" ( price_id, quantity, price ) values ( 1090, 100, 1.53 );
INSERT INTO public."CheapHerder_product_price" ( item_code_id, price_id_id ) values ( '401015262', 1090 );
INSERT INTO public."CheapHerder_price" ( price_id, quantity, price ) values ( 1091, 199, 1.40 );
INSERT INTO public."CheapHerder_product_price" ( item_code_id, price_id_id ) values ( '401015262', 1091 );
INSERT INTO public."CheapHerder_price" ( price_id, quantity, price ) values ( 1092, 687, 1.34 );
INSERT INTO public."CheapHerder_product_price" ( item_code_id, price_id_id ) values ( '401015262', 1092 );
INSERT INTO public."CheapHerder_product" (item_code, product_name, category, description, quantity, package_size, gross_weight, image_url) values ('378082287', ' Factory direct round 3cm ''Thank You'' Typeface Brown Kraft Paper Stickers For Envelopes Card Bag sealing sticker', 'Adhesive Stickers', 'Usage:For gift bag / box Seal Label. Size:3cm (1 Pcs Sticker). Material:Kraft Paper. Word color: black. Packing:100pcs/lot. Shipping: Free Shipping', '1 Lot  (100 Piece/Lot)', '15.0 * 12.0 * 2.0 ( cm )', '0.02 ( kg )', 'http://www.dhresource.com/0x0s/f2-albu-g4-M01-DB-5F-rBVaEVb_LZaAWf2_AAMf0rZhfos359.jpg/factory-direct-round-3cm-039-thank-you-039.jpg');
INSERT INTO public."CheapHerder_price" ( price_id, quantity, price ) values ( 1093, 1, 3.43 );
INSERT INTO public."CheapHerder_product_price" ( item_code_id, price_id_id ) values ( '378082287', 1093 );
INSERT INTO public."CheapHerder_price" ( price_id, quantity, price ) values ( 1094, 5, 2.40 );
INSERT INTO public."CheapHerder_product_price" ( item_code_id, price_id_id ) values ( '378082287', 1094 );
INSERT INTO public."CheapHerder_price" ( price_id, quantity, price ) values ( 1095, 10, 1.72 );
INSERT INTO public."CheapHerder_product_price" ( item_code_id, price_id_id ) values ( '378082287', 1095 );
INSERT INTO public."CheapHerder_price" ( price_id, quantity, price ) values ( 1096, 20, 1.38 );
INSERT INTO public."CheapHerder_product_price" ( item_code_id, price_id_id ) values ( '378082287', 1096 );
INSERT INTO public."CheapHerder_price" ( price_id, quantity, price ) values ( 1097, 240, 1.25 );
INSERT INTO public."CheapHerder_product_price" ( item_code_id, price_id_id ) values ( '378082287', 1097 );
INSERT INTO public."CheapHerder_price" ( price_id, quantity, price ) values ( 1098, 830, 1.21 );
INSERT INTO public."CheapHerder_product_price" ( item_code_id, price_id_id ) values ( '378082287', 1098 );
INSERT INTO public."CheapHerder_product" (item_code, product_name, category, description, quantity, package_size, gross_weight, image_url) values ('404512663', ' $1/2/5/10/20/50/100 Dollars Fake Paper Money Bank USA Training Collect Learning Banknotes 100Pcs/Set', 'Other Office & School Supplies', 'Purchasing tips: The training Banknote Not legal tender, This is not in circulation with Chinese warning specifications on surface Please don''t take this the wrong way!!!', '1  Set', '20.0 * 10.0 * 10.0 ( cm )', '0.2 ( kg )', 'http://www.dhresource.com/0x0s/f2-albu-g5-M01-32-85-rBVaI1m1M82AWiyxAAC3pcN4KVc760.jpg/1-2-5-10-20-50-100-dollars-fake-paper-money.jpg');
INSERT INTO public."CheapHerder_price" ( price_id, quantity, price ) values ( 1099, 1, 9.76 );
INSERT INTO public."CheapHerder_product_price" ( item_code_id, price_id_id ) values ( '404512663', 1099 );
INSERT INTO public."CheapHerder_price" ( price_id, quantity, price ) values ( 1100, 2, 8.85 );
INSERT INTO public."CheapHerder_product_price" ( item_code_id, price_id_id ) values ( '404512663', 1100 );
INSERT INTO public."CheapHerder_price" ( price_id, quantity, price ) values ( 1101, 12, 7.04 );
INSERT INTO public."CheapHerder_product_price" ( item_code_id, price_id_id ) values ( '404512663', 1101 );
INSERT INTO public."CheapHerder_price" ( price_id, quantity, price ) values ( 1102, 42, 6.42 );
INSERT INTO public."CheapHerder_product_price" ( item_code_id, price_id_id ) values ( '404512663', 1102 );
INSERT INTO public."CheapHerder_price" ( price_id, quantity, price ) values ( 1103, 143, 6.20 );
INSERT INTO public."CheapHerder_product_price" ( item_code_id, price_id_id ) values ( '404512663', 1103 );
INSERT INTO public."CheapHerder_price" ( price_id, quantity, price ) values ( 1104, 10000, 2.22 );
INSERT INTO public."CheapHerder_product_price" ( item_code_id, price_id_id ) values ( '404512663', 1104 );
INSERT INTO public."CheapHerder_product" (item_code, product_name, category, description, quantity, package_size, gross_weight, image_url) values ('396187448', ' 20pcs/lot 20.5*8.5cmDIY White canvas blank plain zipper Pencil pen bags stationery cases clutch organizer bag Gift storage pouch', 'Pencil Bags', 'Color:5colors size=20.5*8.5cm sales model:single order and mix order material:canvas quantity:20 items per lot', '1  Piece', '25.0 * 10.0 * 10.0 ( cm )', '0.7 ( kg )', 'http://www.dhresource.com/0x0s/f2-albu-g5-M01-46-24-rBVaJFilKDiAA7rDAAd1bhXUcqE137.jpg/20pcs-lot-20-5-8-5cmdiy-white-canvas-blank.jpg');
INSERT INTO public."CheapHerder_price" ( price_id, quantity, price ) values ( 1105, 20, 1.49 );
INSERT INTO public."CheapHerder_product_price" ( item_code_id, price_id_id ) values ( '396187448', 1105 );
INSERT INTO public."CheapHerder_price" ( price_id, quantity, price ) values ( 1106, 100, 1.35 );
INSERT INTO public."CheapHerder_product_price" ( item_code_id, price_id_id ) values ( '396187448', 1106 );
INSERT INTO public."CheapHerder_price" ( price_id, quantity, price ) values ( 1107, 245, 1.23 );
INSERT INTO public."CheapHerder_product_price" ( item_code_id, price_id_id ) values ( '396187448', 1107 );
INSERT INTO public."CheapHerder_price" ( price_id, quantity, price ) values ( 1108, 500, 0.71 );
INSERT INTO public."CheapHerder_product_price" ( item_code_id, price_id_id ) values ( '396187448', 1108 );
INSERT INTO public."CheapHerder_price" ( price_id, quantity, price ) values ( 1109, 1000, 0.65 );
INSERT INTO public."CheapHerder_product_price" ( item_code_id, price_id_id ) values ( '396187448', 1109 );
INSERT INTO public."CheapHerder_price" ( price_id, quantity, price ) values ( 1110, 1605, 0.63 );
INSERT INTO public."CheapHerder_product_price" ( item_code_id, price_id_id ) values ( '396187448', 1110 );
INSERT INTO public."CheapHerder_product" (item_code, product_name, category, description, quantity, package_size, gross_weight, image_url) values ('396528398', ' Refillable 10ml Thick Roll On Glass Bottles Essential Oil Steel Metal Roller Ball Fragrance Perfume', 'Packing Bottles', 'Item Type: Refillable Bottles Size: 10ml Bottle material: glass Cap material: plastic Cap color: black Bottle color: Blue Amber green Violet free shipping: Yes customed: Yes mini glass bottle : glass bottles essential ails', '1  Piece', '15.0 * 20.0 * 10.0 ( cm )', '0.05 ( kg )', 'http://www.dhresource.com/0x0s/f2-albu-g5-M01-FA-94-rBVaJFiyi2uADQU_AAOtCXOyVYE228.jpg/refillable-10ml-thick-roll-on-glass-bottles.jpg');
INSERT INTO public."CheapHerder_price" ( price_id, quantity, price ) values ( 1111, 10, 1.25 );
INSERT INTO public."CheapHerder_product_price" ( item_code_id, price_id_id ) values ( '396528398', 1111 );
INSERT INTO public."CheapHerder_price" ( price_id, quantity, price ) values ( 1112, 265, 1.14 );
INSERT INTO public."CheapHerder_product_price" ( item_code_id, price_id_id ) values ( '396528398', 1112 );
INSERT INTO public."CheapHerder_price" ( price_id, quantity, price ) values ( 1113, 400, 1.03 );
INSERT INTO public."CheapHerder_product_price" ( item_code_id, price_id_id ) values ( '396528398', 1113 );
INSERT INTO public."CheapHerder_price" ( price_id, quantity, price ) values ( 1114, 1016, 0.99 );
INSERT INTO public."CheapHerder_product_price" ( item_code_id, price_id_id ) values ( '396528398', 1114 );
INSERT INTO public."CheapHerder_price" ( price_id, quantity, price ) values ( 1115, 1500, 0.96 );
INSERT INTO public."CheapHerder_product_price" ( item_code_id, price_id_id ) values ( '396528398', 1115 );
INSERT INTO public."CheapHerder_price" ( price_id, quantity, price ) values ( 1116, 5000, 0.93 );
INSERT INTO public."CheapHerder_product_price" ( item_code_id, price_id_id ) values ( '396528398', 1116 );
INSERT INTO public."CheapHerder_product" (item_code, product_name, category, description, quantity, package_size, gross_weight, image_url) values ('401861697', ' 50pcs/lot 4.8x4.8x12.4cm/14.5cm 100ml Kraft Paper Essence Oil bottle packaging box Gift Boxes Cosmetics package two truck end valve tubes', 'Packing Boxes', 'Size: length 4.8cm* width 4.8cm* height 12.4cm (approx. 1.87"*1.87"*4.83" )', '1 Lot  (50 Piece/Lot)', '25.0 * 15.0 * 5.0 ( cm )', '1.0 ( kg )', 'http://www.dhresource.com/0x0s/f2-albu-g5-M00-24-17-rBVaI1ld6VOAL_6wAAWVqb7BBrQ739.jpg/50pcs-lot-4-8x4-8x12-4cm-14-5cm-100ml-kraft.jpg');
INSERT INTO public."CheapHerder_price" ( price_id, quantity, price ) values ( 1117, 1, 31.28 );
INSERT INTO public."CheapHerder_product_price" ( item_code_id, price_id_id ) values ( '401861697', 1117 );
INSERT INTO public."CheapHerder_price" ( price_id, quantity, price ) values ( 1118, 5, 30.34 );
INSERT INTO public."CheapHerder_product_price" ( item_code_id, price_id_id ) values ( '401861697', 1118 );
INSERT INTO public."CheapHerder_price" ( price_id, quantity, price ) values ( 1119, 10, 27.08 );
INSERT INTO public."CheapHerder_product_price" ( item_code_id, price_id_id ) values ( '401861697', 1119 );
INSERT INTO public."CheapHerder_price" ( price_id, quantity, price ) values ( 1120, 15, 25.65 );
INSERT INTO public."CheapHerder_product_price" ( item_code_id, price_id_id ) values ( '401861697', 1120 );
INSERT INTO public."CheapHerder_price" ( price_id, quantity, price ) values ( 1121, 37, 24.75 );
INSERT INTO public."CheapHerder_product_price" ( item_code_id, price_id_id ) values ( '401861697', 1121 );
INSERT INTO public."CheapHerder_product" (item_code, product_name, category, description, quantity, package_size, gross_weight, image_url) values ('393020200', ' 200pc/lot Random Pattern Shopping Bags Mini Plastic Gift Bags For Birthday Gift Package 9 x 15cm', 'Packing Bags', 'Pattern:many styles Color:White Dimension:9*15cm(3.5*5.9 inch) Measured by Hand ,exsiting about 0-0.5cm difference', '1 Lot  (200 Piece/Lot)', '9.0 * 9.0 * 9.0 ( cm )', '0.5 ( kg )', 'http://www.dhresource.com/0x0s/f2-albu-g5-M01-66-33-rBVaI1grGzGAVm0CAACTjZdxvGE906.jpg/200pc-lot-random-pattern-shopping-bags-mini.jpg');
INSERT INTO public."CheapHerder_price" ( price_id, quantity, price ) values ( 1122, 1, 6.79 );
INSERT INTO public."CheapHerder_product_price" ( item_code_id, price_id_id ) values ( '393020200', 1122 );
INSERT INTO public."CheapHerder_price" ( price_id, quantity, price ) values ( 1123, 36, 6.19 );
INSERT INTO public."CheapHerder_product_price" ( item_code_id, price_id_id ) values ( '393020200', 1123 );
INSERT INTO public."CheapHerder_price" ( price_id, quantity, price ) values ( 1124, 51, 5.64 );
INSERT INTO public."CheapHerder_product_price" ( item_code_id, price_id_id ) values ( '393020200', 1124 );
INSERT INTO public."CheapHerder_price" ( price_id, quantity, price ) values ( 1125, 100, 4.61 );
INSERT INTO public."CheapHerder_product_price" ( item_code_id, price_id_id ) values ( '393020200', 1125 );
INSERT INTO public."CheapHerder_price" ( price_id, quantity, price ) values ( 1126, 214, 4.45 );
INSERT INTO public."CheapHerder_product_price" ( item_code_id, price_id_id ) values ( '393020200', 1126 );
INSERT INTO public."CheapHerder_price" ( price_id, quantity, price ) values ( 1127, 500, 4.40 );
INSERT INTO public."CheapHerder_product_price" ( item_code_id, price_id_id ) values ( '393020200', 1127 );
INSERT INTO public."CheapHerder_product" (item_code, product_name, category, description, quantity, package_size, gross_weight, image_url) values ('406090847', ' office gift metal Silver black Crystal Head Rotate classic mb ROLLERball PEN', 'Ballpoint Pens', 'Quality ROLLERball PEN', '1  Piece', '12.0 * 8.0 * 5.0 ( cm )', '0.05 ( kg )', 'http://www.dhresource.com/0x0s/f2-albu-g3-M00-17-BD-rBVaHVn0mt2AYjMpAAEBzAA6cnQ549.jpg/office-gift-metal-silver-black-crystal-head.jpg');
INSERT INTO public."CheapHerder_price" ( price_id, quantity, price ) values ( 1128, 1, 6.85 );
INSERT INTO public."CheapHerder_product_price" ( item_code_id, price_id_id ) values ( '406090847', 1128 );
INSERT INTO public."CheapHerder_price" ( price_id, quantity, price ) values ( 1129, 49, 6.24 );
INSERT INTO public."CheapHerder_product_price" ( item_code_id, price_id_id ) values ( '406090847', 1129 );
INSERT INTO public."CheapHerder_price" ( price_id, quantity, price ) values ( 1130, 167, 6.03 );
INSERT INTO public."CheapHerder_product_price" ( item_code_id, price_id_id ) values ( '406090847', 1130 );
INSERT INTO public."CheapHerder_product" (item_code, product_name, category, description, quantity, package_size, gross_weight, image_url) values ('398663622', ' GM320 Non-Contact Laser LCD Display IR Infrared Digital C/F Selection Surface Temperature Thermometer for Industry Home Use', 'Temperature Instruments', 'Style: Handheld Power Type: Charger Model Number: CE00100 Theory: Infrared Thermometer Max Measuring Temperature: 120C & Above Display Type: Digital Brand Name: ACEHE Display Size: 1.9 Inches & Under Usage: Measure the surface temperature Temperature range: -50 ~ 380C Accuracy: 1.5% or 1.5C Resolution: 1% or 1C Distance Spot Ratio: 12:1 Emissivity: 0.95 (fixed) Red Laser Power: less than 0.5 MW Function: C/F Selection Data Hold function Size: 140 x 85 x 35mm(L*W*H)', '1  Piece', '9.0 * 9.0 * 9.0 ( cm )', '0.35 ( kg )', 'http://www.dhresource.com/0x0s/f2-albu-g5-M00-93-53-rBVaI1j41JWADzfLAAG4n8uiJtQ021.jpg/gm320-non-contact-laser-lcd-display-ir-infrared.jpg');
INSERT INTO public."CheapHerder_price" ( price_id, quantity, price ) values ( 1131, 1, 5.22 );
INSERT INTO public."CheapHerder_product_price" ( item_code_id, price_id_id ) values ( '398663622', 1131 );
INSERT INTO public."CheapHerder_price" ( price_id, quantity, price ) values ( 1132, 64, 4.75 );
INSERT INTO public."CheapHerder_product_price" ( item_code_id, price_id_id ) values ( '398663622', 1132 );
INSERT INTO public."CheapHerder_price" ( price_id, quantity, price ) values ( 1133, 219, 4.59 );
INSERT INTO public."CheapHerder_product_price" ( item_code_id, price_id_id ) values ( '398663622', 1133 );
INSERT INTO public."CheapHerder_product" (item_code, product_name, category, description, quantity, package_size, gross_weight, image_url) values ('77926017', ' 100 Pcs 2ml Plastic Dropper Bottles Tamper Proof Edivence LDPE Dispense Liquids EYE DROP OIL E Cig Vapor Vape Juice 2 mL', 'Packing Bottles', 'Best E-Cig Liquid bottles, 3 parts each set, 100 sets per lot, White Cap available, 100% High Quality food safe plastic, Size 2 5 10 15 18 20 30 120ml, no leak promise, better quality than most Chinese sellers''', '1 Lot  (100 Set/Lot)', '1.0 * 1.0 * 1.0 ( cm )', '0.01 ( kg )', 'http://www.dhresource.com/0x0s/f2-albu-g2-M01-FB-F9-rBVaGlbosiCAKUmxAAP1zKX0ZRI483.jpg/100-pcs-2ml-plastic-dropper-bottles-tamper.jpg');
INSERT INTO public."CheapHerder_price" ( price_id, quantity, price ) values ( 1134, 1, 19.10 );
INSERT INTO public."CheapHerder_product_price" ( item_code_id, price_id_id ) values ( '77926017', 1134 );
INSERT INTO public."CheapHerder_price" ( price_id, quantity, price ) values ( 1135, 5, 17.58 );
INSERT INTO public."CheapHerder_product_price" ( item_code_id, price_id_id ) values ( '77926017', 1135 );
INSERT INTO public."CheapHerder_price" ( price_id, quantity, price ) values ( 1136, 11, 16.00 );
INSERT INTO public."CheapHerder_product_price" ( item_code_id, price_id_id ) values ( '77926017', 1136 );
INSERT INTO public."CheapHerder_price" ( price_id, quantity, price ) values ( 1137, 21, 14.59 );
INSERT INTO public."CheapHerder_product_price" ( item_code_id, price_id_id ) values ( '77926017', 1137 );
INSERT INTO public."CheapHerder_price" ( price_id, quantity, price ) values ( 1138, 51, 12.50 );
INSERT INTO public."CheapHerder_product_price" ( item_code_id, price_id_id ) values ( '77926017', 1138 );
INSERT INTO public."CheapHerder_price" ( price_id, quantity, price ) values ( 1139, 83, 12.07 );
INSERT INTO public."CheapHerder_product_price" ( item_code_id, price_id_id ) values ( '77926017', 1139 );
INSERT INTO public."CheapHerder_product" (item_code, product_name, category, description, quantity, package_size, gross_weight, image_url) values ('375233848', ' Wholesale Price 100pcs 15*22cm 220micron Thicken Aluminum Foil Bag Flat Bottom Zip Lock Bag Resealable Packaging Bags', 'Packing Bags', 'Features of Flat Bottom Aluminium Foil Zip Lock Bag: 1). With Re'' sealable zip lock options, easy to open and close 2). Extraction is on dead angle, protect sealing sex is extremely strong, leak proof quality 3). With Humanized design of tear notches on sides, which makes tearing of pouches convenient with both two sides 4). Custom: Accept and pls contact us with email: alice.621@hotmail.com 5). Advantages: Oxygen Resistance, Water Proof, Oil Proof, High Barrier', '1 Lot  (100 Piece/Lot)', '15.0 * 22.0 * 10.0 ( cm )', '0.95 ( kg )', 'http://www.dhresource.com/0x0s/f2-albu-g1-M01-ED-17-rBVaGVbZNOWAQye2AAH_ssgNl9I971.jpg/wholesale-price-100pcs-15-22cm-220micron.jpg');
INSERT INTO public."CheapHerder_price" ( price_id, quantity, price ) values ( 1140, 1, 32.18 );
INSERT INTO public."CheapHerder_product_price" ( item_code_id, price_id_id ) values ( '375233848', 1140 );
INSERT INTO public."CheapHerder_price" ( price_id, quantity, price ) values ( 1141, 3, 29.03 );
INSERT INTO public."CheapHerder_product_price" ( item_code_id, price_id_id ) values ( '375233848', 1141 );
INSERT INTO public."CheapHerder_price" ( price_id, quantity, price ) values ( 1142, 7, 25.87 );
INSERT INTO public."CheapHerder_product_price" ( item_code_id, price_id_id ) values ( '375233848', 1142 );
INSERT INTO public."CheapHerder_price" ( price_id, quantity, price ) values ( 1143, 12, 23.58 );
INSERT INTO public."CheapHerder_product_price" ( item_code_id, price_id_id ) values ( '375233848', 1143 );
INSERT INTO public."CheapHerder_price" ( price_id, quantity, price ) values ( 1144, 41, 22.75 );
INSERT INTO public."CheapHerder_product_price" ( item_code_id, price_id_id ) values ( '375233848', 1144 );
INSERT INTO public."CheapHerder_product" (item_code, product_name, category, description, quantity, package_size, gross_weight, image_url) values ('249597512', ' Free shipping , New 68pcs/set The Piano Music Pencils/Fashion Pencils/Lovely Pencil Stationery For Kid''s Gift', 'Pencils', 'These lanyards fit comfortably around the neck and are great for holding your work/school id, cell phone, camera and more. The strap is about one inch wide, made of a thick and durable polyester /Nylon fabric. You can mixed all the styles we available, Thanks for looking, if you have any questions do not hesitate to ask!', '1 Lot  (68 Piece/Lot)', '20.0 * 20.0 * 10.0 ( cm )', '0.4 ( kg )', 'http://www.dhresource.com/0x0s/f2-albu-g3-M01-BB-A5-rBVaHFW7PSaAN5n7AAFYVAvGHA0699.jpg/new-68pcs-set-the-piano-music-pencils-fashion.jpg');
INSERT INTO public."CheapHerder_price" ( price_id, quantity, price ) values ( 1145, 1, 16.00 );
INSERT INTO public."CheapHerder_product_price" ( item_code_id, price_id_id ) values ( '249597512', 1145 );
INSERT INTO public."CheapHerder_price" ( price_id, quantity, price ) values ( 1146, 3, 14.86 );
INSERT INTO public."CheapHerder_product_price" ( item_code_id, price_id_id ) values ( '249597512', 1146 );
INSERT INTO public."CheapHerder_price" ( price_id, quantity, price ) values ( 1147, 6, 13.72 );
INSERT INTO public."CheapHerder_product_price" ( item_code_id, price_id_id ) values ( '249597512', 1147 );
INSERT INTO public."CheapHerder_price" ( price_id, quantity, price ) values ( 1148, 9, 12.58 );
INSERT INTO public."CheapHerder_product_price" ( item_code_id, price_id_id ) values ( '249597512', 1148 );
INSERT INTO public."CheapHerder_price" ( price_id, quantity, price ) values ( 1149, 27, 11.46 );
INSERT INTO public."CheapHerder_product_price" ( item_code_id, price_id_id ) values ( '249597512', 1149 );
INSERT INTO public."CheapHerder_price" ( price_id, quantity, price ) values ( 1150, 91, 11.06 );
INSERT INTO public."CheapHerder_product_price" ( item_code_id, price_id_id ) values ( '249597512', 1150 );
INSERT INTO public."CheapHerder_product" (item_code, product_name, category, description, quantity, package_size, gross_weight, image_url) values ('386252363', ' Promotion Clear Resealable 200pcs Cellophane/BOPP/Poly Bags Multi Size Transparent Opp Bag Packing Plastic Bags Self Adhesive Seal', 'Packing Bags', 'Color: transparent Size:24*34cm Style:Self Adhesive Seal Plastic Package Bag Material: Laminated Weight:2.5g Sales model: mix order Quantity:400pcs per lot', '1 Lot  (200 Piece/Lot)', '2.0 * 2.0 * 2.0 ( cm )', '1.0 ( kg )', 'http://www.dhresource.com/0x0s/f2-albu-g4-M00-10-4D-rBVaEFddMhqAcpjHAABEVmUAXAo184.jpg/promotion-clear-resealable-200pcs-cellophane.jpg');
INSERT INTO public."CheapHerder_price" ( price_id, quantity, price ) values ( 1151, 1, 8.00 );
INSERT INTO public."CheapHerder_product_price" ( item_code_id, price_id_id ) values ( '386252363', 1151 );
INSERT INTO public."CheapHerder_price" ( price_id, quantity, price ) values ( 1152, 2, 6.80 );
INSERT INTO public."CheapHerder_product_price" ( item_code_id, price_id_id ) values ( '386252363', 1152 );
INSERT INTO public."CheapHerder_price" ( price_id, quantity, price ) values ( 1153, 3, 6.00 );
INSERT INTO public."CheapHerder_product_price" ( item_code_id, price_id_id ) values ( '386252363', 1153 );
INSERT INTO public."CheapHerder_price" ( price_id, quantity, price ) values ( 1154, 5, 5.20 );
INSERT INTO public."CheapHerder_product_price" ( item_code_id, price_id_id ) values ( '386252363', 1154 );
INSERT INTO public."CheapHerder_price" ( price_id, quantity, price ) values ( 1155, 64, 4.74 );
INSERT INTO public."CheapHerder_product_price" ( item_code_id, price_id_id ) values ( '386252363', 1155 );
INSERT INTO public."CheapHerder_price" ( price_id, quantity, price ) values ( 1156, 219, 4.58 );
INSERT INTO public."CheapHerder_product_price" ( item_code_id, price_id_id ) values ( '386252363', 1156 );
INSERT INTO public."CheapHerder_product" (item_code, product_name, category, description, quantity, package_size, gross_weight, image_url) values ('405476864', ' Mail Bags phone bag PE white transparent plastic plastic bags a variety of specifications free shipping', 'Mail Bags', '1. Plastic varieties: HDPE; 2. Packaging level: inner packaging; 3. Supply type: can be customized; 4. Print LOGO: Yes;5.thickness:Red edge 5mm;', '1  Piece', '40.0 * 60.0 * 1.0 ( cm )', '0.005 ( kg )', 'http://www.dhresource.com/0x0s/f2-albu-g4-M00-AA-F9-rBVaEFnd2TGAZhPcAAHbgigwsYI060.jpg/mail-bags-phone-bag-pe-white-transparent.jpg');
INSERT INTO public."CheapHerder_price" ( price_id, quantity, price ) values ( 1157, 100, 0.16 );
INSERT INTO public."CheapHerder_product_price" ( item_code_id, price_id_id ) values ( '405476864', 1157 );
INSERT INTO public."CheapHerder_price" ( price_id, quantity, price ) values ( 1158, 2058, 0.15 );
INSERT INTO public."CheapHerder_product_price" ( item_code_id, price_id_id ) values ( '405476864', 1158 );
INSERT INTO public."CheapHerder_price" ( price_id, quantity, price ) values ( 1159, 7108, 0.15 );
INSERT INTO public."CheapHerder_product_price" ( item_code_id, price_id_id ) values ( '405476864', 1159 );
INSERT INTO public."CheapHerder_product" (item_code, product_name, category, description, quantity, package_size, gross_weight, image_url) values ('399719649', ' Free Shipping Transparent Ice Cream Package Bag Plastic Popsicle Packing Pouch Self Adhesive Food Bag three Sizes 200pcs', 'Packing Bags', 'transparent self adhesive popsicle package bag,three size:8*16+3cm; 10*16+3cm;12*18+3cm(+3cm is self adhesive party),suit to pack ice cream,cake,chocolate,etc.with food grade.', '1 Lot  (200 Piece/Lot)', '12.0 * 20.0 * 2.0 ( cm )', '0.25 ( kg )', 'http://www.dhresource.com/0x0s/f2-albu-g5-M00-29-90-rBVaJFkar_eAAOJtAAIzOyQwElA386.jpg/transparent-ice-cream-package-bag-plastic.jpg');
INSERT INTO public."CheapHerder_price" ( price_id, quantity, price ) values ( 1160, 1, 8.83 );
INSERT INTO public."CheapHerder_product_price" ( item_code_id, price_id_id ) values ( '399719649', 1160 );
INSERT INTO public."CheapHerder_price" ( price_id, quantity, price ) values ( 1161, 5, 7.51 );
INSERT INTO public."CheapHerder_product_price" ( item_code_id, price_id_id ) values ( '399719649', 1161 );
INSERT INTO public."CheapHerder_price" ( price_id, quantity, price ) values ( 1162, 10, 6.18 );
INSERT INTO public."CheapHerder_product_price" ( item_code_id, price_id_id ) values ( '399719649', 1162 );
INSERT INTO public."CheapHerder_price" ( price_id, quantity, price ) values ( 1163, 48, 5.64 );
INSERT INTO public."CheapHerder_product_price" ( item_code_id, price_id_id ) values ( '399719649', 1163 );
INSERT INTO public."CheapHerder_price" ( price_id, quantity, price ) values ( 1164, 166, 5.45 );
INSERT INTO public."CheapHerder_product_price" ( item_code_id, price_id_id ) values ( '399719649', 1164 );
INSERT INTO public."CheapHerder_product" (item_code, product_name, category, description, quantity, package_size, gross_weight, image_url) values ('249425912', ' Several Sizes PVC Plastic Price Tag Sign Label Display Holder With 2 Buckles For Supermarket Shelf Stand Hook Rack 30pcs', 'Labels & Tags', 'Product Name: Price Label Holder Item Code: PTCB10 or PTWB10 Color: White or Clear Type: Size : three kinds Packing: 30pcs/lot For Supermarket Wholesale Quality Guaranteed Welcome Your Puchase!', '1 Lot  (30 Piece/Lot)', '20.0 * 10.0 * 10.0 ( cm )', '1.0 ( kg )', 'http://www.dhresource.com/0x0s/f2-albu-g5-M00-1E-C7-rBVaJFgsCPGAFP_aAAHbhLm_2-Q415.jpg/several-sizes-pvc-plastic-price-tag-sign.jpg');
INSERT INTO public."CheapHerder_price" ( price_id, quantity, price ) values ( 1165, 1, 18.46 );
INSERT INTO public."CheapHerder_product_price" ( item_code_id, price_id_id ) values ( '249425912', 1165 );
INSERT INTO public."CheapHerder_price" ( price_id, quantity, price ) values ( 1166, 5, 16.62 );
INSERT INTO public."CheapHerder_product_price" ( item_code_id, price_id_id ) values ( '249425912', 1166 );
INSERT INTO public."CheapHerder_price" ( price_id, quantity, price ) values ( 1167, 20, 15.15 );
INSERT INTO public."CheapHerder_product_price" ( item_code_id, price_id_id ) values ( '249425912', 1167 );
INSERT INTO public."CheapHerder_price" ( price_id, quantity, price ) values ( 1168, 30, 10.15 );
INSERT INTO public."CheapHerder_product_price" ( item_code_id, price_id_id ) values ( '249425912', 1168 );
INSERT INTO public."CheapHerder_price" ( price_id, quantity, price ) values ( 1169, 33, 9.25 );
INSERT INTO public."CheapHerder_product_price" ( item_code_id, price_id_id ) values ( '249425912', 1169 );
INSERT INTO public."CheapHerder_price" ( price_id, quantity, price ) values ( 1170, 113, 8.93 );
INSERT INTO public."CheapHerder_product_price" ( item_code_id, price_id_id ) values ( '249425912', 1170 );
INSERT INTO public."CheapHerder_product" (item_code, product_name, category, description, quantity, package_size, gross_weight, image_url) values ('399550272', ' New 60ml PET Chubby Gorilla bottle Clear Unicorn Plastic Dropper Bottle with Colorful Tamper-Evident Caps For E cig liquid E juice', 'Packing Bottles', 'Capacity: 60ml; Include: The bottle, The cap and tip; Color of Caps: White, Black, Orange, Red, Purple, fast shipping, great quality, factory price', '1  Piece', '40.0 * 30.0 * 20.0 ( cm )', '0.1 ( kg )', 'http://www.dhresource.com/0x0s/f2-albu-g5-M01-1F-2B-rBVaI1kVQiaAUpx9AAKSp1zMOkE060.jpg/new-60ml-pet-chubby-gorilla-bottle-clear.jpg');
INSERT INTO public."CheapHerder_price" ( price_id, quantity, price ) values ( 1171, 50, 0.50 );
INSERT INTO public."CheapHerder_product_price" ( item_code_id, price_id_id ) values ( '399550272', 1171 );
INSERT INTO public."CheapHerder_price" ( price_id, quantity, price ) values ( 1172, 100, 0.47 );
INSERT INTO public."CheapHerder_product_price" ( item_code_id, price_id_id ) values ( '399550272', 1172 );
INSERT INTO public."CheapHerder_price" ( price_id, quantity, price ) values ( 1173, 500, 0.43 );
INSERT INTO public."CheapHerder_product_price" ( item_code_id, price_id_id ) values ( '399550272', 1173 );
INSERT INTO public."CheapHerder_price" ( price_id, quantity, price ) values ( 1174, 686, 0.40 );
INSERT INTO public."CheapHerder_product_price" ( item_code_id, price_id_id ) values ( '399550272', 1174 );
INSERT INTO public."CheapHerder_price" ( price_id, quantity, price ) values ( 1175, 1000, 0.34 );
INSERT INTO public."CheapHerder_product_price" ( item_code_id, price_id_id ) values ( '399550272', 1175 );
INSERT INTO public."CheapHerder_price" ( price_id, quantity, price ) values ( 1176, 2764, 0.33 );
INSERT INTO public."CheapHerder_product_price" ( item_code_id, price_id_id ) values ( '399550272', 1176 );
INSERT INTO public."CheapHerder_product" (item_code, product_name, category, description, quantity, package_size, gross_weight, image_url) values ('395896215', ' Wholesale- 1 Pc / Pack Hot Sale Students Animal Erasers For Kid Stationary Gift Novelty Dinosaur Egg Pencil Rubber Eraser', 'Erasers', 'Cheap erase, Buy Quality rubber eraser Directly from China Suppliers:[xlmodel]-[custom]-[39293] Product Description ConditionBrand New + High Quality !MaterialRubber', '1 Lot  (14 Piece/Lot)', '20.0 * 20.0 * 10.0 ( cm )', '0.03 ( kg )', 'http://www.dhresource.com/0x0s/f2-albu-g5-M00-31-2D-rBVaJFiT9SiABr1pAAlMPKR6SD8726.jpg/wholesale-1-pc-pack-hot-sale-students-animal.jpg');
INSERT INTO public."CheapHerder_price" ( price_id, quantity, price ) values ( 1177, 1, 13.68 );
INSERT INTO public."CheapHerder_product_price" ( item_code_id, price_id_id ) values ( '395896215', 1177 );
INSERT INTO public."CheapHerder_price" ( price_id, quantity, price ) values ( 1178, 2, 13.41 );
INSERT INTO public."CheapHerder_product_price" ( item_code_id, price_id_id ) values ( '395896215', 1178 );
INSERT INTO public."CheapHerder_price" ( price_id, quantity, price ) values ( 1179, 5, 13.27 );
INSERT INTO public."CheapHerder_product_price" ( item_code_id, price_id_id ) values ( '395896215', 1179 );
INSERT INTO public."CheapHerder_price" ( price_id, quantity, price ) values ( 1180, 16, 12.10 );
INSERT INTO public."CheapHerder_product_price" ( item_code_id, price_id_id ) values ( '395896215', 1180 );
INSERT INTO public."CheapHerder_price" ( price_id, quantity, price ) values ( 1181, 55, 11.67 );
INSERT INTO public."CheapHerder_product_price" ( item_code_id, price_id_id ) values ( '395896215', 1181 );
INSERT INTO public."CheapHerder_product" (item_code, product_name, category, description, quantity, package_size, gross_weight, image_url) values ('247910076', ' 3-Pin Electronic Components ON-OFF-ON 3 file Toggle Switch Momentary 15A 250V AC Switches OT8G Switches VE145', 'Switches', 'Tyle: (ON) & OFF & (ON) Momentary Connector Type: SPDT Power: 15A 250VAC Material(External): Metal Dielectric strength: 1000 V RMS (min) Basal material:Poly propylene materials', '1  Piece', '12.0 * 8.0 * 10.0 ( cm )', '0.032 ( kg )', 'http://www.dhresource.com/0x0s/f2-albu-g3-M00-4F-A9-rBVaHVWseJiARxb_AAI15AZcwMs646.jpg/3-pin-electronic-components-on-off-on-3-file.jpg');
INSERT INTO public."CheapHerder_price" ( price_id, quantity, price ) values ( 1182, 1, 2.84 );
INSERT INTO public."CheapHerder_product_price" ( item_code_id, price_id_id ) values ( '247910076', 1182 );
INSERT INTO public."CheapHerder_price" ( price_id, quantity, price ) values ( 1183, 10, 1.04 );
INSERT INTO public."CheapHerder_product_price" ( item_code_id, price_id_id ) values ( '247910076', 1183 );
INSERT INTO public."CheapHerder_price" ( price_id, quantity, price ) values ( 1184, 50, 0.87 );
INSERT INTO public."CheapHerder_product_price" ( item_code_id, price_id_id ) values ( '247910076', 1184 );
INSERT INTO public."CheapHerder_price" ( price_id, quantity, price ) values ( 1185, 100, 0.83 );
INSERT INTO public."CheapHerder_product_price" ( item_code_id, price_id_id ) values ( '247910076', 1185 );
INSERT INTO public."CheapHerder_price" ( price_id, quantity, price ) values ( 1186, 400, 0.75 );
INSERT INTO public."CheapHerder_product_price" ( item_code_id, price_id_id ) values ( '247910076', 1186 );
INSERT INTO public."CheapHerder_price" ( price_id, quantity, price ) values ( 1187, 1382, 0.73 );
INSERT INTO public."CheapHerder_product_price" ( item_code_id, price_id_id ) values ( '247910076', 1187 );
INSERT INTO public."CheapHerder_product" (item_code, product_name, category, description, quantity, package_size, gross_weight, image_url) values ('250350219', ' Cotton Linen Drawstring bag 10x15cm(4"x6") personalized logo Necklace Bracelet Jewelry Gift Pouches Muslin Wedding Favor holder', 'Packing Bags', 'Cotton Linen Drawstring bag 10x15cm(4"x6") personalized logo Necklace Bracelet Jewelry Gift Pouches Muslin Wedding Favor holder', '1 Lot  (50 Piece/Lot)', '30.0 * 15.0 * 2.0 ( cm )', '0.8 ( kg )', 'http://www.dhresource.com/0x0s/f2-albu-g2-M01-F8-D7-rBVaG1XDi-GAIeDgAAC7XPLfY4E041.jpg/cotton-linen-drawstring-bag-10x15cm-4x6-personalized.jpg');
INSERT INTO public."CheapHerder_price" ( price_id, quantity, price ) values ( 1188, 1, 16.29 );
INSERT INTO public."CheapHerder_product_price" ( item_code_id, price_id_id ) values ( '250350219', 1188 );
INSERT INTO public."CheapHerder_price" ( price_id, quantity, price ) values ( 1189, 20, 14.85 );
INSERT INTO public."CheapHerder_product_price" ( item_code_id, price_id_id ) values ( '250350219', 1189 );
INSERT INTO public."CheapHerder_price" ( price_id, quantity, price ) values ( 1190, 67, 14.33 );
INSERT INTO public."CheapHerder_product_price" ( item_code_id, price_id_id ) values ( '250350219', 1190 );
INSERT INTO public."CheapHerder_product" (item_code, product_name, category, description, quantity, package_size, gross_weight, image_url) values ('386795858', ' 7*13cm, 200pcs X Translucent plating aluminium ziplock bag - Reclosable aluminum mylar foil plastic pouch zipper clip seal with front clear', 'Packing Bags', 'One side transparent aluminized foil plastic pouches zipper resealable. Specification : Tear notch for Easy to tear. Thickness:0.075mm single, double-sided 0.15mm. Material : aluminum-plated steel. Style : Three edge sealing, top zipper close can heat-sealing after zip lock. Color : silvery and front clear. Number : 200 / lot (Not separate ). Size: 7x13cm (Width x Length)=2.76"x5.12". Using: Food,tea,nuts,candy,sugar,powder,electronic component etc. packing.', '1 Lot  (200 Piece/Lot)', '10.0 * 15.0 * 5.0 ( cm )', '0.35 ( kg )', 'http://www.dhresource.com/0x0s/f2-albu-g4-M00-63-C9-rBVaEVdqWXWANT27AAObfhyuKVg134.jpg/7-13cm-200pcs-x-translucent-plating-aluminium.jpg');
INSERT INTO public."CheapHerder_price" ( price_id, quantity, price ) values ( 1191, 1, 3.30 );
INSERT INTO public."CheapHerder_product_price" ( item_code_id, price_id_id ) values ( '386795858', 1191 );
INSERT INTO public."CheapHerder_price" ( price_id, quantity, price ) values ( 1192, 100, 3.00 );
INSERT INTO public."CheapHerder_product_price" ( item_code_id, price_id_id ) values ( '386795858', 1192 );
INSERT INTO public."CheapHerder_price" ( price_id, quantity, price ) values ( 1193, 346, 2.90 );
INSERT INTO public."CheapHerder_product_price" ( item_code_id, price_id_id ) values ( '386795858', 1193 );
INSERT INTO public."CheapHerder_product" (item_code, product_name, category, description, quantity, package_size, gross_weight, image_url) values ('402759291', ' 0.8ml Mini Empty Clear Lip Gloss Tube - plastic Lip Balm bottle - Size:5.0x1.3cm Travel Refillable Lipstick Sample Container - Wholesale', 'Packing Bottles', 'We offer drop shopping service.Our advantage: Best quality,Fast delivery time, Most competitive price. if you have any further questions, please let me know. Thanks!', '1  Piece', '10.0 * 10.0 * 8.0 ( cm )', '0.1 ( kg )', 'http://www.dhresource.com/0x0s/f2-albu-g5-M01-C0-73-rBVaI1l6U4SAEH3xAAJgYKgPTYU279.jpg/0-8ml-mini-empty-clear-lip-gloss-tube-plastic.jpg');
INSERT INTO public."CheapHerder_price" ( price_id, quantity, price ) values ( 1194, 100, 0.27 );
INSERT INTO public."CheapHerder_product_price" ( item_code_id, price_id_id ) values ( '402759291', 1194 );
INSERT INTO public."CheapHerder_price" ( price_id, quantity, price ) values ( 1195, 500, 0.23 );
INSERT INTO public."CheapHerder_product_price" ( item_code_id, price_id_id ) values ( '402759291', 1195 );
INSERT INTO public."CheapHerder_price" ( price_id, quantity, price ) values ( 1196, 1000, 0.21 );
INSERT INTO public."CheapHerder_product_price" ( item_code_id, price_id_id ) values ( '402759291', 1196 );
INSERT INTO public."CheapHerder_price" ( price_id, quantity, price ) values ( 1197, 1600, 0.19 );
INSERT INTO public."CheapHerder_product_price" ( item_code_id, price_id_id ) values ( '402759291', 1197 );
INSERT INTO public."CheapHerder_price" ( price_id, quantity, price ) values ( 1198, 5528, 0.19 );
INSERT INTO public."CheapHerder_product_price" ( item_code_id, price_id_id ) values ( '402759291', 1198 );
INSERT INTO public."CheapHerder_product" (item_code, product_name, category, description, quantity, package_size, gross_weight, image_url) values ('236766561', ' Funny Smile Face Erasers Novelty School Correction Supplies Children Gifts Lovely Yellow', 'Erasers', 'Sizes:2.5*0.5', '1  Piece', '20.0 * 20.0 * 10.0 ( cm )', '0.3 ( kg )', 'http://www.dhresource.com/0x0s/f2-albu-g1-M01-76-39-rBVaGFU2egyABZL9AAGVCQeSn4M114.jpg/funny-smile-face-erasers-novelty-school-correction.jpg');
INSERT INTO public."CheapHerder_price" ( price_id, quantity, price ) values ( 1199, 120, 0.11 );
INSERT INTO public."CheapHerder_product_price" ( item_code_id, price_id_id ) values ( '236766561', 1199 );
INSERT INTO public."CheapHerder_price" ( price_id, quantity, price ) values ( 1200, 500, 0.10 );
INSERT INTO public."CheapHerder_product_price" ( item_code_id, price_id_id ) values ( '236766561', 1200 );
INSERT INTO public."CheapHerder_price" ( price_id, quantity, price ) values ( 1201, 1000, 0.08 );
INSERT INTO public."CheapHerder_product_price" ( item_code_id, price_id_id ) values ( '236766561', 1201 );
INSERT INTO public."CheapHerder_price" ( price_id, quantity, price ) values ( 1202, 2000, 0.07 );
INSERT INTO public."CheapHerder_product_price" ( item_code_id, price_id_id ) values ( '236766561', 1202 );
INSERT INTO public."CheapHerder_price" ( price_id, quantity, price ) values ( 1203, 4800, 0.07 );
INSERT INTO public."CheapHerder_product_price" ( item_code_id, price_id_id ) values ( '236766561', 1203 );
INSERT INTO public."CheapHerder_price" ( price_id, quantity, price ) values ( 1204, 16584, 0.07 );
INSERT INTO public."CheapHerder_product_price" ( item_code_id, price_id_id ) values ( '236766561', 1204 );
INSERT INTO public."CheapHerder_product" (item_code, product_name, category, description, quantity, package_size, gross_weight, image_url) values ('405035222', ' Automatic Pop Up Click Slide Card Holder Thin Metal RFID Card Protector Cases Slim Aluminium Credit Card Holder Wallet', 'Business Card Files', '100% new and top quality !Note:Due to the different camera model,light and display, Image color may be different with the actual look.', '1  Piece', '9.6 * 6.3 * 1.0 ( cm )', '0.06 ( kg )', 'http://www.dhresource.com/0x0s/f2-albu-g5-M00-C0-C7-rBVaI1nIdIeAZD5HAAFupgASLKA022.jpg/automatic-pop-up-click-slide-card-holder.jpg');
INSERT INTO public."CheapHerder_price" ( price_id, quantity, price ) values ( 1205, 10, 3.68 );
INSERT INTO public."CheapHerder_product_price" ( item_code_id, price_id_id ) values ( '405035222', 1205 );
INSERT INTO public."CheapHerder_price" ( price_id, quantity, price ) values ( 1206, 50, 3.11 );
INSERT INTO public."CheapHerder_product_price" ( item_code_id, price_id_id ) values ( '405035222', 1206 );
INSERT INTO public."CheapHerder_price" ( price_id, quantity, price ) values ( 1207, 98, 2.83 );
INSERT INTO public."CheapHerder_product_price" ( item_code_id, price_id_id ) values ( '405035222', 1207 );
INSERT INTO public."CheapHerder_price" ( price_id, quantity, price ) values ( 1208, 100, 2.94 );
INSERT INTO public."CheapHerder_product_price" ( item_code_id, price_id_id ) values ( '405035222', 1208 );
INSERT INTO public."CheapHerder_price" ( price_id, quantity, price ) values ( 1209, 103, 2.69 );
INSERT INTO public."CheapHerder_product_price" ( item_code_id, price_id_id ) values ( '405035222', 1209 );
INSERT INTO public."CheapHerder_price" ( price_id, quantity, price ) values ( 1210, 200, 2.59 );
INSERT INTO public."CheapHerder_product_price" ( item_code_id, price_id_id ) values ( '405035222', 1210 );
INSERT INTO public."CheapHerder_price" ( price_id, quantity, price ) values ( 1211, 369, 2.50 );
INSERT INTO public."CheapHerder_product_price" ( item_code_id, price_id_id ) values ( '405035222', 1211 );
INSERT INTO public."CheapHerder_product" (item_code, product_name, category, description, quantity, package_size, gross_weight, image_url) values ('232299806', ' llfa1831 Hot Sale 3D Vacuum Heat Transfer Machine Mug Mobile Case T-Shirt Heat Pressing Sublimation Printing Equipment', 'Heat Transfer Machines', 'Hot Sale 3D Vacuum Heat Transfer Machine Mug Mobile Case T-Shirt Heat Pressing Sublimation Printing Equipment', '1  Piece', '25.0 * 30.0 * 40.0 ( cm )', '25.0 ( kg )', 'http://www.dhresource.com/0x0s/f2-albu-g3-M00-F1-81-rBVaHFUNE9mAWcYoAADae_HG0fg892.jpg/llfa1831-hot-sale-3d-vacuum-heat-transfer.jpg');
INSERT INTO public."CheapHerder_price" ( price_id, quantity, price ) values ( 1212, 1, 672.84 );
INSERT INTO public."CheapHerder_product_price" ( item_code_id, price_id_id ) values ( '232299806', 1212 );
INSERT INTO public."CheapHerder_price" ( price_id, quantity, price ) values ( 1213, 2, 649.17 );
INSERT INTO public."CheapHerder_product_price" ( item_code_id, price_id_id ) values ( '232299806', 1213 );
INSERT INTO public."CheapHerder_price" ( price_id, quantity, price ) values ( 1214, 3, 636.19 );
INSERT INTO public."CheapHerder_product_price" ( item_code_id, price_id_id ) values ( '232299806', 1214 );
INSERT INTO public."CheapHerder_price" ( price_id, quantity, price ) values ( 1215, 10, 629.69 );
INSERT INTO public."CheapHerder_product_price" ( item_code_id, price_id_id ) values ( '232299806', 1215 );
INSERT INTO public."CheapHerder_product" (item_code, product_name, category, description, quantity, package_size, gross_weight, image_url) values ('176623528', ' Wholesale - Free shipping - Promotion 100pcs 3g transparent small round bottle jars pot,clear plastic container for nail art storage', 'Packing Bottles', 'Cheap plastic container storage, Buy Quality plastic bag storage container directly from China plastic kitchen storage containers Suppliers: Plastic jar,cream jar,3ml cream jar, plastic cream bottleMaterial: pp ps Capacity:3gAbout us:Huicheng Packag', '1 Lot  (100 Piece/Lot)', '20.0 * 20.0 * 8.0 ( cm )', '0.5 ( kg )', 'http://www.dhresource.com/albu_499993325_00-1.0x0/wholesale-promotion-100pcs-3g-transparent.jpg');
INSERT INTO public."CheapHerder_price" ( price_id, quantity, price ) values ( 1216, 1, 15.27 );
INSERT INTO public."CheapHerder_product_price" ( item_code_id, price_id_id ) values ( '176623528', 1216 );
INSERT INTO public."CheapHerder_price" ( price_id, quantity, price ) values ( 1217, 2, 14.86 );
INSERT INTO public."CheapHerder_product_price" ( item_code_id, price_id_id ) values ( '176623528', 1217 );
INSERT INTO public."CheapHerder_price" ( price_id, quantity, price ) values ( 1218, 5, 14.29 );
INSERT INTO public."CheapHerder_product_price" ( item_code_id, price_id_id ) values ( '176623528', 1218 );
INSERT INTO public."CheapHerder_price" ( price_id, quantity, price ) values ( 1219, 10, 13.72 );
INSERT INTO public."CheapHerder_product_price" ( item_code_id, price_id_id ) values ( '176623528', 1219 );
INSERT INTO public."CheapHerder_price" ( price_id, quantity, price ) values ( 1220, 24, 12.50 );
INSERT INTO public."CheapHerder_product_price" ( item_code_id, price_id_id ) values ( '176623528', 1220 );
INSERT INTO public."CheapHerder_price" ( price_id, quantity, price ) values ( 1221, 83, 12.07 );
INSERT INTO public."CheapHerder_product_price" ( item_code_id, price_id_id ) values ( '176623528', 1221 );
INSERT INTO public."CheapHerder_product" (item_code, product_name, category, description, quantity, package_size, gross_weight, image_url) values ('402550085', ' Free DHL Shipping R039 Stamp Die Mold Die Punching for Tablet Press Machine TDP-0/1.5/5 15.5X7.2mm', 'Tablet Press Machines', 'R039 Stamp Circlar Round Die Mold/ Pill Press Mold/Punch Die Mould for Single Punch Pill Press Machine TDP-0/1.5T/5T(15.5X7.2mm) DHL Free shipping', '1  Piece', '10.0 * 10.0 * 5.0 ( cm )', '0.5 ( kg )', 'http://www.dhresource.com/0x0s/f2-albu-g5-M01-98-59-rBVaI1l0U5OATz4pAAK68zPVbgI035.jpg/free-dhl-shipping-r039-stamp-die-mold-die.jpg');
INSERT INTO public."CheapHerder_price" ( price_id, quantity, price ) values ( 1222, 1, 91.43 );
INSERT INTO public."CheapHerder_product_price" ( item_code_id, price_id_id ) values ( '402550085', 1222 );
INSERT INTO public."CheapHerder_price" ( price_id, quantity, price ) values ( 1223, 3, 83.34 );
INSERT INTO public."CheapHerder_product_price" ( item_code_id, price_id_id ) values ( '402550085', 1223 );
INSERT INTO public."CheapHerder_price" ( price_id, quantity, price ) values ( 1224, 10, 80.41 );
INSERT INTO public."CheapHerder_product_price" ( item_code_id, price_id_id ) values ( '402550085', 1224 );
INSERT INTO public."CheapHerder_product" (item_code, product_name, category, description, quantity, package_size, gross_weight, image_url) values ('392251427', ' Wholesale-X17 4X Kawaii Kimono Japanese Girl Doll Gel Pen Writing Signing Stationery Creative Gift School Office Supply', 'Gel Pens', 'Cheap supplies electronic, Buy Quality supplies for flower arrangements directly from China supply voltage Suppliers:    orders price > $10,will provide free registered airmail. orders price >$15,will g', '1 Lot  (16 Piece/Lot)', '1.0 * 1.0 * 1.0 ( cm )', '0.05 ( kg )', 'http://www.dhresource.com/0x0s/f2-albu-g4-M00-5C-59-rBVaEFgSmHKAJnhHAAdrZ0eLlIE568.jpg/wholesale-x17-4x-kawaii-kimono-japanese-girl.jpg');
INSERT INTO public."CheapHerder_price" ( price_id, quantity, price ) values ( 1225, 1, 13.90 );
INSERT INTO public."CheapHerder_product_price" ( item_code_id, price_id_id ) values ( '392251427', 1225 );
INSERT INTO public."CheapHerder_price" ( price_id, quantity, price ) values ( 1226, 2, 13.48 );
INSERT INTO public."CheapHerder_product_price" ( item_code_id, price_id_id ) values ( '392251427', 1226 );
INSERT INTO public."CheapHerder_price" ( price_id, quantity, price ) values ( 1227, 17, 12.29 );
INSERT INTO public."CheapHerder_product_price" ( item_code_id, price_id_id ) values ( '392251427', 1227 );
INSERT INTO public."CheapHerder_price" ( price_id, quantity, price ) values ( 1228, 56, 11.85 );
INSERT INTO public."CheapHerder_product_price" ( item_code_id, price_id_id ) values ( '392251427', 1228 );
INSERT INTO public."CheapHerder_product" (item_code, product_name, category, description, quantity, package_size, gross_weight, image_url) values ('399772903', ' 50Pcs Angle-izer Angle Measure Multi-Angle Ruler Template Tool Measures All Angles Forms Ruler Template Tool Measuring Instrument', 'Tape Measures', 'Angle-izer Multi-Angle Ruler Measuring Instrument Template Tools Four-Sided Ruler All Angel Forms For Handymen Builders Craftsmen', '1  Piece', '20.0 * 20.0 * 20.0 ( cm )', '2.0 ( kg )', 'http://www.dhresource.com/0x0s/f2-albu-g5-M01-C9-01-rBVaJFkb_u-AHA5eAABlUPl4oT4861.jpg/50pcs-angle-izer-angle-measure-multi-angle.jpg');
INSERT INTO public."CheapHerder_price" ( price_id, quantity, price ) values ( 1229, 50, 2.08 );
INSERT INTO public."CheapHerder_product_price" ( item_code_id, price_id_id ) values ( '399772903', 1229 );
INSERT INTO public."CheapHerder_price" ( price_id, quantity, price ) values ( 1230, 100, 1.65 );
INSERT INTO public."CheapHerder_product_price" ( item_code_id, price_id_id ) values ( '399772903', 1230 );
INSERT INTO public."CheapHerder_price" ( price_id, quantity, price ) values ( 1231, 200, 1.50 );
INSERT INTO public."CheapHerder_product_price" ( item_code_id, price_id_id ) values ( '399772903', 1231 );
INSERT INTO public."CheapHerder_price" ( price_id, quantity, price ) values ( 1232, 300, 1.39 );
INSERT INTO public."CheapHerder_product_price" ( item_code_id, price_id_id ) values ( '399772903', 1232 );
INSERT INTO public."CheapHerder_price" ( price_id, quantity, price ) values ( 1233, 500, 1.38 );
INSERT INTO public."CheapHerder_product_price" ( item_code_id, price_id_id ) values ( '399772903', 1233 );
INSERT INTO public."CheapHerder_price" ( price_id, quantity, price ) values ( 1234, 754, 1.33 );
INSERT INTO public."CheapHerder_product_price" ( item_code_id, price_id_id ) values ( '399772903', 1234 );
INSERT INTO public."CheapHerder_product" (item_code, product_name, category, description, quantity, package_size, gross_weight, image_url) values ('246013725', ' Weighing Scales 20g-40Kg Digital Hanging Luggage Fishing Weight Scale kitchen Scales cooking tools electronic 2014 New Models Free DHL', 'Weighing Scales', 'LCD Screen Display. Max weight:40Kg/88Lb/1410oz. Accuracy:10kg-40kg 10g/0.02Lb/0.35oz; 20g-10kg 5g/0.01lb/0.175oz. Automaticly lock in readings when the data is stable. Main body use ABS engineering plastic as main materials. Stainless steel hanging hook. High strength compact firm hand strap. Power supply: 2 x 1.5V AAA batteries (Battery NOT included)', '1  Piece', '20.0 * 20.0 * 20.0 ( cm )', '0.5 ( kg )', 'http://www.dhresource.com/0x0s/f2-albu-g2-M00-BE-24-rBVaG1WbjECAX8UIAAJeOoJ-haA913.jpg/weighing-scales-20g-40kg-digital-hanging.jpg');
INSERT INTO public."CheapHerder_price" ( price_id, quantity, price ) values ( 1235, 1, 7.83 );
INSERT INTO public."CheapHerder_product_price" ( item_code_id, price_id_id ) values ( '246013725', 1235 );
INSERT INTO public."CheapHerder_price" ( price_id, quantity, price ) values ( 1236, 10, 3.99 );
INSERT INTO public."CheapHerder_product_price" ( item_code_id, price_id_id ) values ( '246013725', 1236 );
INSERT INTO public."CheapHerder_price" ( price_id, quantity, price ) values ( 1237, 20, 3.66 );
INSERT INTO public."CheapHerder_product_price" ( item_code_id, price_id_id ) values ( '246013725', 1237 );
INSERT INTO public."CheapHerder_price" ( price_id, quantity, price ) values ( 1238, 50, 2.98 );
INSERT INTO public."CheapHerder_product_price" ( item_code_id, price_id_id ) values ( '246013725', 1238 );
INSERT INTO public."CheapHerder_price" ( price_id, quantity, price ) values ( 1239, 111, 2.71 );
INSERT INTO public."CheapHerder_product_price" ( item_code_id, price_id_id ) values ( '246013725', 1239 );
INSERT INTO public."CheapHerder_price" ( price_id, quantity, price ) values ( 1240, 383, 2.62 );
INSERT INTO public."CheapHerder_product_price" ( item_code_id, price_id_id ) values ( '246013725', 1240 );
INSERT INTO public."CheapHerder_product" (item_code, product_name, category, description, quantity, package_size, gross_weight, image_url) values ('376470255', ' DHL Fast Delivery 100 Sheets A4 Laser Printer Water Slide Decal Paper Sheets Transparent Clear', 'Paper Products', 'DHL Fast Delivery A4 Laser Printer Water Slide Decal Paper Sheets Transparent Clear', '1 Lot  (100 Piece/Lot)', '10.0 * 10.0 * 20.0 ( cm )', '1.5 ( kg )', 'http://www.dhresource.com/0x0s/f2-albu-g1-M01-EA-C5-rBVaGFbqpxiAYAiIAAEq5heFi4E723.jpg/dhl-fast-delivery-100-sheets-a4-laser-printer.jpg');
INSERT INTO public."CheapHerder_price" ( price_id, quantity, price ) values ( 1241, 1, 77.72 );
INSERT INTO public."CheapHerder_product_price" ( item_code_id, price_id_id ) values ( '376470255', 1241 );
INSERT INTO public."CheapHerder_price" ( price_id, quantity, price ) values ( 1242, 5, 65.63 );
INSERT INTO public."CheapHerder_product_price" ( item_code_id, price_id_id ) values ( '376470255', 1242 );
INSERT INTO public."CheapHerder_price" ( price_id, quantity, price ) values ( 1243, 15, 60.42 );
INSERT INTO public."CheapHerder_product_price" ( item_code_id, price_id_id ) values ( '376470255', 1243 );
INSERT INTO public."CheapHerder_price" ( price_id, quantity, price ) values ( 1244, 18, 58.30 );
INSERT INTO public."CheapHerder_product_price" ( item_code_id, price_id_id ) values ( '376470255', 1244 );
INSERT INTO public."CheapHerder_product" (item_code, product_name, category, description, quantity, package_size, gross_weight, image_url) values ('388519685', ' Free Shipping 1000pcs/lot Mini Plastic Bags Ziplock Seal Transparent Poly Bags Packaging Packages Packing 40X60mm Grocery Bags', 'Packing Bags', 'Feature: Mini Style, High quality Practical Home Office School supplies Qutity: 1000pcs Color: Transparent Material: Plastic Size: 40 X 60mm Application: Food/Grocery/Candy/Tea etc.', '1 Lot  (1000 Piece/Lot)', '2.0 * 2.0 * 2.0 ( cm )', '0.2 ( kg )', 'http://www.dhresource.com/0x0s/f2-albu-g4-M01-74-C7-rBVaEVefFWeAJ9cyAADAEcgicgU549.jpg/1000pcs-lot-mini-plastic-bags-ziplock-seal.jpg');
INSERT INTO public."CheapHerder_price" ( price_id, quantity, price ) values ( 1245, 1, 10.06 );
INSERT INTO public."CheapHerder_product_price" ( item_code_id, price_id_id ) values ( '388519685', 1245 );
INSERT INTO public."CheapHerder_price" ( price_id, quantity, price ) values ( 1246, 28, 9.17 );
INSERT INTO public."CheapHerder_product_price" ( item_code_id, price_id_id ) values ( '388519685', 1246 );
INSERT INTO public."CheapHerder_price" ( price_id, quantity, price ) values ( 1247, 97, 8.85 );
INSERT INTO public."CheapHerder_product_price" ( item_code_id, price_id_id ) values ( '388519685', 1247 );
INSERT INTO public."CheapHerder_product" (item_code, product_name, category, description, quantity, package_size, gross_weight, image_url) values ('404729834', ' New Arrive 500g/0.1g Mini Electronic Digital Pocket Scale Jewelry Weighing Balance Counting Function Blue LCD g/tl/oz/ct', 'Weighing Scales', 'New Arrive 500g/0.1g Mini Electronic Digital Pocket Scale Jewelry Weighing Balance Counting Function Blue LCD g/tl/oz/ct', '1  Piece', '11.0 * 11.0 * 11.0 ( cm )', '0.5 ( kg )', 'http://www.dhresource.com/0x0s/f2-albu-g4-M01-C9-6D-rBVaEFm8klGAOJNWAAPE_nCQI9I881.jpg/new-arrive-500g-0-1g-mini-electronic-digital.jpg');
INSERT INTO public."CheapHerder_price" ( price_id, quantity, price ) values ( 1248, 20, 3.86 );
INSERT INTO public."CheapHerder_product_price" ( item_code_id, price_id_id ) values ( '404729834', 1248 );
INSERT INTO public."CheapHerder_price" ( price_id, quantity, price ) values ( 1249, 50, 3.70 );
INSERT INTO public."CheapHerder_product_price" ( item_code_id, price_id_id ) values ( '404729834', 1249 );
INSERT INTO public."CheapHerder_price" ( price_id, quantity, price ) values ( 1250, 90, 3.37 );
INSERT INTO public."CheapHerder_product_price" ( item_code_id, price_id_id ) values ( '404729834', 1250 );
INSERT INTO public."CheapHerder_price" ( price_id, quantity, price ) values ( 1251, 100, 3.14 );
INSERT INTO public."CheapHerder_product_price" ( item_code_id, price_id_id ) values ( '404729834', 1251 );
INSERT INTO public."CheapHerder_price" ( price_id, quantity, price ) values ( 1252, 331, 3.03 );
INSERT INTO public."CheapHerder_product_price" ( item_code_id, price_id_id ) values ( '404729834', 1252 );
INSERT INTO public."CheapHerder_product" (item_code, product_name, category, description, quantity, package_size, gross_weight, image_url) values ('393353166', ' HG-90 220v 50hz Multifunction High Pressure Vacuum Swirling Vortex Blower / pond Aerator', 'Pumps', 'The air pump is a high-speed rotating impeller in which the air between impeller blades is subjected to centrifugal forces towards the edge of the impeller where the air enters the annular cavity of the pump and then back to the impeller again from the starting point of the blade in the same way The circulation of the air caused by the rotation of the impeller height, the air in the form of spiral to wear out, with very high energy to leave the air pump for use.', '1  Piece', '15.0 * 15.0 * 15.0 ( cm )', '8.0 ( kg )', 'http://www.dhresource.com/0x0s/f2-albu-g5-M00-C8-69-rBVaJFgzwYmAMtoBAAXuVwZngDw366.jpg/hg-90-220v-50hz-multifunction-high-pressure.jpg');
INSERT INTO public."CheapHerder_price" ( price_id, quantity, price ) values ( 1253, 1, 110.86 );
INSERT INTO public."CheapHerder_product_price" ( item_code_id, price_id_id ) values ( '393353166', 1253 );
INSERT INTO public."CheapHerder_price" ( price_id, quantity, price ) values ( 1254, 3, 101.05 );
INSERT INTO public."CheapHerder_product_price" ( item_code_id, price_id_id ) values ( '393353166', 1254 );
INSERT INTO public."CheapHerder_price" ( price_id, quantity, price ) values ( 1255, 11, 97.49 );
INSERT INTO public."CheapHerder_product_price" ( item_code_id, price_id_id ) values ( '393353166', 1255 );
INSERT INTO public."CheapHerder_product" (item_code, product_name, category, description, quantity, package_size, gross_weight, image_url) values ('259981590', ' 1200pcs New arrival Aqua doodle Aquadoodle Magic Drawing Pen Water Drawing Pen Replacement Mat , free shipping', 'Other Pens', 'Use with the Aquadoodle/Aquadraw Mats. Unscrew Pen Tip to left side Simply add water. Can be used with all Aquadoodle & Aquadraw Children''s products!', '1  Piece', '35.0 * 20.0 * 20.0 ( cm )', '12.0 ( kg )', 'http://www.dhresource.com/0x0s/f2-albu-g3-M00-65-F3-rBVaHFYhBJ6ACED1AAN6I1syCqY799.jpg/1200pcs-new-arrival-aqua-doodle-aquadoodle.jpg');
INSERT INTO public."CheapHerder_price" ( price_id, quantity, price ) values ( 1256, 1200, 0.30 );
INSERT INTO public."CheapHerder_product_price" ( item_code_id, price_id_id ) values ( '259981590', 1256 );
INSERT INTO public."CheapHerder_price" ( price_id, quantity, price ) values ( 1257, 3000, 0.29 );
INSERT INTO public."CheapHerder_product_price" ( item_code_id, price_id_id ) values ( '259981590', 1257 );
INSERT INTO public."CheapHerder_price" ( price_id, quantity, price ) values ( 1258, 3432, 0.29 );
INSERT INTO public."CheapHerder_product_price" ( item_code_id, price_id_id ) values ( '259981590', 1258 );
INSERT INTO public."CheapHerder_product" (item_code, product_name, category, description, quantity, package_size, gross_weight, image_url) values ('390835506', ' Creative Ball Point Pens of Bone Shape 0.7mm Bullet NIB Blue & Black Oily Ink New Ball Pens', 'Ballpoint Pens', 'Color: bone(as picture). Style: A/B/C/D/E. Size: 13cm length. Sales Mode: wholesale. Can customize color and style as you want.', '1 Lot  (10 Piece/Lot)', '13.0 * 1.0 * 1.0 ( cm )', '0.012 ( kg )', 'http://www.dhresource.com/0x0s/f2-albu-g4-M00-9B-7D-rBVaEFfnr26AFPNEAAEWb2x1hKM407.jpg/creative-ball-point-pens-of-bone-shape-0.jpg');
INSERT INTO public."CheapHerder_price" ( price_id, quantity, price ) values ( 1259, 3, 8.23 );
INSERT INTO public."CheapHerder_product_price" ( item_code_id, price_id_id ) values ( '390835506', 1259 );
INSERT INTO public."CheapHerder_price" ( price_id, quantity, price ) values ( 1260, 10, 6.86 );
INSERT INTO public."CheapHerder_product_price" ( item_code_id, price_id_id ) values ( '390835506', 1260 );
INSERT INTO public."CheapHerder_price" ( price_id, quantity, price ) values ( 1261, 48, 6.25 );
INSERT INTO public."CheapHerder_product_price" ( item_code_id, price_id_id ) values ( '390835506', 1261 );
INSERT INTO public."CheapHerder_price" ( price_id, quantity, price ) values ( 1262, 100, 5.00 );
INSERT INTO public."CheapHerder_product_price" ( item_code_id, price_id_id ) values ( '390835506', 1262 );
INSERT INTO public."CheapHerder_price" ( price_id, quantity, price ) values ( 1263, 208, 4.83 );
INSERT INTO public."CheapHerder_product_price" ( item_code_id, price_id_id ) values ( '390835506', 1263 );
INSERT INTO public."CheapHerder_price" ( price_id, quantity, price ) values ( 1264, 2000, 4.59 );
INSERT INTO public."CheapHerder_product_price" ( item_code_id, price_id_id ) values ( '390835506', 1264 );
INSERT INTO public."CheapHerder_product" (item_code, product_name, category, description, quantity, package_size, gross_weight, image_url) values ('404056134', ' wooden recycled Eco pen high quality gift pen to teacher colleague business meeteting gift sign pen free shipping', 'Ballpoint Pens', 'Colour:wooden colour Ink:black / blue ink are available it is a higher quality gift pen', '1  Piece', '18.0 * 23.0 * 2.0 ( cm )', '0.1 ( kg )', 'http://www.dhresource.com/0x0s/f2-albu-g5-M01-0E-5B-rBVaI1mk4tmAIH03AAIbCm9FtoM228.jpg/wooden-recycled-eco-pen-high-quality-gift.jpg');
INSERT INTO public."CheapHerder_price" ( price_id, quantity, price ) values ( 1265, 5, 2.52 );
INSERT INTO public."CheapHerder_product_price" ( item_code_id, price_id_id ) values ( '404056134', 1265 );
INSERT INTO public."CheapHerder_price" ( price_id, quantity, price ) values ( 1266, 30, 2.39 );
INSERT INTO public."CheapHerder_product_price" ( item_code_id, price_id_id ) values ( '404056134', 1266 );
INSERT INTO public."CheapHerder_price" ( price_id, quantity, price ) values ( 1267, 60, 2.27 );
INSERT INTO public."CheapHerder_product_price" ( item_code_id, price_id_id ) values ( '404056134', 1267 );
INSERT INTO public."CheapHerder_price" ( price_id, quantity, price ) values ( 1268, 120, 2.06 );
INSERT INTO public."CheapHerder_product_price" ( item_code_id, price_id_id ) values ( '404056134', 1268 );
INSERT INTO public."CheapHerder_price" ( price_id, quantity, price ) values ( 1269, 160, 1.88 );
INSERT INTO public."CheapHerder_product_price" ( item_code_id, price_id_id ) values ( '404056134', 1269 );
INSERT INTO public."CheapHerder_price" ( price_id, quantity, price ) values ( 1270, 553, 1.81 );
INSERT INTO public."CheapHerder_product_price" ( item_code_id, price_id_id ) values ( '404056134', 1270 );
INSERT INTO public."CheapHerder_product" (item_code, product_name, category, description, quantity, package_size, gross_weight, image_url) values ('239724561', ' 50PCS 5050 RGB Led Strip Connector 4 Pin Led Connectors No Soldering 10mm PCB board wire connection for 5050 RGB Strip', 'Contactors', 'Connecting point: 4 pins Led Strips,Gender:LED Strip RGB Connector,Soldering or not:No soldering,Application:LED Strip', '1 Lot  (50 Piece/Lot)', '8.0 * 6.0 * 4.0 ( cm )', '0.07 ( kg )', 'http://www.dhresource.com/0x0s/f2-albu-g2-M00-FC-A5-rBVaG1VW3g6ALpO1AANrViWw2FY804.jpg/50pcs-5050-rgb-led-strip-connector-4-pin.jpg');
INSERT INTO public."CheapHerder_price" ( price_id, quantity, price ) values ( 1271, 1, 12.19 );
INSERT INTO public."CheapHerder_product_price" ( item_code_id, price_id_id ) values ( '239724561', 1271 );
INSERT INTO public."CheapHerder_price" ( price_id, quantity, price ) values ( 1272, 2, 11.58 );
INSERT INTO public."CheapHerder_product_price" ( item_code_id, price_id_id ) values ( '239724561', 1272 );
INSERT INTO public."CheapHerder_price" ( price_id, quantity, price ) values ( 1273, 23, 10.55 );
INSERT INTO public."CheapHerder_product_price" ( item_code_id, price_id_id ) values ( '239724561', 1273 );
INSERT INTO public."CheapHerder_price" ( price_id, quantity, price ) values ( 1274, 79, 10.18 );
INSERT INTO public."CheapHerder_product_price" ( item_code_id, price_id_id ) values ( '239724561', 1274 );
INSERT INTO public."CheapHerder_product" (item_code, product_name, category, description, quantity, package_size, gross_weight, image_url) values ('185557610', ' 12V DC Mini Brushless Magnetic Water Pump( High Temp 100 degrees C) w/Thread ZC-T40', 'Other Electronic Components', 'Based in Wuhan, Central China Hubei Province, Lilly Electronics is engaged in fabrication, sales and R&D of consumer electronics maninly in the industry of Laser, IC and LED! You are welcome to visit us for culture exchange and mutrual business development and progress.', '1  Piece', '20.0 * 10.0 * 15.0 ( cm )', '0.3 ( kg )', 'http://www.dhresource.com/0x0s/f2-albu-g1-M01-56-CF-rBVaGVZTiRKAH3TsAADgknGPCOU808.jpg/12v-dc-mini-brushless-magnetic-water-pump.jpg');
INSERT INTO public."CheapHerder_price" ( price_id, quantity, price ) values ( 1275, 1, 19.30 );
INSERT INTO public."CheapHerder_product_price" ( item_code_id, price_id_id ) values ( '185557610', 1275 );
INSERT INTO public."CheapHerder_price" ( price_id, quantity, price ) values ( 1276, 5, 18.32 );
INSERT INTO public."CheapHerder_product_price" ( item_code_id, price_id_id ) values ( '185557610', 1276 );
INSERT INTO public."CheapHerder_price" ( price_id, quantity, price ) values ( 1277, 10, 17.36 );
INSERT INTO public."CheapHerder_product_price" ( item_code_id, price_id_id ) values ( '185557610', 1277 );
INSERT INTO public."CheapHerder_price" ( price_id, quantity, price ) values ( 1278, 19, 15.83 );
INSERT INTO public."CheapHerder_product_price" ( item_code_id, price_id_id ) values ( '185557610', 1278 );
INSERT INTO public."CheapHerder_price" ( price_id, quantity, price ) values ( 1279, 66, 15.27 );
INSERT INTO public."CheapHerder_product_price" ( item_code_id, price_id_id ) values ( '185557610', 1279 );
INSERT INTO public."CheapHerder_product" (item_code, product_name, category, description, quantity, package_size, gross_weight, image_url) values ('396011119', ' 50pcs/lot Cartoon Shape Book Marks Paper Bookmark Stationery Office Accessories School Supplies Chinese Style Bookmarks Free Shipping', 'Bookmark', 'Brand new and high quality Chinese Style New fashion blue sky design, very beautiful It is a fun way to keep your page marked Suitable for students, writer, reader and so on. You can still remember the pages that you have read with this bookmark. Ideal to clip your book papers when reading. Ideal gift for book lovers. Specifications: Meterial: Paper Size: Approx. 60 X 25 mm Net weight: 3g/pcs', '1 Lot  (50 Piece/Lot)', '2.0 * 2.0 * 2.0 ( cm )', '0.2 ( kg )', 'http://www.dhresource.com/0x0s/f2-albu-g5-M00-35-B5-rBVaJFicHneAKWI8AAT5i0gU-Ls657.jpg/50pcs-lot-cartoon-shape-book-marks-paper.jpg');
INSERT INTO public."CheapHerder_price" ( price_id, quantity, price ) values ( 1280, 1, 8.14 );
INSERT INTO public."CheapHerder_product_price" ( item_code_id, price_id_id ) values ( '396011119', 1280 );
INSERT INTO public."CheapHerder_price" ( price_id, quantity, price ) values ( 1281, 35, 7.42 );
INSERT INTO public."CheapHerder_product_price" ( item_code_id, price_id_id ) values ( '396011119', 1281 );
INSERT INTO public."CheapHerder_price" ( price_id, quantity, price ) values ( 1282, 119, 7.17 );
INSERT INTO public."CheapHerder_product_price" ( item_code_id, price_id_id ) values ( '396011119', 1282 );
INSERT INTO public."CheapHerder_product" (item_code, product_name, category, description, quantity, package_size, gross_weight, image_url) values ('155032008', ' new 6-20 inch(15-50cm) white Ostrich Feather plumes for wedding centerpiece wedding party event decor festive decoration z134', 'Feathers', 'Direct factory price,expert design,The most popular, most fashion, it is sells very good in the network, suitable for fashionable people', '1 Lot  (100 Piece/Lot)', '1.0 * 1.0 * 1.0 ( cm )', '1.0 ( kg )', 'http://www.dhresource.com/0x0s/f2-albu-g4-M00-E9-C1-rBVaEVcNrsmAald1AAECtcL9x3k157.jpg/new-6-20-inch-15-50cm-white-ostrich-feather.jpg');
INSERT INTO public."CheapHerder_price" ( price_id, quantity, price ) values ( 1283, 1, 17.05 );
INSERT INTO public."CheapHerder_product_price" ( item_code_id, price_id_id ) values ( '155032008', 1283 );
INSERT INTO public."CheapHerder_price" ( price_id, quantity, price ) values ( 1284, 2, 16.19 );
INSERT INTO public."CheapHerder_product_price" ( item_code_id, price_id_id ) values ( '155032008', 1284 );
INSERT INTO public."CheapHerder_price" ( price_id, quantity, price ) values ( 1285, 3, 16.02 );
INSERT INTO public."CheapHerder_product_price" ( item_code_id, price_id_id ) values ( '155032008', 1285 );
INSERT INTO public."CheapHerder_price" ( price_id, quantity, price ) values ( 1286, 19, 14.61 );
INSERT INTO public."CheapHerder_product_price" ( item_code_id, price_id_id ) values ( '155032008', 1286 );
INSERT INTO public."CheapHerder_price" ( price_id, quantity, price ) values ( 1287, 63, 14.10 );
INSERT INTO public."CheapHerder_product_price" ( item_code_id, price_id_id ) values ( '155032008', 1287 );
INSERT INTO public."CheapHerder_price" ( price_id, quantity, price ) values ( 1288, 10000, 11.99 );
INSERT INTO public."CheapHerder_product_price" ( item_code_id, price_id_id ) values ( '155032008', 1288 );
INSERT INTO public."CheapHerder_product" (item_code, product_name, category, description, quantity, package_size, gross_weight, image_url) values ('374990513', ' Freeshipping DT9205A Amp Meter Tester Handheld Digital Multimeter DMM Capacitance Triode & hFE Test Multimetro Ammeter Multitester', 'Multimeters', 'DT9205A is a digital multimeter with high-reliability, multi-function and stable. It can be used to measure AC voltage, DC voltage, DC current, AC current, resistance, capacitors, continuity test, diode test etc. The handle held design is the best choice for field work, laboratories, factories, and other applications.', '1  Piece', '20.0 * 10.0 * 5.0 ( cm )', '0.35 ( kg )', 'http://www.dhresource.com/0x0s/f2-albu-g2-M01-15-DF-rBVaGlbWZQGABcO_AANsLbf8tgQ148.jpg/dt9205a-amp-meter-tester-handheld-digital.jpg');
INSERT INTO public."CheapHerder_price" ( price_id, quantity, price ) values ( 1289, 1, 13.19 );
INSERT INTO public."CheapHerder_product_price" ( item_code_id, price_id_id ) values ( '374990513', 1289 );
INSERT INTO public."CheapHerder_price" ( price_id, quantity, price ) values ( 1290, 5, 12.87 );
INSERT INTO public."CheapHerder_product_price" ( item_code_id, price_id_id ) values ( '374990513', 1290 );
INSERT INTO public."CheapHerder_price" ( price_id, quantity, price ) values ( 1291, 10, 11.88 );
INSERT INTO public."CheapHerder_product_price" ( item_code_id, price_id_id ) values ( '374990513', 1291 );
INSERT INTO public."CheapHerder_price" ( price_id, quantity, price ) values ( 1292, 25, 10.83 );
INSERT INTO public."CheapHerder_product_price" ( item_code_id, price_id_id ) values ( '374990513', 1292 );
INSERT INTO public."CheapHerder_price" ( price_id, quantity, price ) values ( 1293, 86, 10.45 );
INSERT INTO public."CheapHerder_product_price" ( item_code_id, price_id_id ) values ( '374990513', 1293 );
INSERT INTO public."CheapHerder_product" (item_code, product_name, category, description, quantity, package_size, gross_weight, image_url) values ('259375214', ' Wholesale-Free shipping 10pcs/lot NEW RGH X360RUN 1.1 version for x360 run v1.1 PCB same STONE USE in stock', 'Integrated Circuits', 'Cheap stone cufflink, Buy Quality stone ceramic directly from China stone plaza Suppliers: Welcome to our Store If you need buy more quantity or other part number, Please contact us. Why directly choose us:', '1 Lot  (10 Piece/Lot)', '10.0 * 8.0 * 5.0 ( cm )', '0.25 ( kg )', 'http://www.dhresource.com/0x0s/f2-albu-g3-M01-CB-0B-rBVaHFYcDTeAfIxUAAS02ORU7k4703.jpg/wholesale-10pcs-lot-new-rgh-x360run-1-1-version.jpg');
INSERT INTO public."CheapHerder_price" ( price_id, quantity, price ) values ( 1294, 1, 33.79 );
INSERT INTO public."CheapHerder_product_price" ( item_code_id, price_id_id ) values ( '259375214', 1294 );
INSERT INTO public."CheapHerder_price" ( price_id, quantity, price ) values ( 1295, 2, 32.78 );
INSERT INTO public."CheapHerder_product_price" ( item_code_id, price_id_id ) values ( '259375214', 1295 );
INSERT INTO public."CheapHerder_price" ( price_id, quantity, price ) values ( 1296, 7, 29.88 );
INSERT INTO public."CheapHerder_product_price" ( item_code_id, price_id_id ) values ( '259375214', 1296 );
INSERT INTO public."CheapHerder_price" ( price_id, quantity, price ) values ( 1297, 23, 28.83 );
INSERT INTO public."CheapHerder_product_price" ( item_code_id, price_id_id ) values ( '259375214', 1297 );
INSERT INTO public."CheapHerder_product" (item_code, product_name, category, description, quantity, package_size, gross_weight, image_url) values ('387606990', ' Wholeselling 100pcs/lot PCB A4 Thermal Transfer Paper/Board Making Thermal Transfer Paper', 'Other Welding Equipment', 'Description: Method of use: 1 . Using a laser printer print circuit boardwiring diagram to smooth of thethermaltransfer paper; 2.by making machine to 150 - 180 degrees celsius,the side of thermal transfer paper printed circuit deposited in copper clad plate,transfer; can also be used electric iron instead ofthe making machine, hand transfer; 3 after printed remove the transfer paper,put the copper clad plate into the ferric chloride solution for corrosion;', '1 Lot  (100 Piece/Lot)', '20.0 * 10.0 * 5.0 ( cm )', '0.9 ( kg )', 'http://www.dhresource.com/0x0s/f2-albu-g4-M01-4B-03-rBVaEVeCUEeAV2kaAAREsU3ih_w905.jpg/wholeselling-100pcs-lot-pcb-a4-thermal-transfer.jpg');
INSERT INTO public."CheapHerder_price" ( price_id, quantity, price ) values ( 1298, 1, 19.60 );
INSERT INTO public."CheapHerder_product_price" ( item_code_id, price_id_id ) values ( '387606990', 1298 );
INSERT INTO public."CheapHerder_price" ( price_id, quantity, price ) values ( 1299, 5, 16.58 );
INSERT INTO public."CheapHerder_product_price" ( item_code_id, price_id_id ) values ( '387606990', 1299 );
INSERT INTO public."CheapHerder_price" ( price_id, quantity, price ) values ( 1300, 14, 15.11 );
INSERT INTO public."CheapHerder_product_price" ( item_code_id, price_id_id ) values ( '387606990', 1300 );
INSERT INTO public."CheapHerder_price" ( price_id, quantity, price ) values ( 1301, 46, 14.59 );
INSERT INTO public."CheapHerder_product_price" ( item_code_id, price_id_id ) values ( '387606990', 1301 );
INSERT INTO public."CheapHerder_product" (item_code, product_name, category, description, quantity, package_size, gross_weight, image_url) values ('391116987', ' Free Shipping laser level wire Infrared Cross Line Laser Level Tape Measure 2.5 meter aluminum seat', 'Laser Levels', 'High Quality Hang shelves and cabinets, tiles and picture frames with accuracy projects horizontal or vertical laser light beam Locking 8-foot measuring tape. Standard and metric rulers', '1  Piece', '21.8 * 8.0 * 4.0 ( cm )', '0.2 ( kg )', 'http://www.dhresource.com/0x0s/f2-albu-g4-M01-EE-57-rBVaEVft_reAC_UxAAEgif5hHJM095.jpg/laser-level-wire-infrared-cross-line-laser.jpg');
INSERT INTO public."CheapHerder_price" ( price_id, quantity, price ) values ( 1302, 1, 17.37 );
INSERT INTO public."CheapHerder_product_price" ( item_code_id, price_id_id ) values ( '391116987', 1302 );
INSERT INTO public."CheapHerder_price" ( price_id, quantity, price ) values ( 1303, 3, 15.83 );
INSERT INTO public."CheapHerder_product_price" ( item_code_id, price_id_id ) values ( '391116987', 1303 );
INSERT INTO public."CheapHerder_price" ( price_id, quantity, price ) values ( 1304, 8, 15.27 );
INSERT INTO public."CheapHerder_product_price" ( item_code_id, price_id_id ) values ( '391116987', 1304 );
INSERT INTO public."CheapHerder_price" ( price_id, quantity, price ) values ( 1305, 10, 15.20 );
INSERT INTO public."CheapHerder_product_price" ( item_code_id, price_id_id ) values ( '391116987', 1305 );
INSERT INTO public."CheapHerder_price" ( price_id, quantity, price ) values ( 1306, 50, 14.08 );
INSERT INTO public."CheapHerder_product_price" ( item_code_id, price_id_id ) values ( '391116987', 1306 );
INSERT INTO public."CheapHerder_price" ( price_id, quantity, price ) values ( 1307, 1500, 12.96 );
INSERT INTO public."CheapHerder_product_price" ( item_code_id, price_id_id ) values ( '391116987', 1307 );
INSERT INTO public."CheapHerder_product" (item_code, product_name, category, description, quantity, package_size, gross_weight, image_url) values ('244882251', ' Wholesale-The original design of the metal free send silver Parker pen ball point pen writing convenient Executive Office 2pcs', 'Ballpoint Pens', 'Wholesale-The original design of the metal free send silver Parker pen ball point pen writing convenient Executive Office 2pcs', '1 Lot  (2 Piece/Lot)', '12.0 * 12.0 * 5.0 ( cm )', '0.1 ( kg )', 'http://www.dhresource.com/albu_1064364415_00-1.0x0/wholesale-the-original-design-of-the-metal.jpg');
INSERT INTO public."CheapHerder_price" ( price_id, quantity, price ) values ( 1308, 1, 14.71 );
INSERT INTO public."CheapHerder_product_price" ( item_code_id, price_id_id ) values ( '244882251', 1308 );
INSERT INTO public."CheapHerder_price" ( price_id, quantity, price ) values ( 1309, 2, 13.98 );
INSERT INTO public."CheapHerder_product_price" ( item_code_id, price_id_id ) values ( '244882251', 1309 );
INSERT INTO public."CheapHerder_price" ( price_id, quantity, price ) values ( 1310, 3, 13.54 );
INSERT INTO public."CheapHerder_product_price" ( item_code_id, price_id_id ) values ( '244882251', 1310 );
INSERT INTO public."CheapHerder_price" ( price_id, quantity, price ) values ( 1311, 10, 13.24 );
INSERT INTO public."CheapHerder_product_price" ( item_code_id, price_id_id ) values ( '244882251', 1311 );
INSERT INTO public."CheapHerder_price" ( price_id, quantity, price ) values ( 1312, 17, 12.07 );
INSERT INTO public."CheapHerder_product_price" ( item_code_id, price_id_id ) values ( '244882251', 1312 );
INSERT INTO public."CheapHerder_price" ( price_id, quantity, price ) values ( 1313, 57, 11.64 );
INSERT INTO public."CheapHerder_product_price" ( item_code_id, price_id_id ) values ( '244882251', 1313 );
INSERT INTO public."CheapHerder_product" (item_code, product_name, category, description, quantity, package_size, gross_weight, image_url) values ('396276816', ' ABS Environmental Adjustable LED Outdoor 220V Infrared PIR Motion Sensor Detector Wall Light Switch 12M Black', 'Sensors', 'Find More Sensors Information about ABS Environmental Adjustable LED Outdoor 220V Infrared PIR Motion Sensor Detector Wall Light Switch 12M Black,High Quality switch pro,China light switch remote control Suppliers, Cheap switch on your electric light from ELDOER Electric Manufacturer Store', '1  Piece', '16.0 * 6.0 * 5.0 ( cm )', '0.35 ( kg )', 'http://www.dhresource.com/0x0s/f2-albu-g5-M00-AA-77-rBVaI1ipDZWABgbMAACvKDj3D4A050.jpg/abs-environmental-adjustable-led-outdoor.jpg');
INSERT INTO public."CheapHerder_price" ( price_id, quantity, price ) values ( 1314, 1, 4.34 );
INSERT INTO public."CheapHerder_product_price" ( item_code_id, price_id_id ) values ( '396276816', 1314 );
INSERT INTO public."CheapHerder_price" ( price_id, quantity, price ) values ( 1315, 76, 3.95 );
INSERT INTO public."CheapHerder_product_price" ( item_code_id, price_id_id ) values ( '396276816', 1315 );
INSERT INTO public."CheapHerder_price" ( price_id, quantity, price ) values ( 1316, 263, 3.81 );
INSERT INTO public."CheapHerder_product_price" ( item_code_id, price_id_id ) values ( '396276816', 1316 );
INSERT INTO public."CheapHerder_product" (item_code, product_name, category, description, quantity, package_size, gross_weight, image_url) values ('387046459', ' Wholesale-Smart Electronics MB102 MB-102 Solderless Breadboard Power Supply Module 3.3V 5V for Arduino Board Diy Starter Kit', 'Integrated Circuits', 'Cheap module c, Buy Quality module system directly from China module output Suppliers: Please notice:If you choose China Post Ordinary Small Packet Plus,the tracking information will', '1 Lot  (17 Piece/Lot)', '5.0 * 5.0 * 25.0 ( cm )', '1.7 ( kg )', 'http://www.dhresource.com/0x0s/f2-albu-g4-M01-E0-1D-rBVaEVdyIziAVFXaAAHnYYlJWWg988.jpg/wholesale-smart-electronics-mb102-mb-102.jpg');
INSERT INTO public."CheapHerder_price" ( price_id, quantity, price ) values ( 1317, 1, 14.30 );
INSERT INTO public."CheapHerder_product_price" ( item_code_id, price_id_id ) values ( '387046459', 1317 );
INSERT INTO public."CheapHerder_price" ( price_id, quantity, price ) values ( 1318, 2, 13.87 );
INSERT INTO public."CheapHerder_product_price" ( item_code_id, price_id_id ) values ( '387046459', 1318 );
INSERT INTO public."CheapHerder_price" ( price_id, quantity, price ) values ( 1319, 16, 12.65 );
INSERT INTO public."CheapHerder_product_price" ( item_code_id, price_id_id ) values ( '387046459', 1319 );
INSERT INTO public."CheapHerder_price" ( price_id, quantity, price ) values ( 1320, 55, 12.20 );
INSERT INTO public."CheapHerder_product_price" ( item_code_id, price_id_id ) values ( '387046459', 1320 );
INSERT INTO public."CheapHerder_product" (item_code, product_name, category, description, quantity, package_size, gross_weight, image_url) values ('201858759', ' HYELEC MS2008A Professional Digital AC Clamp Meter 2000 Counts w%2F Back light Multimeter fluke Multimetro Clamps Leakage H11419', 'Multimeters', 'HYELEC MS2008A Professional Digital AC Clamp Meter 2000 Counts w%2F Back light Multimeter fluke Multimetro Clamps Leakage', '1  Piece', '23.0 * 11.0 * 6.0 ( cm )', '0.49 ( kg )', 'http://www.dhresource.com/albu_833720880_00-1.0x0/hyelec-ms2008a-professional-digital-ac-clamp.jpg');
INSERT INTO public."CheapHerder_price" ( price_id, quantity, price ) values ( 1321, 1, 29.71 );
INSERT INTO public."CheapHerder_product_price" ( item_code_id, price_id_id ) values ( '201858759', 1321 );
INSERT INTO public."CheapHerder_price" ( price_id, quantity, price ) values ( 1322, 5, 28.58 );
INSERT INTO public."CheapHerder_product_price" ( item_code_id, price_id_id ) values ( '201858759', 1322 );
INSERT INTO public."CheapHerder_price" ( price_id, quantity, price ) values ( 1323, 10, 27.50 );
INSERT INTO public."CheapHerder_product_price" ( item_code_id, price_id_id ) values ( '201858759', 1323 );
INSERT INTO public."CheapHerder_price" ( price_id, quantity, price ) values ( 1324, 12, 25.07 );
INSERT INTO public."CheapHerder_product_price" ( item_code_id, price_id_id ) values ( '201858759', 1324 );
INSERT INTO public."CheapHerder_price" ( price_id, quantity, price ) values ( 1325, 42, 24.19 );
INSERT INTO public."CheapHerder_product_price" ( item_code_id, price_id_id ) values ( '201858759', 1325 );
INSERT INTO public."CheapHerder_product" (item_code, product_name, category, description, quantity, package_size, gross_weight, image_url) values ('381359488', ' Mini Digital Multimeter with Buzzer Voltage Ampere Meter Test Probe DC AC LCD good quality low price', 'Multimeters', 'Package includes: 1xDigital MultImeter (not include battery) 1xOperator''s instruction manual K type thermoelectric couple(Optional)', '1  Piece', '11.0 * 11.0 * 11.0 ( cm )', '0.1 ( kg )', 'http://www.dhresource.com/0x0s/f2-albu-g4-M01-30-D9-rBVaEFcwnOyACf_FAAPwP_qoaMc085.jpg/mini-digital-multimeter-with-buzzer-voltage.jpg');
INSERT INTO public."CheapHerder_price" ( price_id, quantity, price ) values ( 1326, 1, 4.00 );
INSERT INTO public."CheapHerder_product_price" ( item_code_id, price_id_id ) values ( '381359488', 1326 );
INSERT INTO public."CheapHerder_price" ( price_id, quantity, price ) values ( 1327, 83, 3.65 );
INSERT INTO public."CheapHerder_product_price" ( item_code_id, price_id_id ) values ( '381359488', 1327 );
INSERT INTO public."CheapHerder_price" ( price_id, quantity, price ) values ( 1328, 285, 3.52 );
INSERT INTO public."CheapHerder_product_price" ( item_code_id, price_id_id ) values ( '381359488', 1328 );
INSERT INTO public."CheapHerder_product" (item_code, product_name, category, description, quantity, package_size, gross_weight, image_url) values ('269387913', ' 100 pcs 10ml Centrifuge Tube Plastic EP Test Tubes Round Bottom Vials Lab Supplies Sample Container Free Shipping', 'Lab Supplies', 'Product details: 1. Name: 10 ml centrifuge tube; 2. Material: PP (polypropylene); 3. Use: one-time sample tube, used for laboratory analysis, can be used in centrifuge.', '1  Piece', '20.0 * 20.0 * 20.0 ( cm )', '0.5 ( kg )', 'http://www.dhresource.com/0x0s/f2-albu-g3-M00-48-D1-rBVaHFZlLzaAX5urAAB7kUE2WMY413.jpg/100-pcs-10ml-centrifuge-tube-plastic-ep-test.jpg');
INSERT INTO public."CheapHerder_price" ( price_id, quantity, price ) values ( 1329, 100, 0.15 );
INSERT INTO public."CheapHerder_product_price" ( item_code_id, price_id_id ) values ( '269387913', 1329 );
INSERT INTO public."CheapHerder_price" ( price_id, quantity, price ) values ( 1330, 500, 0.14 );
INSERT INTO public."CheapHerder_product_price" ( item_code_id, price_id_id ) values ( '269387913', 1330 );
INSERT INTO public."CheapHerder_price" ( price_id, quantity, price ) values ( 1331, 1000, 0.13 );
INSERT INTO public."CheapHerder_product_price" ( item_code_id, price_id_id ) values ( '269387913', 1331 );
INSERT INTO public."CheapHerder_price" ( price_id, quantity, price ) values ( 1332, 2216, 0.12 );
INSERT INTO public."CheapHerder_product_price" ( item_code_id, price_id_id ) values ( '269387913', 1332 );
INSERT INTO public."CheapHerder_price" ( price_id, quantity, price ) values ( 1333, 7654, 0.12 );
INSERT INTO public."CheapHerder_product_price" ( item_code_id, price_id_id ) values ( '269387913', 1333 );
INSERT INTO public."CheapHerder_product" (item_code, product_name, category, description, quantity, package_size, gross_weight, image_url) values ('381604735', ' high precision Digital LCD display 0.001g * 20g Weighing Gem balance weigh Jewelry Diamond pocket Milligram +tweezer+ farmar Electronic Gram', 'Weighing Scales', 'high precision Digital LCD display 0.001g * 20g Weighing Gem balance weigh Jewelry Diamond pocket Milligram +tweezer+ farmar Electronic Gram Scales', '1  Piece', '12.0 * 12.0 * 12.0 ( cm )', '0.16 ( kg )', 'http://www.dhresource.com/0x0s/f2-albu-g4-M00-A2-33-rBVaEVc1RXaAVkLZAACxzZojcXo024.jpg/high-precision-digital-lcd-display-0-001g.jpg');
INSERT INTO public."CheapHerder_price" ( price_id, quantity, price ) values ( 1334, 1, 13.15 );
INSERT INTO public."CheapHerder_product_price" ( item_code_id, price_id_id ) values ( '381604735', 1334 );
INSERT INTO public."CheapHerder_price" ( price_id, quantity, price ) values ( 1335, 26, 11.98 );
INSERT INTO public."CheapHerder_product_price" ( item_code_id, price_id_id ) values ( '381604735', 1335 );
INSERT INTO public."CheapHerder_price" ( price_id, quantity, price ) values ( 1336, 87, 11.56 );
INSERT INTO public."CheapHerder_product_price" ( item_code_id, price_id_id ) values ( '381604735', 1336 );
INSERT INTO public."CheapHerder_product" (item_code, product_name, category, description, quantity, package_size, gross_weight, image_url) values ('401539424', ' Luxury 14K Ultra Black Classique Roller Ball Pen Fashion Brand MT School Office Stationery Pens', 'Ballpoint Pens', 'Best gift for your friends or your family! Great for collection! Unique design and 100% Brand New! Features of exquisite workmanship, dignified style, smooth and comfortable writing, extraordinary design make Pen into an exquisite work of art.', '1  Piece', '25.0 * 25.0 * 10.0 ( cm )', '0.2 ( kg )', 'http://www.dhresource.com/0x0s/f2-albu-g5-M00-33-69-rBVaJFlTIA2AHFPAAADZ0fWI4VE229.jpg/luxury-14k-ultra-black-classique-roller-ball.jpg');
INSERT INTO public."CheapHerder_price" ( price_id, quantity, price ) values ( 1337, 1, 16.67 );
INSERT INTO public."CheapHerder_product_price" ( item_code_id, price_id_id ) values ( '401539424', 1337 );
INSERT INTO public."CheapHerder_price" ( price_id, quantity, price ) values ( 1338, 2, 16.32 );
INSERT INTO public."CheapHerder_product_price" ( item_code_id, price_id_id ) values ( '401539424', 1338 );
INSERT INTO public."CheapHerder_price" ( price_id, quantity, price ) values ( 1339, 5, 15.18 );
INSERT INTO public."CheapHerder_product_price" ( item_code_id, price_id_id ) values ( '401539424', 1339 );
INSERT INTO public."CheapHerder_price" ( price_id, quantity, price ) values ( 1340, 10, 14.72 );
INSERT INTO public."CheapHerder_product_price" ( item_code_id, price_id_id ) values ( '401539424', 1340 );
INSERT INTO public."CheapHerder_price" ( price_id, quantity, price ) values ( 1341, 23, 13.42 );
INSERT INTO public."CheapHerder_product_price" ( item_code_id, price_id_id ) values ( '401539424', 1341 );
INSERT INTO public."CheapHerder_price" ( price_id, quantity, price ) values ( 1342, 78, 12.95 );
INSERT INTO public."CheapHerder_product_price" ( item_code_id, price_id_id ) values ( '401539424', 1342 );
INSERT INTO public."CheapHerder_product" (item_code, product_name, category, description, quantity, package_size, gross_weight, image_url) values ('404430167', ' USB Charger Cable for iPhone 5 5s 6 6s iPad SE for iPad Air Mini Wire 1.2 m Car Fast Charging Cord Mobile Phone Cables', 'Connectors, Plugs & Sockets', 'normalNotes before you buy Please verify the address, we only send the order address This product does not contain excessive tariffs and other taxes Due to light and shoot reasons, the product has a little color variation 2 m is low 2a Electric current, because over 1.5 meter, so there will reduce the current, it is normal. Less than 5 dollars. No tracking information. But the Russian State usually arrive within 30 working days, if not received the package, please contact me.', '1  Piece', '5.0 * 5.0 * 5.0 ( cm )', '0.1 ( kg )', 'http://www.dhresource.com/0x0s/f2-albu-g5-M00-91-63-rBVaJFmx_RWADP_EAAIYUSij3OE981.jpg/usb-charger-cable-for-iphone-5-5s-6-6s-ipad.jpg');
INSERT INTO public."CheapHerder_price" ( price_id, quantity, price ) values ( 1343, 1, 5.83 );
INSERT INTO public."CheapHerder_product_price" ( item_code_id, price_id_id ) values ( '404430167', 1343 );
INSERT INTO public."CheapHerder_price" ( price_id, quantity, price ) values ( 1344, 2, 4.38 );
INSERT INTO public."CheapHerder_product_price" ( item_code_id, price_id_id ) values ( '404430167', 1344 );
INSERT INTO public."CheapHerder_price" ( price_id, quantity, price ) values ( 1345, 5, 3.89 );
INSERT INTO public."CheapHerder_product_price" ( item_code_id, price_id_id ) values ( '404430167', 1345 );
INSERT INTO public."CheapHerder_price" ( price_id, quantity, price ) values ( 1346, 10, 3.40 );
INSERT INTO public."CheapHerder_product_price" ( item_code_id, price_id_id ) values ( '404430167', 1346 );
INSERT INTO public."CheapHerder_price" ( price_id, quantity, price ) values ( 1347, 83, 3.10 );
INSERT INTO public."CheapHerder_product_price" ( item_code_id, price_id_id ) values ( '404430167', 1347 );
INSERT INTO public."CheapHerder_price" ( price_id, quantity, price ) values ( 1348, 285, 2.99 );
INSERT INTO public."CheapHerder_product_price" ( item_code_id, price_id_id ) values ( '404430167', 1348 );
INSERT INTO public."CheapHerder_product" (item_code, product_name, category, description, quantity, package_size, gross_weight, image_url) values ('239759237', ' Electrical Machine 12V 2RPM 2 Pin Connector DC Reduce Geared Motor', 'Motors', '40GB 2RPM DC 12V Speed Reduce Geared Box Motor for Electrical Machine', '1  Piece', '20.0 * 20.0 * 5.0 ( cm )', '0.103 ( kg )', 'http://www.dhresource.com/albu_960444996_00-1.0x0/electrical-machine-12v-2rpm-2-pin-connector.jpg');
INSERT INTO public."CheapHerder_price" ( price_id, quantity, price ) values ( 1349, 3, 12.52 );
INSERT INTO public."CheapHerder_product_price" ( item_code_id, price_id_id ) values ( '239759237', 1349 );
INSERT INTO public."CheapHerder_price" ( price_id, quantity, price ) values ( 1350, 5, 11.89 );
INSERT INTO public."CheapHerder_product_price" ( item_code_id, price_id_id ) values ( '239759237', 1350 );
INSERT INTO public."CheapHerder_price" ( price_id, quantity, price ) values ( 1351, 10, 11.51 );
INSERT INTO public."CheapHerder_product_price" ( item_code_id, price_id_id ) values ( '239759237', 1351 );
INSERT INTO public."CheapHerder_price" ( price_id, quantity, price ) values ( 1352, 20, 11.27 );
INSERT INTO public."CheapHerder_product_price" ( item_code_id, price_id_id ) values ( '239759237', 1352 );
INSERT INTO public."CheapHerder_price" ( price_id, quantity, price ) values ( 1353, 30, 10.28 );
INSERT INTO public."CheapHerder_product_price" ( item_code_id, price_id_id ) values ( '239759237', 1353 );
INSERT INTO public."CheapHerder_price" ( price_id, quantity, price ) values ( 1354, 101, 9.91 );
INSERT INTO public."CheapHerder_product_price" ( item_code_id, price_id_id ) values ( '239759237', 1354 );
INSERT INTO public."CheapHerder_product" (item_code, product_name, category, description, quantity, package_size, gross_weight, image_url) values ('401119577', ' Multi-Angle Ruler Angle-izer Template Tool Angleizer Angle Template Tool Multi-Angle Ruler Flooring Template Tool 50pcs', 'Tape Measures', 'Multi-Angle Ruler Angle-izer Template Tool Angleizer Angle Template Tool Multi-Angle Ruler Flooring Template Tool', '1  Piece', '11.0 * 11.0 * 11.0 ( cm )', '0.01 ( kg )', 'http://www.dhresource.com/0x0s/f2-albu-g5-M01-9A-A1-rBVaI1lFDqmAcjuCAAMP6grswTM921.jpg/multi-angle-ruler-angle-izer-template-tool.jpg');
INSERT INTO public."CheapHerder_price" ( price_id, quantity, price ) values ( 1355, 50, 1.91 );
INSERT INTO public."CheapHerder_product_price" ( item_code_id, price_id_id ) values ( '401119577', 1355 );
INSERT INTO public."CheapHerder_price" ( price_id, quantity, price ) values ( 1356, 120, 1.91 );
INSERT INTO public."CheapHerder_product_price" ( item_code_id, price_id_id ) values ( '401119577', 1356 );
INSERT INTO public."CheapHerder_price" ( price_id, quantity, price ) values ( 1357, 151, 1.73 );
INSERT INTO public."CheapHerder_product_price" ( item_code_id, price_id_id ) values ( '401119577', 1357 );
INSERT INTO public."CheapHerder_price" ( price_id, quantity, price ) values ( 1358, 300, 1.38 );
INSERT INTO public."CheapHerder_product_price" ( item_code_id, price_id_id ) values ( '401119577', 1358 );
INSERT INTO public."CheapHerder_price" ( price_id, quantity, price ) values ( 1359, 600, 1.32 );
INSERT INTO public."CheapHerder_product_price" ( item_code_id, price_id_id ) values ( '401119577', 1359 );
INSERT INTO public."CheapHerder_price" ( price_id, quantity, price ) values ( 1360, 687, 1.27 );
INSERT INTO public."CheapHerder_product_price" ( item_code_id, price_id_id ) values ( '401119577', 1360 );
INSERT INTO public."CheapHerder_product" (item_code, product_name, category, description, quantity, package_size, gross_weight, image_url) values ('185302239', ' PS-3005D Variable 30V 5A DC Power Supply Source Equipment Machine For Lab with 4 digital display for current and voltage 110V/220', 'Other Measuring & Analysing Instruments', 'under output at full capacity condition, long-firing operation.constant voltage, stationary stream automatic cut over.low ripple voltage.LED demonstration output voltage and electric current', '1  Piece', '30.0 * 18.0 * 13.0 ( cm )', '6.0 ( kg )', 'http://www.dhresource.com/albu_603105176_00-1.0x0/ps-3005d-variable-30v-5a-dc-power-supply.jpg');
INSERT INTO public."CheapHerder_price" ( price_id, quantity, price ) values ( 1361, 1, 183.11 );
INSERT INTO public."CheapHerder_product_price" ( item_code_id, price_id_id ) values ( '185302239', 1361 );
INSERT INTO public."CheapHerder_price" ( price_id, quantity, price ) values ( 1362, 2, 166.90 );
INSERT INTO public."CheapHerder_product_price" ( item_code_id, price_id_id ) values ( '185302239', 1362 );
INSERT INTO public."CheapHerder_price" ( price_id, quantity, price ) values ( 1363, 6, 161.03 );
INSERT INTO public."CheapHerder_product_price" ( item_code_id, price_id_id ) values ( '185302239', 1363 );
INSERT INTO public."CheapHerder_product" (item_code, product_name, category, description, quantity, package_size, gross_weight, image_url) values ('396498292', ' Pigma Micron Pens 9 Assorted Nib Size Micro-Line Ultra Fine Point Ink Pens Permanent Art Markers Manga Comic Sketching Drawing Brush Set', 'Markers', 'The Pigment Liner Set is great for writing, sketching, and drawing The metal-sheathed porous point smoothly lays down in a series of popular line widths to suit every need, from creating fine lines and capturing delicate details, to creating broad strokes for depth and definition Quick-drying, permanent, acid-free ink is smear-resistant, water-resistant, and fade-resistant 9 sizes are available: 0.05mm, 0.1mm, 0.2mm, 0.3mm, 0.4mm, 0.5mm, 0.6mm, 0.8mm, Brush', '1 Lot  (9 Piece/Lot)', '20.0 * 20.0 * 20.0 ( cm )', '0.2 ( kg )', 'http://www.dhresource.com/0x0s/f2-albu-g5-M00-6F-04-rBVaI1ixAEiAU3MXAAESWvN7Buw045.jpg/pigma-micron-pens-9-assorted-nib-size-micro.jpg');
INSERT INTO public."CheapHerder_price" ( price_id, quantity, price ) values ( 1364, 1, 10.23 );
INSERT INTO public."CheapHerder_product_price" ( item_code_id, price_id_id ) values ( '396498292', 1364 );
INSERT INTO public."CheapHerder_price" ( price_id, quantity, price ) values ( 1365, 8, 9.14 );
INSERT INTO public."CheapHerder_product_price" ( item_code_id, price_id_id ) values ( '396498292', 1365 );
INSERT INTO public."CheapHerder_price" ( price_id, quantity, price ) values ( 1366, 20, 8.56 );
INSERT INTO public."CheapHerder_product_price" ( item_code_id, price_id_id ) values ( '396498292', 1366 );
INSERT INTO public."CheapHerder_price" ( price_id, quantity, price ) values ( 1367, 35, 8.34 );
INSERT INTO public."CheapHerder_product_price" ( item_code_id, price_id_id ) values ( '396498292', 1367 );
INSERT INTO public."CheapHerder_price" ( price_id, quantity, price ) values ( 1368, 40, 7.60 );
INSERT INTO public."CheapHerder_product_price" ( item_code_id, price_id_id ) values ( '396498292', 1368 );
INSERT INTO public."CheapHerder_price" ( price_id, quantity, price ) values ( 1369, 137, 7.33 );
INSERT INTO public."CheapHerder_product_price" ( item_code_id, price_id_id ) values ( '396498292', 1369 );
INSERT INTO public."CheapHerder_product" (item_code, product_name, category, description, quantity, package_size, gross_weight, image_url) values ('404116681', ' MB-163 M.Stuck Super AAA+ High Quality Office School Stationery Silver Steel Wiredrawing Metal Ballpoint Pen', 'Ballpoint Pens', 'High quality germany pen with white serial numbers , 0.7mm black ink refill free shipping classique pen', '1  Piece', '20.0 * 10.0 * 3.0 ( cm )', '0.08 ( kg )', 'http://www.dhresource.com/0x0s/f2-albu-g5-M01-09-C0-rBVaJFmmwnmAUhk-AAHjrYlMMxg450.jpg/mb-163-m-stuck-super-aaa-high-quality-office.jpg');
INSERT INTO public."CheapHerder_price" ( price_id, quantity, price ) values ( 1370, 1, 13.08 );
INSERT INTO public."CheapHerder_product_price" ( item_code_id, price_id_id ) values ( '404116681', 1370 );
INSERT INTO public."CheapHerder_price" ( price_id, quantity, price ) values ( 1371, 5, 12.43 );
INSERT INTO public."CheapHerder_product_price" ( item_code_id, price_id_id ) values ( '404116681', 1371 );
INSERT INTO public."CheapHerder_price" ( price_id, quantity, price ) values ( 1372, 24, 11.33 );
INSERT INTO public."CheapHerder_product_price" ( item_code_id, price_id_id ) values ( '404116681', 1372 );
INSERT INTO public."CheapHerder_price" ( price_id, quantity, price ) values ( 1373, 81, 10.93 );
INSERT INTO public."CheapHerder_product_price" ( item_code_id, price_id_id ) values ( '404116681', 1373 );
INSERT INTO public."CheapHerder_product" (item_code, product_name, category, description, quantity, package_size, gross_weight, image_url) values ('402902457', ' paper gift bags gift bags wedding favor bags wedding gifts for guests party gift bag party favor bag', 'Packing Bags', 'Size S, 15*14*7cm 5.9*5.5*2.75inch M, 20*20*8cm 7.87*7.87*3.15inch L, 30*27*12cm 11.8*10.6*4.72inch. if your order quantity is more than 500pc, we can print your logo, thanks.', '1  Piece', '25.0 * 20.0 * 18.0 ( cm )', '0.1 ( kg )', 'http://www.dhresource.com/0x0s/f2-albu-g5-M00-C9-4D-rBVaJFl_FQmAMNi1AAG9d-BxymM074.jpg/paper-gift-bags-gift-bags-wedding-favor-bags.jpg');
INSERT INTO public."CheapHerder_price" ( price_id, quantity, price ) values ( 1374, 50, 0.72 );
INSERT INTO public."CheapHerder_product_price" ( item_code_id, price_id_id ) values ( '402902457', 1374 );
INSERT INTO public."CheapHerder_price" ( price_id, quantity, price ) values ( 1375, 100, 0.66 );
INSERT INTO public."CheapHerder_product_price" ( item_code_id, price_id_id ) values ( '402902457', 1375 );
INSERT INTO public."CheapHerder_price" ( price_id, quantity, price ) values ( 1376, 200, 0.62 );
INSERT INTO public."CheapHerder_product_price" ( item_code_id, price_id_id ) values ( '402902457', 1376 );
INSERT INTO public."CheapHerder_price" ( price_id, quantity, price ) values ( 1377, 300, 0.58 );
INSERT INTO public."CheapHerder_product_price" ( item_code_id, price_id_id ) values ( '402902457', 1377 );
INSERT INTO public."CheapHerder_price" ( price_id, quantity, price ) values ( 1378, 576, 0.53 );
INSERT INTO public."CheapHerder_product_price" ( item_code_id, price_id_id ) values ( '402902457', 1378 );
INSERT INTO public."CheapHerder_price" ( price_id, quantity, price ) values ( 1379, 1990, 0.51 );
INSERT INTO public."CheapHerder_product_price" ( item_code_id, price_id_id ) values ( '402902457', 1379 );
INSERT INTO public."CheapHerder_product" (item_code, product_name, category, description, quantity, package_size, gross_weight, image_url) values ('392828191', ' 1PCS 500g x 0.01g Digital Pocket Scale Jewelry Weight Electronic Balance Scale g/ oz/ ct/ gn Precision Free Shipping', 'Weighing Scales', 'Model i2000 weighing range 500g / 0.01g Dimensions 127 * 106 * 19mm Measurement method of electronic power supply 1.5v * 2 7, the use of multi-purpose battery products Backlit LED blue backlight', '1  Piece', '30.0 * 30.0 * 30.0 ( cm )', '0.2 ( kg )', 'http://www.dhresource.com/0x0s/f2-albu-g5-M01-CF-0D-rBVaJFgkbKCAEQIQAABznY_yloU634.jpg/1pcs-500g-x-0-01g-digital-pocket-scale-jewelry.jpg');
INSERT INTO public."CheapHerder_price" ( price_id, quantity, price ) values ( 1380, 1, 15.95 );
INSERT INTO public."CheapHerder_product_price" ( item_code_id, price_id_id ) values ( '392828191', 1380 );
INSERT INTO public."CheapHerder_price" ( price_id, quantity, price ) values ( 1381, 20, 14.54 );
INSERT INTO public."CheapHerder_product_price" ( item_code_id, price_id_id ) values ( '392828191', 1381 );
INSERT INTO public."CheapHerder_price" ( price_id, quantity, price ) values ( 1382, 60, 7.37 );
INSERT INTO public."CheapHerder_product_price" ( item_code_id, price_id_id ) values ( '392828191', 1382 );
INSERT INTO public."CheapHerder_price" ( price_id, quantity, price ) values ( 1383, 100, 7.27 );
INSERT INTO public."CheapHerder_product_price" ( item_code_id, price_id_id ) values ( '392828191', 1383 );
INSERT INTO public."CheapHerder_price" ( price_id, quantity, price ) values ( 1384, 133, 7.01 );
INSERT INTO public."CheapHerder_product_price" ( item_code_id, price_id_id ) values ( '392828191', 1384 );